[2026-04-25 21:22:20] Agent-Beta (Adaptive B10 Planner) started.
[2026-04-25 21:22:20] Waiting for B8 results (['expGGG', 'expHHH']) + B9 results (['expIII', 'expJJJ', 'expKKK', 'expLLL', 'expMMM'])...
[2026-04-25 21:22:20] Waiting... B8 missing=['expGGG', 'expHHH'], B9 missing=['expIII', 'expJJJ', 'expKKK', 'expLLL', 'expMMM']
[2026-04-25 21:22:20]   ⏳ expGGG: step 11/125
[2026-04-25 21:22:20]   ⏳ expHHH: step 11/150
[2026-04-25 21:22:20]   ⏳ expIII: step 19/125
[2026-04-25 21:22:20]   ⏳ expJJJ: step 19/150
[2026-04-25 21:22:20]   ⏳ expKKK: step 19/125
[2026-04-25 21:22:20]   ⏳ expLLL: step 30/125
[2026-04-25 21:22:20]   ⏳ expMMM: step 18/125
[2026-04-25 21:24:20] Waiting... B8 missing=['expGGG', 'expHHH'], B9 missing=['expIII', 'expJJJ', 'expKKK', 'expLLL', 'expMMM']
[2026-04-25 21:24:20]   ⏳ expGGG: step 13/125
[2026-04-25 21:24:20]   ⏳ expHHH: step 13/150
[2026-04-25 21:24:20]   ⏳ expIII: step 22/125
[2026-04-25 21:24:20]   ⏳ expJJJ: step 21/150
[2026-04-25 21:24:20]   ⏳ expKKK: step 22/125
[2026-04-25 21:24:20]   ⏳ expLLL: step 34/125
[2026-04-25 21:24:20]   ⏳ expMMM: step 21/125
[2026-04-25 21:26:20] Waiting... B8 missing=['expGGG', 'expHHH'], B9 missing=['expIII', 'expJJJ', 'expKKK', 'expLLL', 'expMMM']
[2026-04-25 21:26:20]   ⏳ expGGG: step 14/125
[2026-04-25 21:26:20]   ⏳ expHHH: step 14/150
[2026-04-25 21:26:20]   ⏳ expIII: step 25/125
[2026-04-25 21:26:20]   ⏳ expJJJ: step 24/150
[2026-04-25 21:26:20]   ⏳ expKKK: step 24/125
[2026-04-25 21:26:20]   ⏳ expLLL: step 39/125
[2026-04-25 21:26:20]   ⏳ expMMM: step 24/125
[2026-04-25 21:28:20] Waiting... B8 missing=['expGGG', 'expHHH'], B9 missing=['expIII', 'expJJJ', 'expKKK', 'expLLL', 'expMMM']
[2026-04-25 21:28:20]   ⏳ expGGG: step 15/125
[2026-04-25 21:28:20]   ⏳ expHHH: step 15/150
[2026-04-25 21:28:20]   ⏳ expIII: step 27/125
[2026-04-25 21:28:20]   ⏳ expJJJ: step 27/150
[2026-04-25 21:28:20]   ⏳ expKKK: step 27/125
[2026-04-25 21:28:20]   ⏳ expLLL: step 44/125
[2026-04-25 21:28:20]   ⏳ expMMM: step 27/125
[2026-04-25 21:30:20] Waiting... B8 missing=['expGGG', 'expHHH'], B9 missing=['expIII', 'expJJJ', 'expKKK', 'expLLL', 'expMMM']
[2026-04-25 21:30:20]   ⏳ expGGG: step 17/125
[2026-04-25 21:30:20]   ⏳ expHHH: step 17/150
[2026-04-25 21:30:20]   ⏳ expIII: step 30/125
[2026-04-25 21:30:20]   ⏳ expJJJ: step 30/150
[2026-04-25 21:30:20]   ⏳ expKKK: step 30/125
[2026-04-25 21:30:20]   ⏳ expLLL: step 48/125
[2026-04-25 21:30:20]   ⏳ expMMM: step 30/125
[2026-04-25 21:32:20] Waiting... B8 missing=['expGGG', 'expHHH'], B9 missing=['expIII', 'expJJJ', 'expKKK', 'expLLL', 'expMMM']
[2026-04-25 21:32:20]   ⏳ expGGG: step 18/125
[2026-04-25 21:32:20]   ⏳ expHHH: step 18/150
[2026-04-25 21:32:20]   ⏳ expIII: step 33/125
[2026-04-25 21:32:20]   ⏳ expJJJ: step 33/150
[2026-04-25 21:32:20]   ⏳ expKKK: step 33/125
[2026-04-25 21:32:20]   ⏳ expLLL: step 52/125
[2026-04-25 21:32:20]   ⏳ expMMM: step 33/125
[2026-04-25 21:34:21] Waiting... B8 missing=['expGGG', 'expHHH'], B9 missing=['expIII', 'expJJJ', 'expKKK', 'expLLL', 'expMMM']
[2026-04-25 21:34:21]   ⏳ expGGG: step 19/125
[2026-04-25 21:34:21]   ⏳ expHHH: step 19/150
[2026-04-25 21:34:21]   ⏳ expIII: step 36/125
[2026-04-25 21:34:21]   ⏳ expJJJ: step 36/150
[2026-04-25 21:34:21]   ⏳ expKKK: step 36/125
[2026-04-25 21:34:21]   ⏳ expLLL: step 57/125
[2026-04-25 21:34:21]   ⏳ expMMM: step 36/125
[2026-04-25 21:36:21] Waiting... B8 missing=['expGGG', 'expHHH'], B9 missing=['expIII', 'expJJJ', 'expKKK', 'expLLL', 'expMMM']
[2026-04-25 21:36:21]   ⏳ expGGG: step 21/125
[2026-04-25 21:36:21]   ⏳ expHHH: step 20/150
[2026-04-25 21:36:21]   ⏳ expIII: step 39/125
[2026-04-25 21:36:21]   ⏳ expJJJ: step 39/150
[2026-04-25 21:36:21]   ⏳ expKKK: step 39/125
[2026-04-25 21:36:21]   ⏳ expLLL: step 62/125
[2026-04-25 21:36:21]   ⏳ expMMM: step 38/125
[2026-04-25 21:38:21] Waiting... B8 missing=['expGGG', 'expHHH'], B9 missing=['expIII', 'expJJJ', 'expKKK', 'expLLL', 'expMMM']
[2026-04-25 21:38:21]   ⏳ expGGG: step 22/125
[2026-04-25 21:38:21]   ⏳ expHHH: step 22/150
[2026-04-25 21:38:21]   ⏳ expIII: step 42/125
[2026-04-25 21:38:21]   ⏳ expJJJ: step 42/150
[2026-04-25 21:38:21]   ⏳ expKKK: step 42/125
[2026-04-25 21:38:21]   ⏳ expLLL: step 66/125
[2026-04-25 21:38:21]   ⏳ expMMM: step 41/125
[2026-04-25 21:40:21] Waiting... B8 missing=['expGGG', 'expHHH'], B9 missing=['expIII', 'expJJJ', 'expKKK', 'expLLL', 'expMMM']
[2026-04-25 21:40:21]   ⏳ expGGG: step 23/125
[2026-04-25 21:40:21]   ⏳ expHHH: step 23/150
[2026-04-25 21:40:21]   ⏳ expIII: step 45/125
[2026-04-25 21:40:21]   ⏳ expJJJ: step 45/150
[2026-04-25 21:40:21]   ⏳ expKKK: step 45/125
[2026-04-25 21:40:21]   ⏳ expLLL: step 71/125
[2026-04-25 21:40:21]   ⏳ expMMM: step 44/125
[2026-04-25 21:42:21] Waiting... B8 missing=['expGGG', 'expHHH'], B9 missing=['expIII', 'expJJJ', 'expKKK', 'expLLL', 'expMMM']
[2026-04-25 21:42:21]   ⏳ expGGG: step 24/125
[2026-04-25 21:42:21]   ⏳ expHHH: step 24/150
[2026-04-25 21:42:21]   ⏳ expIII: step 48/125
[2026-04-25 21:42:21]   ⏳ expJJJ: step 47/150
[2026-04-25 21:42:21]   ⏳ expKKK: step 47/125
[2026-04-25 21:42:21]   ⏳ expLLL: step 75/125
[2026-04-25 21:42:21]   ⏳ expMMM: step 47/125
[2026-04-25 21:44:21] Waiting... B8 missing=['expGGG', 'expHHH'], B9 missing=['expIII', 'expJJJ', 'expKKK', 'expLLL', 'expMMM']
[2026-04-25 21:44:21]   ⏳ expGGG: step 26/125
[2026-04-25 21:44:21]   ⏳ expHHH: step 26/150
[2026-04-25 21:44:21]   ⏳ expIII: step 51/125
[2026-04-25 21:44:21]   ⏳ expJJJ: step 50/150
[2026-04-25 21:44:21]   ⏳ expKKK: step 50/125
[2026-04-25 21:44:21]   ⏳ expLLL: step 80/125
[2026-04-25 21:44:21]   ⏳ expMMM: step 50/125
[2026-04-25 21:46:21] Waiting... B8 missing=['expGGG', 'expHHH'], B9 missing=['expIII', 'expJJJ', 'expKKK', 'expLLL', 'expMMM']
[2026-04-25 21:46:21]   ⏳ expGGG: step 27/125
[2026-04-25 21:46:21]   ⏳ expHHH: step 27/150
[2026-04-25 21:46:21]   ⏳ expIII: step 53/125
[2026-04-25 21:46:21]   ⏳ expJJJ: step 53/150
[2026-04-25 21:46:21]   ⏳ expKKK: step 53/125
[2026-04-25 21:46:21]   ⏳ expLLL: step 85/125
[2026-04-25 21:46:21]   ⏳ expMMM: step 53/125
[2026-04-25 21:48:21] Waiting... B8 missing=['expGGG', 'expHHH'], B9 missing=['expIII', 'expJJJ', 'expKKK', 'expLLL', 'expMMM']
[2026-04-25 21:48:21]   ⏳ expGGG: step 28/125
[2026-04-25 21:48:21]   ⏳ expHHH: step 28/150
[2026-04-25 21:48:21]   ⏳ expIII: step 56/125
[2026-04-25 21:48:21]   ⏳ expJJJ: step 56/150
[2026-04-25 21:48:22]   ⏳ expKKK: step 56/125
[2026-04-25 21:48:22]   ⏳ expLLL: step 89/125
[2026-04-25 21:48:22]   ⏳ expMMM: step 56/125
[2026-04-25 21:50:22] Waiting... B8 missing=['expGGG', 'expHHH'], B9 missing=['expIII', 'expJJJ', 'expKKK', 'expLLL', 'expMMM']
[2026-04-25 21:50:22]   ⏳ expGGG: step 30/125
[2026-04-25 21:50:22]   ⏳ expHHH: step 30/150
[2026-04-25 21:50:22]   ⏳ expIII: step 59/125
[2026-04-25 21:50:22]   ⏳ expJJJ: step 59/150
[2026-04-25 21:50:22]   ⏳ expKKK: step 59/125
[2026-04-25 21:50:22]   ⏳ expLLL: step 94/125
[2026-04-25 21:50:22]   ⏳ expMMM: step 58/125
[2026-04-25 21:52:22] Waiting... B8 missing=['expGGG', 'expHHH'], B9 missing=['expIII', 'expJJJ', 'expKKK', 'expLLL', 'expMMM']
[2026-04-25 21:52:22]   ⏳ expGGG: step 31/125
[2026-04-25 21:52:22]   ⏳ expHHH: step 31/150
[2026-04-25 21:52:22]   ⏳ expIII: step 62/125
[2026-04-25 21:52:22]   ⏳ expJJJ: step 62/150
[2026-04-25 21:52:22]   ⏳ expKKK: step 62/125
[2026-04-25 21:52:22]   ⏳ expLLL: step 99/125
[2026-04-25 21:52:22]   ⏳ expMMM: step 61/125
[2026-04-25 21:54:22] Waiting... B8 missing=['expGGG', 'expHHH'], B9 missing=['expIII', 'expJJJ', 'expKKK', 'expLLL', 'expMMM']
[2026-04-25 21:54:22]   ⏳ expGGG: step 32/125
[2026-04-25 21:54:22]   ⏳ expHHH: step 32/150
[2026-04-25 21:54:22]   ⏳ expIII: step 65/125
[2026-04-25 21:54:22]   ⏳ expJJJ: step 65/150
[2026-04-25 21:54:22]   ⏳ expKKK: step 65/125
[2026-04-25 21:54:22]   ⏳ expLLL: step 103/125
[2026-04-25 21:54:23]   ⏳ expMMM: step 64/125
[2026-04-25 21:56:23] Waiting... B8 missing=['expGGG', 'expHHH'], B9 missing=['expIII', 'expJJJ', 'expKKK', 'expLLL', 'expMMM']
[2026-04-25 21:56:23]   ⏳ expGGG: step 33/125
[2026-04-25 21:56:23]   ⏳ expHHH: step 34/150
[2026-04-25 21:56:23]   ⏳ expIII: step 68/125
[2026-04-25 21:56:23]   ⏳ expJJJ: step 68/150
[2026-04-25 21:56:23]   ⏳ expKKK: step 68/125
[2026-04-25 21:56:23]   ⏳ expLLL: step 108/125
[2026-04-25 21:56:23]   ⏳ expMMM: step 67/125
[2026-04-25 21:58:23] Waiting... B8 missing=['expGGG', 'expHHH'], B9 missing=['expIII', 'expJJJ', 'expKKK', 'expLLL', 'expMMM']
[2026-04-25 21:58:23]   ⏳ expGGG: step 35/125
[2026-04-25 21:58:23]   ⏳ expHHH: step 35/150
[2026-04-25 21:58:23]   ⏳ expIII: step 71/125
[2026-04-25 21:58:23]   ⏳ expJJJ: step 70/150
[2026-04-25 21:58:23]   ⏳ expKKK: step 70/125
[2026-04-25 21:58:23]   ⏳ expLLL: step 112/125
[2026-04-25 21:58:23]   ⏳ expMMM: step 70/125
[2026-04-25 22:00:23] Waiting... B8 missing=['expGGG', 'expHHH'], B9 missing=['expIII', 'expJJJ', 'expKKK', 'expLLL', 'expMMM']
[2026-04-25 22:00:23]   ⏳ expGGG: step 36/125
[2026-04-25 22:00:23]   ⏳ expHHH: step 36/150
[2026-04-25 22:00:23]   ⏳ expIII: step 74/125
[2026-04-25 22:00:23]   ⏳ expJJJ: step 73/150
[2026-04-25 22:00:23]   ⏳ expKKK: step 73/125
[2026-04-25 22:00:23]   ⏳ expLLL: step 117/125
[2026-04-25 22:00:23]   ⏳ expMMM: step 73/125
[2026-04-25 22:02:23] Waiting... B8 missing=['expGGG', 'expHHH'], B9 missing=['expIII', 'expJJJ', 'expKKK', 'expLLL', 'expMMM']
[2026-04-25 22:02:23]   ⏳ expGGG: step 38/125
[2026-04-25 22:02:23]   ⏳ expHHH: step 37/150
[2026-04-25 22:02:23]   ⏳ expIII: step 77/125
[2026-04-25 22:02:24]   ⏳ expJJJ: step 76/150
[2026-04-25 22:02:24]   ⏳ expKKK: step 76/125
[2026-04-25 22:02:24]   ⏳ expLLL: step 122/125
[2026-04-25 22:02:24]   ⏳ expMMM: step 76/125
[2026-04-25 22:04:24] Waiting... B8 missing=['expGGG', 'expHHH'], B9 missing=['expIII', 'expJJJ', 'expKKK', 'expLLL', 'expMMM']
[2026-04-25 22:04:24]   ⏳ expGGG: step 39/125
[2026-04-25 22:04:24]   ⏳ expHHH: step 39/150
[2026-04-25 22:04:24]   ⏳ expIII: step 80/125
[2026-04-25 22:04:24]   ⏳ expJJJ: step 79/150
[2026-04-25 22:04:24]   ⏳ expKKK: step 79/125
[2026-04-25 22:04:24]   🔄 expLLL: training done, eval in progress...
[2026-04-25 22:04:24]   ⏳ expMMM: step 78/125
[2026-04-25 22:06:24] Waiting... B8 missing=['expGGG', 'expHHH'], B9 missing=['expIII', 'expJJJ', 'expKKK', 'expLLL', 'expMMM']
[2026-04-25 22:06:24]   ⏳ expGGG: step 40/125
[2026-04-25 22:06:24]   ⏳ expHHH: step 40/150
[2026-04-25 22:06:24]   ⏳ expIII: step 82/125
[2026-04-25 22:06:24]   ⏳ expJJJ: step 82/150
[2026-04-25 22:06:24]   ⏳ expKKK: step 82/125
[2026-04-25 22:06:24]   🔄 expLLL: training done, eval in progress...
[2026-04-25 22:06:24]   ⏳ expMMM: step 81/125
[2026-04-25 22:08:24] Waiting... B8 missing=['expGGG', 'expHHH'], B9 missing=['expIII', 'expJJJ', 'expKKK', 'expLLL', 'expMMM']
[2026-04-25 22:08:24]   ⏳ expGGG: step 41/125
[2026-04-25 22:08:24]   ⏳ expHHH: step 42/150
[2026-04-25 22:08:24]   ⏳ expIII: step 85/125
[2026-04-25 22:08:24]   ⏳ expJJJ: step 85/150
[2026-04-25 22:08:24]   ⏳ expKKK: step 85/125
[2026-04-25 22:08:24]   🔄 expLLL: training done, eval in progress...
[2026-04-25 22:08:25]   ⏳ expMMM: step 84/125
[2026-04-25 22:10:25] Waiting... B8 missing=['expGGG', 'expHHH'], B9 missing=['expIII', 'expJJJ', 'expKKK', 'expLLL', 'expMMM']
[2026-04-25 22:10:25]   ⏳ expGGG: step 43/125
[2026-04-25 22:10:25]   ⏳ expHHH: step 43/150
[2026-04-25 22:10:25]   ⏳ expIII: step 88/125
[2026-04-25 22:10:25]   ⏳ expJJJ: step 88/150
[2026-04-25 22:10:25]   ⏳ expKKK: step 88/125
[2026-04-25 22:10:25]   🔄 expLLL: training done, eval in progress...
[2026-04-25 22:10:25]   ⏳ expMMM: step 87/125
[2026-04-25 22:12:25] Waiting... B8 missing=['expGGG', 'expHHH'], B9 missing=['expIII', 'expJJJ', 'expKKK', 'expLLL', 'expMMM']
[2026-04-25 22:12:25]   ⏳ expGGG: step 44/125
[2026-04-25 22:12:25]   ⏳ expHHH: step 44/150
[2026-04-25 22:12:25]   ⏳ expIII: step 91/125
[2026-04-25 22:12:25]   ⏳ expJJJ: step 91/150
[2026-04-25 22:12:25]   ⏳ expKKK: step 91/125
[2026-04-25 22:12:25]   🔄 expLLL: training done, eval in progress...
[2026-04-25 22:12:25]   ⏳ expMMM: step 90/125
[2026-04-25 22:14:25] Waiting... B8 missing=['expGGG', 'expHHH'], B9 missing=['expIII', 'expJJJ', 'expKKK', 'expLLL', 'expMMM']
[2026-04-25 22:14:25]   ⏳ expGGG: step 45/125
[2026-04-25 22:14:25]   ⏳ expHHH: step 45/150
[2026-04-25 22:14:25]   ⏳ expIII: step 94/125
[2026-04-25 22:14:25]   ⏳ expJJJ: step 93/150
[2026-04-25 22:14:25]   ⏳ expKKK: step 94/125
[2026-04-25 22:14:25]   🔄 expLLL: training done, eval in progress...
[2026-04-25 22:14:25]   ⏳ expMMM: step 93/125
[2026-04-25 22:16:25] Waiting... B8 missing=['expGGG', 'expHHH'], B9 missing=['expIII', 'expJJJ', 'expKKK', 'expLLL', 'expMMM']
[2026-04-25 22:16:25]   ⏳ expGGG: step 47/125
[2026-04-25 22:16:25]   ⏳ expHHH: step 47/150
[2026-04-25 22:16:25]   ⏳ expIII: step 97/125
[2026-04-25 22:16:25]   ⏳ expJJJ: step 96/150
[2026-04-25 22:16:25]   ⏳ expKKK: step 96/125
[2026-04-25 22:16:25]   🔄 expLLL: training done, eval in progress...
[2026-04-25 22:16:25]   ⏳ expMMM: step 96/125
[2026-04-25 22:18:25] Waiting... B8 missing=['expGGG', 'expHHH'], B9 missing=['expIII', 'expJJJ', 'expKKK', 'expLLL', 'expMMM']
[2026-04-25 22:18:25]   ⏳ expGGG: step 48/125
[2026-04-25 22:18:26]   ⏳ expHHH: step 48/150
[2026-04-25 22:18:26]   ⏳ expIII: step 100/125
[2026-04-25 22:18:26]   ⏳ expJJJ: step 99/150
[2026-04-25 22:18:26]   ⏳ expKKK: step 99/125
[2026-04-25 22:18:26]   🔄 expLLL: training done, eval in progress...
[2026-04-25 22:18:26]   ⏳ expMMM: step 99/125
[2026-04-25 22:20:26] Waiting... B8 missing=['expGGG', 'expHHH'], B9 missing=['expIII', 'expJJJ', 'expKKK', 'expLLL', 'expMMM']
[2026-04-25 22:20:26]   ⏳ expGGG: step 49/125
[2026-04-25 22:20:26]   ⏳ expHHH: step 49/150
[2026-04-25 22:20:26]   ⏳ expIII: step 103/125
[2026-04-25 22:20:26]   ⏳ expJJJ: step 102/150
[2026-04-25 22:20:26]   ⏳ expKKK: step 102/125
[2026-04-25 22:20:26]   🔄 expLLL: training done, eval in progress...
[2026-04-25 22:20:26]   ⏳ expMMM: step 101/125
[2026-04-25 22:22:26] Waiting... B8 missing=['expGGG', 'expHHH'], B9 missing=['expIII', 'expJJJ', 'expKKK', 'expLLL', 'expMMM']
[2026-04-25 22:22:26]   ⏳ expGGG: step 50/125
[2026-04-25 22:22:26]   ⏳ expHHH: step 50/150
[2026-04-25 22:22:26]   ⏳ expIII: step 105/125
[2026-04-25 22:22:26]   ⏳ expJJJ: step 105/150
[2026-04-25 22:22:26]   ⏳ expKKK: step 105/125
[2026-04-25 22:22:26]   🔄 expLLL: training done, eval in progress...
[2026-04-25 22:22:26]   ⏳ expMMM: step 104/125
[2026-04-25 22:24:26] Waiting... B8 missing=['expGGG', 'expHHH'], B9 missing=['expIII', 'expJJJ', 'expKKK', 'expLLL', 'expMMM']
[2026-04-25 22:24:26]   ⏳ expGGG: step 52/125
[2026-04-25 22:24:26]   ⏳ expHHH: step 52/150
[2026-04-25 22:24:26]   ⏳ expIII: step 108/125
[2026-04-25 22:24:26]   ⏳ expJJJ: step 108/150
[2026-04-25 22:24:26]   ⏳ expKKK: step 108/125
[2026-04-25 22:24:26]   🔄 expLLL: training done, eval in progress...
[2026-04-25 22:24:26]   ⏳ expMMM: step 107/125
[2026-04-25 22:26:27] Waiting... B8 missing=['expGGG', 'expHHH'], B9 missing=['expIII', 'expJJJ', 'expKKK', 'expLLL', 'expMMM']
[2026-04-25 22:26:27]   ⏳ expGGG: step 53/125
[2026-04-25 22:26:27]   ⏳ expHHH: step 53/150
[2026-04-25 22:26:27]   ⏳ expIII: step 111/125
[2026-04-25 22:26:27]   ⏳ expJJJ: step 111/150
[2026-04-25 22:26:27]   ⏳ expKKK: step 111/125
[2026-04-25 22:26:27]   🔄 expLLL: training done, eval in progress...
[2026-04-25 22:26:27]   ⏳ expMMM: step 110/125
[2026-04-25 22:28:27] Waiting... B8 missing=['expGGG', 'expHHH'], B9 missing=['expIII', 'expJJJ', 'expKKK', 'expLLL', 'expMMM']
[2026-04-25 22:28:27]   ⏳ expGGG: step 54/125
[2026-04-25 22:28:27]   ⏳ expHHH: step 55/150
[2026-04-25 22:28:27]   ⏳ expIII: step 114/125
[2026-04-25 22:28:27]   ⏳ expJJJ: step 114/150
[2026-04-25 22:28:27]   ⏳ expKKK: step 114/125
[2026-04-25 22:28:27]   🔄 expLLL: training done, eval in progress...
[2026-04-25 22:28:27]   ⏳ expMMM: step 113/125
[2026-04-25 22:30:27] Waiting... B8 missing=['expGGG', 'expHHH'], B9 missing=['expIII', 'expJJJ', 'expKKK', 'expLLL', 'expMMM']
[2026-04-25 22:30:27]   ⏳ expGGG: step 56/125
[2026-04-25 22:30:27]   ⏳ expHHH: step 56/150
[2026-04-25 22:30:27]   ⏳ expIII: step 117/125
[2026-04-25 22:30:27]   ⏳ expJJJ: step 116/150
[2026-04-25 22:30:27]   ⏳ expKKK: step 117/125
[2026-04-25 22:30:27]   🔄 expLLL: training done, eval in progress...
[2026-04-25 22:30:27]   ⏳ expMMM: step 116/125
[2026-04-25 22:32:27] Waiting... B8 missing=['expGGG', 'expHHH'], B9 missing=['expIII', 'expJJJ', 'expKKK', 'expLLL', 'expMMM']
[2026-04-25 22:32:27]   ⏳ expGGG: step 57/125
[2026-04-25 22:32:27]   ⏳ expHHH: step 57/150
[2026-04-25 22:32:27]   ⏳ expIII: step 120/125
[2026-04-25 22:32:28]   ⏳ expJJJ: step 119/150
[2026-04-25 22:32:28]   ⏳ expKKK: step 120/125
[2026-04-25 22:32:28]   🔄 expLLL: training done, eval in progress...
[2026-04-25 22:32:28]   ⏳ expMMM: step 119/125
[2026-04-25 22:34:28] Waiting... B8 missing=['expGGG', 'expHHH'], B9 missing=['expIII', 'expJJJ', 'expKKK', 'expLLL', 'expMMM']
[2026-04-25 22:34:28]   ⏳ expGGG: step 58/125
[2026-04-25 22:34:28]   ⏳ expHHH: step 58/150
[2026-04-25 22:34:28]   ⏳ expIII: step 123/125
[2026-04-25 22:34:28]   ⏳ expJJJ: step 122/150
[2026-04-25 22:34:28]   ⏳ expKKK: step 122/125
[2026-04-25 22:34:28]   🔄 expLLL: training done, eval in progress...
[2026-04-25 22:34:28]   ⏳ expMMM: step 122/125
[2026-04-25 22:36:28] Waiting... B8 missing=['expGGG', 'expHHH'], B9 missing=['expIII', 'expJJJ', 'expKKK', 'expLLL', 'expMMM']
[2026-04-25 22:36:28]   ⏳ expGGG: step 60/125
[2026-04-25 22:36:28]   ⏳ expHHH: step 60/150
[2026-04-25 22:36:28]   🔄 expIII: training done, eval in progress...
[2026-04-25 22:36:28]   ⏳ expJJJ: step 125/150
[2026-04-25 22:36:28]   🔄 expKKK: training done, eval in progress...
[2026-04-25 22:36:28]   🔄 expLLL: training done, eval in progress...
[2026-04-25 22:36:28]   ⏳ expMMM: step 125/125
[2026-04-25 22:38:28] Waiting... B8 missing=['expGGG', 'expHHH'], B9 missing=['expIII', 'expJJJ', 'expKKK', 'expLLL', 'expMMM']
[2026-04-25 22:38:28]   ⏳ expGGG: step 61/125
[2026-04-25 22:38:28]   ⏳ expHHH: step 61/150
[2026-04-25 22:38:28]   🔄 expIII: training done, eval in progress...
[2026-04-25 22:38:28]   ⏳ expJJJ: step 128/150
[2026-04-25 22:38:28]   🔄 expKKK: training done, eval in progress...
[2026-04-25 22:38:28]   🔄 expLLL: training done, eval in progress...
[2026-04-25 22:38:28]   🔄 expMMM: training done, eval in progress...
[2026-04-25 22:40:28] Waiting... B8 missing=['expGGG', 'expHHH'], B9 missing=['expIII', 'expJJJ', 'expKKK', 'expLLL', 'expMMM']
[2026-04-25 22:40:28]   ⏳ expGGG: step 62/125
[2026-04-25 22:40:28]   ⏳ expHHH: step 62/150
[2026-04-25 22:40:29]   🔄 expIII: training done, eval in progress...
[2026-04-25 22:40:29]   ⏳ expJJJ: step 131/150
[2026-04-25 22:40:29]   🔄 expKKK: training done, eval in progress...
[2026-04-25 22:40:29]   🔄 expLLL: training done, eval in progress...
[2026-04-25 22:40:29]   🔄 expMMM: training done, eval in progress...
[2026-04-25 22:42:29] Waiting... B8 missing=['expGGG', 'expHHH'], B9 missing=['expIII', 'expJJJ', 'expKKK', 'expLLL', 'expMMM']
[2026-04-25 22:42:29]   ⏳ expGGG: step 64/125
[2026-04-25 22:42:29]   ⏳ expHHH: step 64/150
[2026-04-25 22:42:29]   🔄 expIII: training done, eval in progress...
[2026-04-25 22:42:29]   ⏳ expJJJ: step 134/150
[2026-04-25 22:42:29]   🔄 expKKK: training done, eval in progress...
[2026-04-25 22:42:29]   🔄 expLLL: training done, eval in progress...
[2026-04-25 22:42:29]   🔄 expMMM: training done, eval in progress...
[2026-04-25 22:44:29] Waiting... B8 missing=['expGGG', 'expHHH'], B9 missing=['expIII', 'expJJJ', 'expKKK', 'expLLL', 'expMMM']
[2026-04-25 22:44:29]   ⏳ expGGG: step 65/125
[2026-04-25 22:44:29]   ⏳ expHHH: step 65/150
[2026-04-25 22:44:29]   🔄 expIII: training done, eval in progress...
[2026-04-25 22:44:29]   ⏳ expJJJ: step 136/150
[2026-04-25 22:44:29]   🔄 expKKK: training done, eval in progress...
[2026-04-25 22:44:29]   🔄 expLLL: training done, eval in progress...
[2026-04-25 22:44:29]   🔄 expMMM: training done, eval in progress...
[2026-04-25 22:46:29] Waiting... B8 missing=['expGGG', 'expHHH'], B9 missing=['expIII', 'expJJJ', 'expKKK', 'expLLL', 'expMMM']
[2026-04-25 22:46:29]   ⏳ expGGG: step 66/125
[2026-04-25 22:46:29]   ⏳ expHHH: step 66/150
[2026-04-25 22:46:29]   🔄 expIII: training done, eval in progress...
[2026-04-25 22:46:29]   ⏳ expJJJ: step 139/150
[2026-04-25 22:46:29]   🔄 expKKK: training done, eval in progress...
[2026-04-25 22:46:29]   🔄 expLLL: training done, eval in progress...
[2026-04-25 22:46:29]   🔄 expMMM: training done, eval in progress...
[2026-04-25 22:48:29] Waiting... B8 missing=['expGGG', 'expHHH'], B9 missing=['expIII', 'expJJJ', 'expKKK', 'expLLL', 'expMMM']
[2026-04-25 22:48:29]   ⏳ expGGG: step 68/125
[2026-04-25 22:48:29]   ⏳ expHHH: step 68/150
[2026-04-25 22:48:29]   🔄 expIII: training done, eval in progress...
[2026-04-25 22:48:29]   ⏳ expJJJ: step 142/150
[2026-04-25 22:48:29]   🔄 expKKK: training done, eval in progress...
[2026-04-25 22:48:29]   🔄 expLLL: training done, eval in progress...
[2026-04-25 22:48:29]   🔄 expMMM: training done, eval in progress...
[2026-04-25 22:50:29] Waiting... B8 missing=['expGGG', 'expHHH'], B9 missing=['expIII', 'expJJJ', 'expKKK', 'expLLL', 'expMMM']
[2026-04-25 22:50:29]   ⏳ expGGG: step 69/125
[2026-04-25 22:50:29]   ⏳ expHHH: step 69/150
[2026-04-25 22:50:29]   🔄 expIII: training done, eval in progress...
[2026-04-25 22:50:29]   ⏳ expJJJ: step 145/150
[2026-04-25 22:50:29]   🔄 expKKK: training done, eval in progress...
[2026-04-25 22:50:29]   🔄 expLLL: training done, eval in progress...
[2026-04-25 22:50:29]   🔄 expMMM: training done, eval in progress...
[2026-04-25 22:52:29] Waiting... B8 missing=['expGGG', 'expHHH'], B9 missing=['expIII', 'expJJJ', 'expKKK', 'expLLL', 'expMMM']
[2026-04-25 22:52:29]   ⏳ expGGG: step 70/125
[2026-04-25 22:52:29]   ⏳ expHHH: step 70/150
[2026-04-25 22:52:29]   🔄 expIII: training done, eval in progress...
[2026-04-25 22:52:29]   ⏳ expJJJ: step 148/150
[2026-04-25 22:52:29]   🔄 expKKK: training done, eval in progress...
[2026-04-25 22:52:29]   🔄 expLLL: training done, eval in progress...
[2026-04-25 22:52:29]   🔄 expMMM: training done, eval in progress...
[2026-04-25 22:54:30] Waiting... B8 missing=['expGGG', 'expHHH'], B9 missing=['expIII', 'expJJJ', 'expKKK', 'expLLL', 'expMMM']
[2026-04-25 22:54:30]   ⏳ expGGG: step 71/125
[2026-04-25 22:54:30]   ⏳ expHHH: step 72/150
[2026-04-25 22:54:30]   🔄 expIII: training done, eval in progress...
[2026-04-25 22:54:30]   🔄 expJJJ: training done, eval in progress...
[2026-04-25 22:54:30]   🔄 expKKK: training done, eval in progress...
[2026-04-25 22:54:30]   🔄 expLLL: training done, eval in progress...
[2026-04-25 22:54:30]   🔄 expMMM: training done, eval in progress...
[2026-04-25 22:56:30] Waiting... B8 missing=['expGGG', 'expHHH'], B9 missing=['expIII', 'expJJJ', 'expKKK', 'expLLL', 'expMMM']
[2026-04-25 22:56:30]   ⏳ expGGG: step 73/125
[2026-04-25 22:56:30]   ⏳ expHHH: step 73/150
[2026-04-25 22:56:30]   🔄 expIII: training done, eval in progress...
[2026-04-25 22:56:30]   🔄 expJJJ: training done, eval in progress...
[2026-04-25 22:56:30]   🔄 expKKK: training done, eval in progress...
[2026-04-25 22:56:30]   🔄 expLLL: training done, eval in progress...
[2026-04-25 22:56:30]   🔄 expMMM: training done, eval in progress...
[2026-04-25 22:58:30] Waiting... B8 missing=['expGGG', 'expHHH'], B9 missing=['expIII', 'expJJJ', 'expKKK', 'expLLL', 'expMMM']
[2026-04-25 22:58:30]   ⏳ expGGG: step 74/125
[2026-04-25 22:58:30]   ⏳ expHHH: step 74/150
[2026-04-25 22:58:30]   🔄 expIII: training done, eval in progress...
[2026-04-25 22:58:30]   🔄 expJJJ: training done, eval in progress...
[2026-04-25 22:58:30]   🔄 expKKK: training done, eval in progress...
[2026-04-25 22:58:30]   🔄 expLLL: training done, eval in progress...
[2026-04-25 22:58:30]   🔄 expMMM: training done, eval in progress...
[2026-04-25 23:00:30] Waiting... B8 missing=['expGGG', 'expHHH'], B9 missing=['expIII', 'expJJJ', 'expKKK', 'expLLL', 'expMMM']
[2026-04-25 23:00:30]   ⏳ expGGG: step 75/125
[2026-04-25 23:00:30]   ⏳ expHHH: step 76/150
[2026-04-25 23:00:30]   🔄 expIII: training done, eval in progress...
[2026-04-25 23:00:30]   🔄 expJJJ: training done, eval in progress...
[2026-04-25 23:00:30]   🔄 expKKK: training done, eval in progress...
[2026-04-25 23:00:30]   🔄 expLLL: training done, eval in progress...
[2026-04-25 23:00:30]   🔄 expMMM: training done, eval in progress...
[2026-04-25 23:02:30] Waiting... B8 missing=['expGGG', 'expHHH'], B9 missing=['expIII', 'expJJJ', 'expKKK', 'expLLL', 'expMMM']
[2026-04-25 23:02:30]   ⏳ expGGG: step 76/125
[2026-04-25 23:02:30]   ⏳ expHHH: step 77/150
[2026-04-25 23:02:30]   🔄 expIII: training done, eval in progress...
[2026-04-25 23:02:30]   🔄 expJJJ: training done, eval in progress...
[2026-04-25 23:02:30]   🔄 expKKK: training done, eval in progress...
[2026-04-25 23:02:30]   🔄 expLLL: training done, eval in progress...
[2026-04-25 23:02:30]   🔄 expMMM: training done, eval in progress...
[2026-04-25 23:04:30] Waiting... B8 missing=['expGGG', 'expHHH'], B9 missing=['expIII', 'expJJJ', 'expKKK', 'expLLL', 'expMMM']
[2026-04-25 23:04:30]   ⏳ expGGG: step 78/125
[2026-04-25 23:04:30]   ⏳ expHHH: step 78/150
[2026-04-25 23:04:30]   🔄 expIII: training done, eval in progress...
[2026-04-25 23:04:30]   🔄 expJJJ: training done, eval in progress...
[2026-04-25 23:04:30]   🔄 expKKK: training done, eval in progress...
[2026-04-25 23:04:30]   🔄 expLLL: training done, eval in progress...
[2026-04-25 23:04:30]   🔄 expMMM: training done, eval in progress...
[2026-04-25 23:06:31] Waiting... B8 missing=['expGGG', 'expHHH'], B9 missing=['expIII', 'expJJJ', 'expKKK', 'expLLL', 'expMMM']
[2026-04-25 23:06:31]   ⏳ expGGG: step 79/125
[2026-04-25 23:06:31]   ⏳ expHHH: step 80/150
[2026-04-25 23:06:31]   🔄 expIII: training done, eval in progress...
[2026-04-25 23:06:31]   🔄 expJJJ: training done, eval in progress...
[2026-04-25 23:06:31]   🔄 expKKK: training done, eval in progress...
[2026-04-25 23:06:31]   🔄 expLLL: training done, eval in progress...
[2026-04-25 23:06:31]   🔄 expMMM: training done, eval in progress...
[2026-04-25 23:08:31] Waiting... B8 missing=['expGGG', 'expHHH'], B9 missing=['expIII', 'expJJJ', 'expKKK', 'expLLL', 'expMMM']
[2026-04-25 23:08:31]   ⏳ expGGG: step 80/125
[2026-04-25 23:08:31]   ⏳ expHHH: step 81/150
[2026-04-25 23:08:31]   🔄 expIII: training done, eval in progress...
[2026-04-25 23:08:31]   🔄 expJJJ: training done, eval in progress...
[2026-04-25 23:08:31]   🔄 expKKK: training done, eval in progress...
[2026-04-25 23:08:31]   🔄 expLLL: training done, eval in progress...
[2026-04-25 23:08:31]   🔄 expMMM: training done, eval in progress...
[2026-04-25 23:10:31] Waiting... B8 missing=['expGGG', 'expHHH'], B9 missing=['expIII', 'expJJJ', 'expKKK', 'expLLL', 'expMMM']
[2026-04-25 23:10:31]   ⏳ expGGG: step 82/125
[2026-04-25 23:10:31]   ⏳ expHHH: step 82/150
[2026-04-25 23:10:31]   🔄 expIII: training done, eval in progress...
[2026-04-25 23:10:31]   🔄 expJJJ: training done, eval in progress...
[2026-04-25 23:10:31]   🔄 expKKK: training done, eval in progress...
[2026-04-25 23:10:31]   🔄 expLLL: training done, eval in progress...
[2026-04-25 23:10:31]   🔄 expMMM: training done, eval in progress...
[2026-04-25 23:12:31] Waiting... B8 missing=['expGGG', 'expHHH'], B9 missing=['expIII', 'expJJJ', 'expKKK', 'expLLL', 'expMMM']
[2026-04-25 23:12:31]   ⏳ expGGG: step 83/125
[2026-04-25 23:12:31]   ⏳ expHHH: step 83/150
[2026-04-25 23:12:31]   🔄 expIII: training done, eval in progress...
[2026-04-25 23:12:31]   🔄 expJJJ: training done, eval in progress...
[2026-04-25 23:12:31]   🔄 expKKK: training done, eval in progress...
[2026-04-25 23:12:31]   🔄 expLLL: training done, eval in progress...
[2026-04-25 23:12:31]   🔄 expMMM: training done, eval in progress...
[2026-04-25 23:14:31] Waiting... B8 missing=['expGGG', 'expHHH'], B9 missing=['expIII', 'expJJJ', 'expKKK', 'expLLL', 'expMMM']
[2026-04-25 23:14:31]   ⏳ expGGG: step 85/125
[2026-04-25 23:14:31]   ⏳ expHHH: step 85/150
[2026-04-25 23:14:31]   🔄 expIII: training done, eval in progress...
[2026-04-25 23:14:31]   🔄 expJJJ: training done, eval in progress...
[2026-04-25 23:14:31]   🔄 expKKK: training done, eval in progress...
[2026-04-25 23:14:31]   🔄 expLLL: training done, eval in progress...
[2026-04-25 23:14:31]   🔄 expMMM: training done, eval in progress...
[2026-04-25 23:16:31] Waiting... B8 missing=['expGGG', 'expHHH'], B9 missing=['expIII', 'expJJJ', 'expKKK', 'expLLL', 'expMMM']
[2026-04-25 23:16:31]   ⏳ expGGG: step 86/125
[2026-04-25 23:16:31]   ⏳ expHHH: step 86/150
[2026-04-25 23:16:31]   🔄 expIII: training done, eval in progress...
[2026-04-25 23:16:31]   🔄 expJJJ: training done, eval in progress...
[2026-04-25 23:16:31]   🔄 expKKK: training done, eval in progress...
[2026-04-25 23:16:31]   🔄 expLLL: training done, eval in progress...
[2026-04-25 23:16:31]   🔄 expMMM: training done, eval in progress...
[2026-04-25 23:18:31] Waiting... B8 missing=['expGGG', 'expHHH'], B9 missing=['expIII', 'expJJJ', 'expKKK', 'expLLL', 'expMMM']
[2026-04-25 23:18:31]   ⏳ expGGG: step 87/125
[2026-04-25 23:18:31]   ⏳ expHHH: step 87/150
[2026-04-25 23:18:31]   🔄 expIII: training done, eval in progress...
[2026-04-25 23:18:31]   🔄 expJJJ: training done, eval in progress...
[2026-04-25 23:18:31]   🔄 expKKK: training done, eval in progress...
[2026-04-25 23:18:31]   🔄 expLLL: training done, eval in progress...
[2026-04-25 23:18:31]   🔄 expMMM: training done, eval in progress...
[2026-04-25 23:20:32] Waiting... B8 missing=['expGGG', 'expHHH'], B9 missing=['expIII', 'expJJJ', 'expKKK', 'expLLL', 'expMMM']
[2026-04-25 23:20:32]   ⏳ expGGG: step 88/125
[2026-04-25 23:20:32]   ⏳ expHHH: step 89/150
[2026-04-25 23:20:32]   🔄 expIII: training done, eval in progress...
[2026-04-25 23:20:32]   🔄 expJJJ: training done, eval in progress...
[2026-04-25 23:20:32]   🔄 expKKK: training done, eval in progress...
[2026-04-25 23:20:32]   🔄 expLLL: training done, eval in progress...
[2026-04-25 23:20:32]   🔄 expMMM: training done, eval in progress...
[2026-04-25 23:22:32] Waiting... B8 missing=['expGGG', 'expHHH'], B9 missing=['expIII', 'expJJJ', 'expKKK', 'expLLL', 'expMMM']
[2026-04-25 23:22:32]   ⏳ expGGG: step 90/125
[2026-04-25 23:22:32]   ⏳ expHHH: step 90/150
[2026-04-25 23:22:32]   🔄 expIII: training done, eval in progress...
[2026-04-25 23:22:32]   🔄 expJJJ: training done, eval in progress...
[2026-04-25 23:22:32]   🔄 expKKK: training done, eval in progress...
[2026-04-25 23:22:32]   🔄 expLLL: training done, eval in progress...
[2026-04-25 23:22:32]   🔄 expMMM: training done, eval in progress...
[2026-04-25 23:24:32] Waiting... B8 missing=['expGGG', 'expHHH'], B9 missing=['expIII', 'expJJJ', 'expKKK', 'expLLL', 'expMMM']
[2026-04-25 23:24:32]   ⏳ expGGG: step 91/125
[2026-04-25 23:24:32]   ⏳ expHHH: step 91/150
[2026-04-25 23:24:32]   🔄 expIII: training done, eval in progress...
[2026-04-25 23:24:32]   🔄 expJJJ: training done, eval in progress...
[2026-04-25 23:24:32]   🔄 expKKK: training done, eval in progress...
[2026-04-25 23:24:32]   🔄 expLLL: training done, eval in progress...
[2026-04-25 23:24:32]   🔄 expMMM: training done, eval in progress...
[2026-04-25 23:26:32] Waiting... B8 missing=['expGGG', 'expHHH'], B9 missing=['expIII', 'expJJJ', 'expKKK', 'expLLL', 'expMMM']
[2026-04-25 23:26:32]   ⏳ expGGG: step 92/125
[2026-04-25 23:26:32]   ⏳ expHHH: step 93/150
[2026-04-25 23:26:32]   🔄 expIII: training done, eval in progress...
[2026-04-25 23:26:32]   🔄 expJJJ: training done, eval in progress...
[2026-04-25 23:26:32]   🔄 expKKK: training done, eval in progress...
[2026-04-25 23:26:32]   🔄 expLLL: training done, eval in progress...
[2026-04-25 23:26:32]   🔄 expMMM: training done, eval in progress...
[2026-04-25 23:28:32] Waiting... B8 missing=['expGGG', 'expHHH'], B9 missing=['expIII', 'expJJJ', 'expKKK', 'expLLL', 'expMMM']
[2026-04-25 23:28:32]   ⏳ expGGG: step 94/125
[2026-04-25 23:28:32]   ⏳ expHHH: step 94/150
[2026-04-25 23:28:32]   🔄 expIII: training done, eval in progress...
[2026-04-25 23:28:32]   🔄 expJJJ: training done, eval in progress...
[2026-04-25 23:28:32]   🔄 expKKK: training done, eval in progress...
[2026-04-25 23:28:32]   🔄 expLLL: training done, eval in progress...
[2026-04-25 23:28:32]   🔄 expMMM: training done, eval in progress...
[2026-04-25 23:30:32] Waiting... B8 missing=['expGGG', 'expHHH'], B9 missing=['expIII', 'expJJJ', 'expKKK', 'expLLL', 'expMMM']
[2026-04-25 23:30:32]   ⏳ expGGG: step 95/125
[2026-04-25 23:30:32]   ⏳ expHHH: step 95/150
[2026-04-25 23:30:32]   🔄 expIII: training done, eval in progress...
[2026-04-25 23:30:32]   🔄 expJJJ: training done, eval in progress...
[2026-04-25 23:30:32]   🔄 expKKK: training done, eval in progress...
[2026-04-25 23:30:32]   🔄 expLLL: training done, eval in progress...
[2026-04-25 23:30:32]   🔄 expMMM: training done, eval in progress...
[2026-04-25 23:32:33] Waiting... B8 missing=['expGGG', 'expHHH'], B9 missing=['expIII', 'expJJJ', 'expKKK', 'expLLL', 'expMMM']
[2026-04-25 23:32:33]   ⏳ expGGG: step 96/125
[2026-04-25 23:32:33]   ⏳ expHHH: step 96/150
[2026-04-25 23:32:33]   🔄 expIII: training done, eval in progress...
[2026-04-25 23:32:33]   🔄 expJJJ: training done, eval in progress...
[2026-04-25 23:32:33]   🔄 expKKK: training done, eval in progress...
[2026-04-25 23:32:33]   🔄 expLLL: training done, eval in progress...
[2026-04-25 23:32:33]   🔄 expMMM: training done, eval in progress...
[2026-04-25 23:34:33] Waiting... B8 missing=['expGGG', 'expHHH'], B9 missing=['expIII', 'expJJJ', 'expKKK', 'expLLL', 'expMMM']
[2026-04-25 23:34:33]   ⏳ expGGG: step 98/125
[2026-04-25 23:34:33]   ⏳ expHHH: step 98/150
[2026-04-25 23:34:33]   🔄 expIII: training done, eval in progress...
[2026-04-25 23:34:33]   🔄 expJJJ: training done, eval in progress...
[2026-04-25 23:34:33]   🔄 expKKK: training done, eval in progress...
[2026-04-25 23:34:33]   🔄 expLLL: training done, eval in progress...
[2026-04-25 23:34:33]   🔄 expMMM: training done, eval in progress...
[2026-04-25 23:36:33] Waiting... B8 missing=['expGGG', 'expHHH'], B9 missing=['expIII', 'expJJJ', 'expKKK', 'expLLL', 'expMMM']
[2026-04-25 23:36:33]   ⏳ expGGG: step 99/125
[2026-04-25 23:36:33]   ⏳ expHHH: step 99/150
[2026-04-25 23:36:33]   🔄 expIII: training done, eval in progress...
[2026-04-25 23:36:33]   🔄 expJJJ: training done, eval in progress...
[2026-04-25 23:36:33]   🔄 expKKK: training done, eval in progress...
[2026-04-25 23:36:33]   🔄 expLLL: training done, eval in progress...
[2026-04-25 23:36:33]   🔄 expMMM: training done, eval in progress...
[2026-04-25 23:38:33] Waiting... B8 missing=['expGGG', 'expHHH'], B9 missing=['expIII', 'expJJJ', 'expKKK', 'expLLL', 'expMMM']
[2026-04-25 23:38:33]   ⏳ expGGG: step 100/125
[2026-04-25 23:38:33]   ⏳ expHHH: step 100/150
[2026-04-25 23:38:33]   🔄 expIII: training done, eval in progress...
[2026-04-25 23:38:33]   🔄 expJJJ: training done, eval in progress...
[2026-04-25 23:38:33]   🔄 expKKK: training done, eval in progress...
[2026-04-25 23:38:33]   🔄 expLLL: training done, eval in progress...
[2026-04-25 23:38:33]   🔄 expMMM: training done, eval in progress...
[2026-04-25 23:40:33] Waiting... B8 missing=['expGGG', 'expHHH'], B9 missing=['expIII', 'expJJJ', 'expKKK', 'expLLL', 'expMMM']
[2026-04-25 23:40:33]   ⏳ expGGG: step 101/125
[2026-04-25 23:40:33]   ⏳ expHHH: step 101/150
[2026-04-25 23:40:33]   🔄 expIII: training done, eval in progress...
[2026-04-25 23:40:33]   🔄 expJJJ: training done, eval in progress...
[2026-04-25 23:40:33]   🔄 expKKK: training done, eval in progress...
[2026-04-25 23:40:33]   🔄 expLLL: training done, eval in progress...
[2026-04-25 23:40:33]   🔄 expMMM: training done, eval in progress...
[2026-04-25 23:42:33] Waiting... B8 missing=['expGGG', 'expHHH'], B9 missing=['expIII', 'expJJJ', 'expKKK', 'expLLL', 'expMMM']
[2026-04-25 23:42:33]   ⏳ expGGG: step 103/125
[2026-04-25 23:42:33]   ⏳ expHHH: step 103/150
[2026-04-25 23:42:33]   🔄 expIII: training done, eval in progress...
[2026-04-25 23:42:33]   🔄 expJJJ: training done, eval in progress...
[2026-04-25 23:42:33]   🔄 expKKK: training done, eval in progress...
[2026-04-25 23:42:33]   🔄 expLLL: training done, eval in progress...
[2026-04-25 23:42:33]   🔄 expMMM: training done, eval in progress...
[2026-04-25 23:44:34] Waiting... B8 missing=['expGGG', 'expHHH'], B9 missing=['expIII', 'expJJJ', 'expKKK', 'expLLL', 'expMMM']
[2026-04-25 23:44:34]   ⏳ expGGG: step 104/125
[2026-04-25 23:44:34]   ⏳ expHHH: step 104/150
[2026-04-25 23:44:34]   🔄 expIII: training done, eval in progress...
[2026-04-25 23:44:34]   🔄 expJJJ: training done, eval in progress...
[2026-04-25 23:44:34]   🔄 expKKK: training done, eval in progress...
[2026-04-25 23:44:34]   🔄 expLLL: training done, eval in progress...
[2026-04-25 23:44:34]   🔄 expMMM: training done, eval in progress...
[2026-04-25 23:46:34] Waiting... B8 missing=['expGGG', 'expHHH'], B9 missing=['expIII', 'expJJJ', 'expKKK', 'expLLL', 'expMMM']
[2026-04-25 23:46:34]   ⏳ expGGG: step 105/125
[2026-04-25 23:46:34]   ⏳ expHHH: step 105/150
[2026-04-25 23:46:34]   🔄 expIII: training done, eval in progress...
[2026-04-25 23:46:34]   🔄 expJJJ: training done, eval in progress...
[2026-04-25 23:46:34]   🔄 expKKK: training done, eval in progress...
[2026-04-25 23:46:34]   🔄 expLLL: training done, eval in progress...
[2026-04-25 23:46:34]   🔄 expMMM: training done, eval in progress...
[2026-04-25 23:48:34] Waiting... B8 missing=['expGGG', 'expHHH'], B9 missing=['expIII', 'expJJJ', 'expKKK', 'expLLL', 'expMMM']
[2026-04-25 23:48:34]   ⏳ expGGG: step 106/125
[2026-04-25 23:48:34]   ⏳ expHHH: step 107/150
[2026-04-25 23:48:34]   🔄 expIII: training done, eval in progress...
[2026-04-25 23:48:34]   🔄 expJJJ: training done, eval in progress...
[2026-04-25 23:48:34]   🔄 expKKK: training done, eval in progress...
[2026-04-25 23:48:34]   🔄 expLLL: training done, eval in progress...
[2026-04-25 23:48:34]   🔄 expMMM: training done, eval in progress...
[2026-04-25 23:50:34] Waiting... B8 missing=['expGGG', 'expHHH'], B9 missing=['expIII', 'expJJJ', 'expKKK', 'expLLL', 'expMMM']
[2026-04-25 23:50:34]   ⏳ expGGG: step 108/125
[2026-04-25 23:50:34]   ⏳ expHHH: step 108/150
[2026-04-25 23:50:34]   🔄 expIII: training done, eval in progress...
[2026-04-25 23:50:34]   🔄 expJJJ: training done, eval in progress...
[2026-04-25 23:50:34]   🔄 expKKK: training done, eval in progress...
[2026-04-25 23:50:34]   🔄 expLLL: training done, eval in progress...
[2026-04-25 23:50:34]   🔄 expMMM: training done, eval in progress...
[2026-04-25 23:52:34] Waiting... B8 missing=['expGGG', 'expHHH'], B9 missing=['expIII', 'expJJJ', 'expKKK', 'expLLL', 'expMMM']
[2026-04-25 23:52:34]   ⏳ expGGG: step 109/125
[2026-04-25 23:52:34]   ⏳ expHHH: step 109/150
[2026-04-25 23:52:34]   🔄 expIII: training done, eval in progress...
[2026-04-25 23:52:34]   🔄 expJJJ: training done, eval in progress...
[2026-04-25 23:52:34]   🔄 expKKK: training done, eval in progress...
[2026-04-25 23:52:34]   🔄 expLLL: training done, eval in progress...
[2026-04-25 23:52:34]   🔄 expMMM: training done, eval in progress...
[2026-04-25 23:54:34] Waiting... B8 missing=['expGGG', 'expHHH'], B9 missing=['expIII', 'expJJJ', 'expKKK', 'expLLL', 'expMMM']
[2026-04-25 23:54:34]   ⏳ expGGG: step 110/125
[2026-04-25 23:54:34]   ⏳ expHHH: step 111/150
[2026-04-25 23:54:34]   🔄 expIII: training done, eval in progress...
[2026-04-25 23:54:34]   🔄 expJJJ: training done, eval in progress...
[2026-04-25 23:54:34]   🔄 expKKK: training done, eval in progress...
[2026-04-25 23:54:34]   🔄 expLLL: training done, eval in progress...
[2026-04-25 23:54:34]   🔄 expMMM: training done, eval in progress...
[2026-04-25 23:56:34] Waiting... B8 missing=['expGGG', 'expHHH'], B9 missing=['expIII', 'expJJJ', 'expKKK', 'expLLL', 'expMMM']
[2026-04-25 23:56:34]   ⏳ expGGG: step 112/125
[2026-04-25 23:56:34]   ⏳ expHHH: step 112/150
[2026-04-25 23:56:34]   🔄 expIII: training done, eval in progress...
[2026-04-25 23:56:34]   🔄 expJJJ: training done, eval in progress...
[2026-04-25 23:56:34]   🔄 expKKK: training done, eval in progress...
[2026-04-25 23:56:34]   🔄 expLLL: training done, eval in progress...
[2026-04-25 23:56:34]   🔄 expMMM: training done, eval in progress...
[2026-04-25 23:58:35] Waiting... B8 missing=['expGGG', 'expHHH'], B9 missing=['expIII', 'expJJJ', 'expKKK', 'expLLL', 'expMMM']
[2026-04-25 23:58:35]   ⏳ expGGG: step 113/125
[2026-04-25 23:58:35]   ⏳ expHHH: step 113/150
[2026-04-25 23:58:35]   🔄 expIII: training done, eval in progress...
[2026-04-25 23:58:35]   🔄 expJJJ: training done, eval in progress...
[2026-04-25 23:58:35]   🔄 expKKK: training done, eval in progress...
[2026-04-25 23:58:35]   🔄 expLLL: training done, eval in progress...
[2026-04-25 23:58:35]   🔄 expMMM: training done, eval in progress...
[2026-04-26 00:00:35] Waiting... B8 missing=['expGGG', 'expHHH'], B9 missing=['expIII', 'expJJJ', 'expKKK', 'expLLL', 'expMMM']
[2026-04-26 00:00:35]   ⏳ expGGG: step 114/125
[2026-04-26 00:00:35]   ⏳ expHHH: step 115/150
[2026-04-26 00:00:35]   🔄 expIII: training done, eval in progress...
[2026-04-26 00:00:35]   🔄 expJJJ: training done, eval in progress...
[2026-04-26 00:00:35]   🔄 expKKK: training done, eval in progress...
[2026-04-26 00:00:35]   🔄 expLLL: training done, eval in progress...
[2026-04-26 00:00:35]   🔄 expMMM: training done, eval in progress...
[2026-04-26 00:02:35] Waiting... B8 missing=['expGGG', 'expHHH'], B9 missing=['expIII', 'expJJJ', 'expKKK', 'expLLL', 'expMMM']
[2026-04-26 00:02:35]   ⏳ expGGG: step 116/125
[2026-04-26 00:02:35]   ⏳ expHHH: step 116/150
[2026-04-26 00:02:35]   🔄 expIII: training done, eval in progress...
[2026-04-26 00:02:35]   🔄 expJJJ: training done, eval in progress...
[2026-04-26 00:02:35]   🔄 expKKK: training done, eval in progress...
[2026-04-26 00:02:35]   🔄 expLLL: training done, eval in progress...
[2026-04-26 00:02:35]   🔄 expMMM: training done, eval in progress...
[2026-04-26 00:04:35] Waiting... B8 missing=['expGGG', 'expHHH'], B9 missing=['expIII', 'expJJJ', 'expKKK', 'expLLL', 'expMMM']
[2026-04-26 00:04:35]   ⏳ expGGG: step 117/125
[2026-04-26 00:04:35]   ⏳ expHHH: step 117/150
[2026-04-26 00:04:35]   🔄 expIII: training done, eval in progress...
[2026-04-26 00:04:35]   🔄 expJJJ: training done, eval in progress...
[2026-04-26 00:04:35]   🔄 expKKK: training done, eval in progress...
[2026-04-26 00:04:35]   🔄 expLLL: training done, eval in progress...
[2026-04-26 00:04:35]   🔄 expMMM: training done, eval in progress...
[2026-04-26 00:06:35] Waiting... B8 missing=['expGGG', 'expHHH'], B9 missing=['expIII', 'expJJJ', 'expKKK', 'expLLL', 'expMMM']
[2026-04-26 00:06:35]   ⏳ expGGG: step 118/125
[2026-04-26 00:06:35]   ⏳ expHHH: step 119/150
[2026-04-26 00:06:35]   🔄 expIII: training done, eval in progress...
[2026-04-26 00:06:35]   🔄 expJJJ: training done, eval in progress...
[2026-04-26 00:06:35]   🔄 expKKK: training done, eval in progress...
[2026-04-26 00:06:35]   🔄 expLLL: training done, eval in progress...
[2026-04-26 00:06:35]   🔄 expMMM: training done, eval in progress...
[2026-04-26 00:08:35] Waiting... B8 missing=['expGGG', 'expHHH'], B9 missing=['expIII', 'expJJJ', 'expKKK', 'expLLL', 'expMMM']
[2026-04-26 00:08:35]   ⏳ expGGG: step 120/125
[2026-04-26 00:08:35]   ⏳ expHHH: step 120/150
[2026-04-26 00:08:35]   🔄 expIII: training done, eval in progress...
[2026-04-26 00:08:35]   🔄 expJJJ: training done, eval in progress...
[2026-04-26 00:08:35]   🔄 expKKK: training done, eval in progress...
[2026-04-26 00:08:35]   🔄 expLLL: training done, eval in progress...
[2026-04-26 00:08:35]   🔄 expMMM: training done, eval in progress...
[2026-04-26 00:10:35] Waiting... B8 missing=['expGGG', 'expHHH'], B9 missing=['expIII', 'expJJJ', 'expKKK', 'expLLL', 'expMMM']
[2026-04-26 00:10:35]   ⏳ expGGG: step 121/125
[2026-04-26 00:10:35]   ⏳ expHHH: step 121/150
[2026-04-26 00:10:35]   🔄 expIII: training done, eval in progress...
[2026-04-26 00:10:35]   🔄 expJJJ: training done, eval in progress...
[2026-04-26 00:10:35]   🔄 expKKK: training done, eval in progress...
[2026-04-26 00:10:35]   🔄 expLLL: training done, eval in progress...
[2026-04-26 00:10:35]   🔄 expMMM: training done, eval in progress...
[2026-04-26 00:12:36] Waiting... B8 missing=['expGGG', 'expHHH'], B9 missing=['expIII', 'expJJJ', 'expKKK', 'expLLL', 'expMMM']
[2026-04-26 00:12:36]   ⏳ expGGG: step 122/125
[2026-04-26 00:12:36]   ⏳ expHHH: step 122/150
[2026-04-26 00:12:36]   🔄 expIII: training done, eval in progress...
[2026-04-26 00:12:36]   🔄 expJJJ: training done, eval in progress...
[2026-04-26 00:12:36]   🔄 expKKK: training done, eval in progress...
[2026-04-26 00:12:36]   🔄 expLLL: training done, eval in progress...
[2026-04-26 00:12:36]   🔄 expMMM: training done, eval in progress...
[2026-04-26 00:14:36] Waiting... B8 missing=['expGGG', 'expHHH'], B9 missing=['expIII', 'expJJJ', 'expKKK', 'expLLL', 'expMMM']
[2026-04-26 00:14:36]   ⏳ expGGG: step 124/125
[2026-04-26 00:14:36]   ⏳ expHHH: step 124/150
[2026-04-26 00:14:36]   🔄 expIII: training done, eval in progress...
[2026-04-26 00:14:36]   🔄 expJJJ: training done, eval in progress...
[2026-04-26 00:14:36]   🔄 expKKK: training done, eval in progress...
[2026-04-26 00:14:36]   🔄 expLLL: training done, eval in progress...
[2026-04-26 00:14:36]   🔄 expMMM: training done, eval in progress...
[2026-04-26 00:16:36] Waiting... B8 missing=['expGGG', 'expHHH'], B9 missing=['expIII', 'expJJJ', 'expKKK', 'expLLL', 'expMMM']
[2026-04-26 00:16:36]   🔄 expGGG: training done, eval in progress...
[2026-04-26 00:16:36]   ⏳ expHHH: step 125/150
[2026-04-26 00:16:36]   🔄 expIII: training done, eval in progress...
[2026-04-26 00:16:36]   🔄 expJJJ: training done, eval in progress...
[2026-04-26 00:16:36]   🔄 expKKK: training done, eval in progress...
[2026-04-26 00:16:36]   🔄 expLLL: training done, eval in progress...
[2026-04-26 00:16:36]   🔄 expMMM: training done, eval in progress...
[2026-04-26 00:18:36] Waiting... B8 missing=['expGGG', 'expHHH'], B9 missing=['expIII', 'expJJJ', 'expKKK', 'expLLL', 'expMMM']
[2026-04-26 00:18:36]   🔄 expGGG: training done, eval in progress...
[2026-04-26 00:18:36]   ⏳ expHHH: step 126/150
[2026-04-26 00:18:36]   🔄 expIII: training done, eval in progress...
[2026-04-26 00:18:36]   🔄 expJJJ: training done, eval in progress...
[2026-04-26 00:18:36]   🔄 expKKK: training done, eval in progress...
[2026-04-26 00:18:36]   🔄 expLLL: training done, eval in progress...
[2026-04-26 00:18:36]   🔄 expMMM: training done, eval in progress...
[2026-04-26 00:20:36] Waiting... B8 missing=['expGGG', 'expHHH'], B9 missing=['expIII', 'expJJJ', 'expKKK', 'expLLL', 'expMMM']
[2026-04-26 00:20:36]   🔄 expGGG: training done, eval in progress...
[2026-04-26 00:20:36]   ⏳ expHHH: step 128/150
[2026-04-26 00:20:36]   🔄 expIII: training done, eval in progress...
[2026-04-26 00:20:36]   🔄 expJJJ: training done, eval in progress...
[2026-04-26 00:20:36]   🔄 expKKK: training done, eval in progress...
[2026-04-26 00:20:36]   🔄 expLLL: training done, eval in progress...
[2026-04-26 00:20:36]   🔄 expMMM: training done, eval in progress...
[2026-04-26 00:22:36] Waiting... B8 missing=['expGGG', 'expHHH'], B9 missing=['expIII', 'expJJJ', 'expKKK', 'expLLL', 'expMMM']
[2026-04-26 00:22:36]   🔄 expGGG: training done, eval in progress...
[2026-04-26 00:22:36]   ⏳ expHHH: step 129/150
[2026-04-26 00:22:36]   🔄 expIII: training done, eval in progress...
[2026-04-26 00:22:36]   🔄 expJJJ: training done, eval in progress...
[2026-04-26 00:22:36]   🔄 expKKK: training done, eval in progress...
[2026-04-26 00:22:36]   🔄 expLLL: training done, eval in progress...
[2026-04-26 00:22:36]   🔄 expMMM: training done, eval in progress...
[2026-04-26 00:24:36] Waiting... B8 missing=['expGGG', 'expHHH'], B9 missing=['expIII', 'expJJJ', 'expKKK', 'expLLL', 'expMMM']
[2026-04-26 00:24:36]   🔄 expGGG: training done, eval in progress...
[2026-04-26 00:24:36]   ⏳ expHHH: step 130/150
[2026-04-26 00:24:36]   🔄 expIII: training done, eval in progress...
[2026-04-26 00:24:36]   🔄 expJJJ: training done, eval in progress...
[2026-04-26 00:24:36]   🔄 expKKK: training done, eval in progress...
[2026-04-26 00:24:36]   🔄 expLLL: training done, eval in progress...
[2026-04-26 00:24:36]   🔄 expMMM: training done, eval in progress...
[2026-04-26 00:26:37] Waiting... B8 missing=['expGGG', 'expHHH'], B9 missing=['expIII', 'expJJJ', 'expKKK', 'expLLL', 'expMMM']
[2026-04-26 00:26:37]   🔄 expGGG: training done, eval in progress...
[2026-04-26 00:26:37]   ⏳ expHHH: step 132/150
[2026-04-26 00:26:37]   🔄 expIII: training done, eval in progress...
[2026-04-26 00:26:37]   🔄 expJJJ: training done, eval in progress...
[2026-04-26 00:26:37]   🔄 expKKK: training done, eval in progress...
[2026-04-26 00:26:37]   🔄 expLLL: training done, eval in progress...
[2026-04-26 00:26:37]   🔄 expMMM: training done, eval in progress...
[2026-04-26 00:28:37] Waiting... B8 missing=['expGGG', 'expHHH'], B9 missing=['expIII', 'expJJJ', 'expKKK', 'expLLL', 'expMMM']
[2026-04-26 00:28:37]   🔄 expGGG: training done, eval in progress...
[2026-04-26 00:28:37]   ⏳ expHHH: step 133/150
[2026-04-26 00:28:37]   🔄 expIII: training done, eval in progress...
[2026-04-26 00:28:37]   🔄 expJJJ: training done, eval in progress...
[2026-04-26 00:28:37]   🔄 expKKK: training done, eval in progress...
[2026-04-26 00:28:37]   🔄 expLLL: training done, eval in progress...
[2026-04-26 00:28:37]   🔄 expMMM: training done, eval in progress...
[2026-04-26 00:30:37] Waiting... B8 missing=['expGGG', 'expHHH'], B9 missing=['expIII', 'expJJJ', 'expKKK', 'expLLL', 'expMMM']
[2026-04-26 00:30:37]   🔄 expGGG: training done, eval in progress...
[2026-04-26 00:30:37]   ⏳ expHHH: step 134/150
[2026-04-26 00:30:37]   🔄 expIII: training done, eval in progress...
[2026-04-26 00:30:37]   🔄 expJJJ: training done, eval in progress...
[2026-04-26 00:30:37]   🔄 expKKK: training done, eval in progress...
[2026-04-26 00:30:37]   🔄 expLLL: training done, eval in progress...
[2026-04-26 00:30:37]   🔄 expMMM: training done, eval in progress...
[2026-04-26 00:32:37] Waiting... B8 missing=['expGGG', 'expHHH'], B9 missing=['expIII', 'expJJJ', 'expKKK', 'expLLL', 'expMMM']
[2026-04-26 00:32:37]   🔄 expGGG: training done, eval in progress...
[2026-04-26 00:32:37]   ⏳ expHHH: step 136/150
[2026-04-26 00:32:37]   🔄 expIII: training done, eval in progress...
[2026-04-26 00:32:37]   🔄 expJJJ: training done, eval in progress...
[2026-04-26 00:32:37]   🔄 expKKK: training done, eval in progress...
[2026-04-26 00:32:37]   🔄 expLLL: training done, eval in progress...
[2026-04-26 00:32:37]   🔄 expMMM: training done, eval in progress...
[2026-04-26 00:34:37] Waiting... B8 missing=['expGGG', 'expHHH'], B9 missing=['expIII', 'expJJJ', 'expKKK', 'expLLL', 'expMMM']
[2026-04-26 00:34:37]   🔄 expGGG: training done, eval in progress...
[2026-04-26 00:34:37]   ⏳ expHHH: step 137/150
[2026-04-26 00:34:37]   🔄 expIII: training done, eval in progress...
[2026-04-26 00:34:37]   🔄 expJJJ: training done, eval in progress...
[2026-04-26 00:34:37]   🔄 expKKK: training done, eval in progress...
[2026-04-26 00:34:37]   🔄 expLLL: training done, eval in progress...
[2026-04-26 00:34:37]   🔄 expMMM: training done, eval in progress...
[2026-04-26 00:36:37] Waiting... B8 missing=['expGGG', 'expHHH'], B9 missing=['expIII', 'expJJJ', 'expKKK', 'expLLL', 'expMMM']
[2026-04-26 00:36:37]   🔄 expGGG: training done, eval in progress...
[2026-04-26 00:36:37]   ⏳ expHHH: step 138/150
[2026-04-26 00:36:37]   🔄 expIII: training done, eval in progress...
[2026-04-26 00:36:37]   🔄 expJJJ: training done, eval in progress...
[2026-04-26 00:36:37]   🔄 expKKK: training done, eval in progress...
[2026-04-26 00:36:37]   🔄 expLLL: training done, eval in progress...
[2026-04-26 00:36:37]   🔄 expMMM: training done, eval in progress...
[2026-04-26 00:38:37] Waiting... B8 missing=['expGGG', 'expHHH'], B9 missing=['expIII', 'expJJJ', 'expKKK', 'expLLL', 'expMMM']
[2026-04-26 00:38:37]   🔄 expGGG: training done, eval in progress...
[2026-04-26 00:38:37]   ⏳ expHHH: step 139/150
[2026-04-26 00:38:37]   🔄 expIII: training done, eval in progress...
[2026-04-26 00:38:37]   🔄 expJJJ: training done, eval in progress...
[2026-04-26 00:38:37]   🔄 expKKK: training done, eval in progress...
[2026-04-26 00:38:37]   🔄 expLLL: training done, eval in progress...
[2026-04-26 00:38:37]   🔄 expMMM: training done, eval in progress...
[2026-04-26 00:40:38] Waiting... B8 missing=['expGGG', 'expHHH'], B9 missing=['expIII', 'expJJJ', 'expKKK', 'expLLL', 'expMMM']
[2026-04-26 00:40:38]   🔄 expGGG: training done, eval in progress...
[2026-04-26 00:40:38]   ⏳ expHHH: step 141/150
[2026-04-26 00:40:38]   🔄 expIII: training done, eval in progress...
[2026-04-26 00:40:38]   🔄 expJJJ: training done, eval in progress...
[2026-04-26 00:40:38]   🔄 expKKK: training done, eval in progress...
[2026-04-26 00:40:38]   🔄 expLLL: training done, eval in progress...
[2026-04-26 00:40:38]   🔄 expMMM: training done, eval in progress...
[2026-04-26 00:42:38] Waiting... B8 missing=['expGGG', 'expHHH'], B9 missing=['expIII', 'expJJJ', 'expKKK', 'expLLL', 'expMMM']
[2026-04-26 00:42:38]   🔄 expGGG: training done, eval in progress...
[2026-04-26 00:42:38]   ⏳ expHHH: step 142/150
[2026-04-26 00:42:38]   🔄 expIII: training done, eval in progress...
[2026-04-26 00:42:38]   🔄 expJJJ: training done, eval in progress...
[2026-04-26 00:42:38]   🔄 expKKK: training done, eval in progress...
[2026-04-26 00:42:38]   🔄 expLLL: training done, eval in progress...
[2026-04-26 00:42:38]   🔄 expMMM: training done, eval in progress...
[2026-04-26 00:44:38] Waiting... B8 missing=['expGGG', 'expHHH'], B9 missing=['expIII', 'expJJJ', 'expKKK', 'expLLL', 'expMMM']
[2026-04-26 00:44:38]   🔄 expGGG: training done, eval in progress...
[2026-04-26 00:44:38]   ⏳ expHHH: step 143/150
[2026-04-26 00:44:38]   🔄 expIII: training done, eval in progress...
[2026-04-26 00:44:38]   🔄 expJJJ: training done, eval in progress...
[2026-04-26 00:44:38]   🔄 expKKK: training done, eval in progress...
[2026-04-26 00:44:38]   🔄 expLLL: training done, eval in progress...
[2026-04-26 00:44:38]   🔄 expMMM: training done, eval in progress...
[2026-04-26 00:46:38] Waiting... B8 missing=['expGGG', 'expHHH'], B9 missing=['expIII', 'expJJJ', 'expKKK', 'expLLL', 'expMMM']
[2026-04-26 00:46:38]   🔄 expGGG: training done, eval in progress...
[2026-04-26 00:46:38]   ⏳ expHHH: step 145/150
[2026-04-26 00:46:38]   🔄 expIII: training done, eval in progress...
[2026-04-26 00:46:38]   🔄 expJJJ: training done, eval in progress...
[2026-04-26 00:46:38]   🔄 expKKK: training done, eval in progress...
[2026-04-26 00:46:38]   🔄 expLLL: training done, eval in progress...
[2026-04-26 00:46:38]   🔄 expMMM: training done, eval in progress...
[2026-04-26 00:48:38] Waiting... B8 missing=['expGGG', 'expHHH'], B9 missing=['expIII', 'expJJJ', 'expKKK', 'expLLL', 'expMMM']
[2026-04-26 00:48:38]   🔄 expGGG: training done, eval in progress...
[2026-04-26 00:48:38]   ⏳ expHHH: step 146/150
[2026-04-26 00:48:38]   🔄 expIII: training done, eval in progress...
[2026-04-26 00:48:38]   🔄 expJJJ: training done, eval in progress...
[2026-04-26 00:48:38]   🔄 expKKK: training done, eval in progress...
[2026-04-26 00:48:38]   🔄 expLLL: training done, eval in progress...
[2026-04-26 00:48:38]   🔄 expMMM: training done, eval in progress...
[2026-04-26 00:50:38] Waiting... B8 missing=['expGGG', 'expHHH'], B9 missing=['expIII', 'expJJJ', 'expKKK', 'expLLL', 'expMMM']
[2026-04-26 00:50:38]   🔄 expGGG: training done, eval in progress...
[2026-04-26 00:50:38]   ⏳ expHHH: step 147/150
[2026-04-26 00:50:38]   🔄 expIII: training done, eval in progress...
[2026-04-26 00:50:38]   🔄 expJJJ: training done, eval in progress...
[2026-04-26 00:50:38]   🔄 expKKK: training done, eval in progress...
[2026-04-26 00:50:38]   🔄 expLLL: training done, eval in progress...
[2026-04-26 00:50:38]   🔄 expMMM: training done, eval in progress...
[2026-04-26 00:52:39] Waiting... B8 missing=['expGGG', 'expHHH'], B9 missing=['expIII', 'expJJJ', 'expKKK', 'expLLL', 'expMMM']
[2026-04-26 00:52:39]   🔄 expGGG: training done, eval in progress...
[2026-04-26 00:52:39]   ⏳ expHHH: step 149/150
[2026-04-26 00:52:39]   🔄 expIII: training done, eval in progress...
[2026-04-26 00:52:39]   🔄 expJJJ: training done, eval in progress...
[2026-04-26 00:52:39]   🔄 expKKK: training done, eval in progress...
[2026-04-26 00:52:39]   🔄 expLLL: training done, eval in progress...
[2026-04-26 00:52:39]   🔄 expMMM: training done, eval in progress...
[2026-04-26 00:54:39] Waiting... B8 missing=['expGGG', 'expHHH'], B9 missing=['expIII', 'expJJJ', 'expKKK', 'expLLL', 'expMMM']
[2026-04-26 00:54:39]   🔄 expGGG: training done, eval in progress...
[2026-04-26 00:54:39]   🔄 expHHH: training done, eval in progress...
[2026-04-26 00:54:39]   🔄 expIII: training done, eval in progress...
[2026-04-26 00:54:39]   🔄 expJJJ: training done, eval in progress...
[2026-04-26 00:54:39]   🔄 expKKK: training done, eval in progress...
[2026-04-26 00:54:39]   🔄 expLLL: training done, eval in progress...
[2026-04-26 00:54:39]   🔄 expMMM: training done, eval in progress...
[2026-04-26 00:56:39] Waiting... B8 missing=['expGGG', 'expHHH'], B9 missing=['expIII', 'expJJJ', 'expKKK', 'expLLL', 'expMMM']
[2026-04-26 00:56:39]   🔄 expGGG: training done, eval in progress...
[2026-04-26 00:56:39]   🔄 expHHH: training done, eval in progress...
[2026-04-26 00:56:39]   🔄 expIII: training done, eval in progress...
[2026-04-26 00:56:39]   🔄 expJJJ: training done, eval in progress...
[2026-04-26 00:56:39]   🔄 expKKK: training done, eval in progress...
[2026-04-26 00:56:39]   🔄 expLLL: training done, eval in progress...
[2026-04-26 00:56:39]   🔄 expMMM: training done, eval in progress...
[2026-04-26 00:58:39] Waiting... B8 missing=['expGGG', 'expHHH'], B9 missing=['expIII', 'expJJJ', 'expKKK', 'expLLL', 'expMMM']
[2026-04-26 00:58:39]   🔄 expGGG: training done, eval in progress...
[2026-04-26 00:58:39]   🔄 expHHH: training done, eval in progress...
[2026-04-26 00:58:39]   🔄 expIII: training done, eval in progress...
[2026-04-26 00:58:39]   🔄 expJJJ: training done, eval in progress...
[2026-04-26 00:58:39]   🔄 expKKK: training done, eval in progress...
[2026-04-26 00:58:39]   🔄 expLLL: training done, eval in progress...
[2026-04-26 00:58:39]   🔄 expMMM: training done, eval in progress...
[2026-04-26 01:00:39] Waiting... B8 missing=['expGGG', 'expHHH'], B9 missing=['expIII', 'expJJJ', 'expKKK', 'expLLL', 'expMMM']
[2026-04-26 01:00:39]   🔄 expGGG: training done, eval in progress...
[2026-04-26 01:00:39]   🔄 expHHH: training done, eval in progress...
[2026-04-26 01:00:39]   🔄 expIII: training done, eval in progress...
[2026-04-26 01:00:39]   🔄 expJJJ: training done, eval in progress...
[2026-04-26 01:00:39]   🔄 expKKK: training done, eval in progress...
[2026-04-26 01:00:39]   🔄 expLLL: training done, eval in progress...
[2026-04-26 01:00:39]   🔄 expMMM: training done, eval in progress...
[2026-04-26 01:02:39] Waiting... B8 missing=['expGGG', 'expHHH'], B9 missing=['expIII', 'expJJJ', 'expKKK', 'expLLL', 'expMMM']
[2026-04-26 01:02:39]   🔄 expGGG: training done, eval in progress...
[2026-04-26 01:02:39]   🔄 expHHH: training done, eval in progress...
[2026-04-26 01:02:39]   🔄 expIII: training done, eval in progress...
[2026-04-26 01:02:39]   🔄 expJJJ: training done, eval in progress...
[2026-04-26 01:02:39]   🔄 expKKK: training done, eval in progress...
[2026-04-26 01:02:39]   🔄 expLLL: training done, eval in progress...
[2026-04-26 01:02:39]   🔄 expMMM: training done, eval in progress...
[2026-04-26 01:04:39] Waiting... B8 missing=['expGGG', 'expHHH'], B9 missing=['expIII', 'expJJJ', 'expKKK', 'expLLL', 'expMMM']
[2026-04-26 01:04:39]   🔄 expGGG: training done, eval in progress...
[2026-04-26 01:04:39]   🔄 expHHH: training done, eval in progress...
[2026-04-26 01:04:39]   🔄 expIII: training done, eval in progress...
[2026-04-26 01:04:39]   🔄 expJJJ: training done, eval in progress...
[2026-04-26 01:04:39]   🔄 expKKK: training done, eval in progress...
[2026-04-26 01:04:39]   🔄 expLLL: training done, eval in progress...
[2026-04-26 01:04:39]   🔄 expMMM: training done, eval in progress...
[2026-04-26 01:06:40] Waiting... B8 missing=['expGGG', 'expHHH'], B9 missing=['expIII', 'expJJJ', 'expKKK', 'expLLL', 'expMMM']
[2026-04-26 01:06:40]   🔄 expGGG: training done, eval in progress...
[2026-04-26 01:06:40]   🔄 expHHH: training done, eval in progress...
[2026-04-26 01:06:40]   🔄 expIII: training done, eval in progress...
[2026-04-26 01:06:40]   🔄 expJJJ: training done, eval in progress...
[2026-04-26 01:06:40]   🔄 expKKK: training done, eval in progress...
[2026-04-26 01:06:40]   🔄 expLLL: training done, eval in progress...
[2026-04-26 01:06:40]   🔄 expMMM: training done, eval in progress...
[2026-04-26 01:08:40] Waiting... B8 missing=['expGGG', 'expHHH'], B9 missing=['expIII', 'expJJJ', 'expKKK', 'expLLL', 'expMMM']
[2026-04-26 01:08:40]   🔄 expGGG: training done, eval in progress...
[2026-04-26 01:08:40]   🔄 expHHH: training done, eval in progress...
[2026-04-26 01:08:40]   🔄 expIII: training done, eval in progress...
[2026-04-26 01:08:40]   🔄 expJJJ: training done, eval in progress...
[2026-04-26 01:08:40]   🔄 expKKK: training done, eval in progress...
[2026-04-26 01:08:40]   🔄 expLLL: training done, eval in progress...
[2026-04-26 01:08:40]   🔄 expMMM: training done, eval in progress...
[2026-04-26 01:10:40] Waiting... B8 missing=['expGGG', 'expHHH'], B9 missing=['expIII', 'expJJJ', 'expKKK', 'expLLL', 'expMMM']
[2026-04-26 01:10:40]   🔄 expGGG: training done, eval in progress...
[2026-04-26 01:10:40]   🔄 expHHH: training done, eval in progress...
[2026-04-26 01:10:40]   🔄 expIII: training done, eval in progress...
[2026-04-26 01:10:40]   🔄 expJJJ: training done, eval in progress...
[2026-04-26 01:10:40]   🔄 expKKK: training done, eval in progress...
[2026-04-26 01:10:40]   🔄 expLLL: training done, eval in progress...
[2026-04-26 01:10:40]   🔄 expMMM: training done, eval in progress...
[2026-04-26 01:12:40] Waiting... B8 missing=['expGGG', 'expHHH'], B9 missing=['expIII', 'expJJJ', 'expKKK', 'expLLL', 'expMMM']
[2026-04-26 01:12:40]   🔄 expGGG: training done, eval in progress...
[2026-04-26 01:12:40]   🔄 expHHH: training done, eval in progress...
[2026-04-26 01:12:40]   🔄 expIII: training done, eval in progress...
[2026-04-26 01:12:40]   🔄 expJJJ: training done, eval in progress...
[2026-04-26 01:12:40]   🔄 expKKK: training done, eval in progress...
[2026-04-26 01:12:40]   🔄 expLLL: training done, eval in progress...
[2026-04-26 01:12:40]   🔄 expMMM: training done, eval in progress...
[2026-04-26 01:14:40] Waiting... B8 missing=['expGGG', 'expHHH'], B9 missing=['expIII', 'expJJJ', 'expKKK', 'expLLL', 'expMMM']
[2026-04-26 01:14:40]   🔄 expGGG: training done, eval in progress...
[2026-04-26 01:14:40]   🔄 expHHH: training done, eval in progress...
[2026-04-26 01:14:40]   🔄 expIII: training done, eval in progress...
[2026-04-26 01:14:40]   🔄 expJJJ: training done, eval in progress...
[2026-04-26 01:14:40]   🔄 expKKK: training done, eval in progress...
[2026-04-26 01:14:40]   🔄 expLLL: training done, eval in progress...
[2026-04-26 01:14:40]   🔄 expMMM: training done, eval in progress...
[2026-04-26 01:16:40] Waiting... B8 missing=['expGGG', 'expHHH'], B9 missing=['expIII', 'expJJJ', 'expKKK', 'expLLL', 'expMMM']
[2026-04-26 01:16:40]   🔄 expGGG: training done, eval in progress...
[2026-04-26 01:16:40]   🔄 expHHH: training done, eval in progress...
[2026-04-26 01:16:40]   🔄 expIII: training done, eval in progress...
[2026-04-26 01:16:40]   🔄 expJJJ: training done, eval in progress...
[2026-04-26 01:16:40]   🔄 expKKK: training done, eval in progress...
[2026-04-26 01:16:40]   🔄 expLLL: training done, eval in progress...
[2026-04-26 01:16:40]   🔄 expMMM: training done, eval in progress...
[2026-04-26 01:18:40] Waiting... B8 missing=['expGGG', 'expHHH'], B9 missing=['expIII', 'expJJJ', 'expKKK', 'expLLL', 'expMMM']
[2026-04-26 01:18:40]   🔄 expGGG: training done, eval in progress...
[2026-04-26 01:18:40]   🔄 expHHH: training done, eval in progress...
[2026-04-26 01:18:40]   🔄 expIII: training done, eval in progress...
[2026-04-26 01:18:40]   🔄 expJJJ: training done, eval in progress...
[2026-04-26 01:18:40]   🔄 expKKK: training done, eval in progress...
[2026-04-26 01:18:40]   🔄 expLLL: training done, eval in progress...
[2026-04-26 01:18:40]   🔄 expMMM: training done, eval in progress...
[2026-04-26 01:20:40] Waiting... B8 missing=['expGGG', 'expHHH'], B9 missing=['expIII', 'expJJJ', 'expKKK', 'expLLL', 'expMMM']
[2026-04-26 01:20:40]   🔄 expGGG: training done, eval in progress...
[2026-04-26 01:20:40]   🔄 expHHH: training done, eval in progress...
[2026-04-26 01:20:40]   🔄 expIII: training done, eval in progress...
[2026-04-26 01:20:40]   🔄 expJJJ: training done, eval in progress...
[2026-04-26 01:20:40]   🔄 expKKK: training done, eval in progress...
[2026-04-26 01:20:40]   🔄 expLLL: training done, eval in progress...
[2026-04-26 01:20:40]   🔄 expMMM: training done, eval in progress...
[2026-04-26 01:22:41] Waiting... B8 missing=['expGGG', 'expHHH'], B9 missing=['expIII', 'expJJJ', 'expKKK', 'expLLL', 'expMMM']
[2026-04-26 01:22:41]   🔄 expGGG: training done, eval in progress...
[2026-04-26 01:22:41]   🔄 expHHH: training done, eval in progress...
[2026-04-26 01:22:41]   🔄 expIII: training done, eval in progress...
[2026-04-26 01:22:41]   🔄 expJJJ: training done, eval in progress...
[2026-04-26 01:22:41]   🔄 expKKK: training done, eval in progress...
[2026-04-26 01:22:41]   🔄 expLLL: training done, eval in progress...
[2026-04-26 01:22:41]   🔄 expMMM: training done, eval in progress...
[2026-04-26 01:24:41] Waiting... B8 missing=['expGGG', 'expHHH'], B9 missing=['expIII', 'expJJJ', 'expKKK', 'expLLL', 'expMMM']
[2026-04-26 01:24:41]   🔄 expGGG: training done, eval in progress...
[2026-04-26 01:24:41]   🔄 expHHH: training done, eval in progress...
[2026-04-26 01:24:41]   🔄 expIII: training done, eval in progress...
[2026-04-26 01:24:41]   🔄 expJJJ: training done, eval in progress...
[2026-04-26 01:24:41]   🔄 expKKK: training done, eval in progress...
[2026-04-26 01:24:41]   🔄 expLLL: training done, eval in progress...
[2026-04-26 01:24:41]   🔄 expMMM: training done, eval in progress...
[2026-04-26 01:26:41] Waiting... B8 missing=['expGGG', 'expHHH'], B9 missing=['expIII', 'expJJJ', 'expKKK', 'expLLL', 'expMMM']
[2026-04-26 01:26:41]   🔄 expGGG: training done, eval in progress...
[2026-04-26 01:26:41]   🔄 expHHH: training done, eval in progress...
[2026-04-26 01:26:41]   🔄 expIII: training done, eval in progress...
[2026-04-26 01:26:41]   🔄 expJJJ: training done, eval in progress...
[2026-04-26 01:26:41]   🔄 expKKK: training done, eval in progress...
[2026-04-26 01:26:41]   🔄 expLLL: training done, eval in progress...
[2026-04-26 01:26:41]   🔄 expMMM: training done, eval in progress...
[2026-04-26 01:28:41] Waiting... B8 missing=['expGGG', 'expHHH'], B9 missing=['expIII', 'expJJJ', 'expKKK', 'expLLL', 'expMMM']
[2026-04-26 01:28:41]   🔄 expGGG: training done, eval in progress...
[2026-04-26 01:28:41]   🔄 expHHH: training done, eval in progress...
[2026-04-26 01:28:41]   🔄 expIII: training done, eval in progress...
[2026-04-26 01:28:41]   🔄 expJJJ: training done, eval in progress...
[2026-04-26 01:28:41]   🔄 expKKK: training done, eval in progress...
[2026-04-26 01:28:41]   🔄 expLLL: training done, eval in progress...
[2026-04-26 01:28:41]   🔄 expMMM: training done, eval in progress...
[2026-04-26 01:30:41] Waiting... B8 missing=['expGGG', 'expHHH'], B9 missing=['expIII', 'expJJJ', 'expKKK', 'expLLL', 'expMMM']
[2026-04-26 01:30:41]   🔄 expGGG: training done, eval in progress...
[2026-04-26 01:30:41]   🔄 expHHH: training done, eval in progress...
[2026-04-26 01:30:41]   🔄 expIII: training done, eval in progress...
[2026-04-26 01:30:41]   🔄 expJJJ: training done, eval in progress...
[2026-04-26 01:30:41]   🔄 expKKK: training done, eval in progress...
[2026-04-26 01:30:41]   🔄 expLLL: training done, eval in progress...
[2026-04-26 01:30:41]   🔄 expMMM: training done, eval in progress...
[2026-04-26 01:32:41] Waiting... B8 missing=['expGGG', 'expHHH'], B9 missing=['expIII', 'expJJJ', 'expKKK', 'expLLL', 'expMMM']
[2026-04-26 01:32:41]   🔄 expGGG: training done, eval in progress...
[2026-04-26 01:32:41]   🔄 expHHH: training done, eval in progress...
[2026-04-26 01:32:41]   🔄 expIII: training done, eval in progress...
[2026-04-26 01:32:41]   🔄 expJJJ: training done, eval in progress...
[2026-04-26 01:32:41]   🔄 expKKK: training done, eval in progress...
[2026-04-26 01:32:41]   🔄 expLLL: training done, eval in progress...
[2026-04-26 01:32:41]   🔄 expMMM: training done, eval in progress...
[2026-04-26 01:34:41] Waiting... B8 missing=['expGGG', 'expHHH'], B9 missing=['expIII', 'expJJJ', 'expKKK', 'expLLL', 'expMMM']
[2026-04-26 01:34:41]   🔄 expGGG: training done, eval in progress...
[2026-04-26 01:34:41]   🔄 expHHH: training done, eval in progress...
[2026-04-26 01:34:41]   🔄 expIII: training done, eval in progress...
[2026-04-26 01:34:41]   🔄 expJJJ: training done, eval in progress...
[2026-04-26 01:34:41]   🔄 expKKK: training done, eval in progress...
[2026-04-26 01:34:41]   🔄 expLLL: training done, eval in progress...
[2026-04-26 01:34:41]   🔄 expMMM: training done, eval in progress...
[2026-04-26 01:36:42] Waiting... B8 missing=['expGGG', 'expHHH'], B9 missing=['expIII', 'expJJJ', 'expKKK', 'expLLL', 'expMMM']
[2026-04-26 01:36:42]   🔄 expGGG: training done, eval in progress...
[2026-04-26 01:36:42]   🔄 expHHH: training done, eval in progress...
[2026-04-26 01:36:42]   🔄 expIII: training done, eval in progress...
[2026-04-26 01:36:42]   🔄 expJJJ: training done, eval in progress...
[2026-04-26 01:36:42]   🔄 expKKK: training done, eval in progress...
[2026-04-26 01:36:42]   🔄 expLLL: training done, eval in progress...
[2026-04-26 01:36:42]   🔄 expMMM: training done, eval in progress...
[2026-04-26 01:38:42] Waiting... B8 missing=['expGGG', 'expHHH'], B9 missing=['expIII', 'expJJJ', 'expKKK', 'expLLL', 'expMMM']
[2026-04-26 01:38:42]   🔄 expGGG: training done, eval in progress...
[2026-04-26 01:38:42]   🔄 expHHH: training done, eval in progress...
[2026-04-26 01:38:42]   🔄 expIII: training done, eval in progress...
[2026-04-26 01:38:42]   🔄 expJJJ: training done, eval in progress...
[2026-04-26 01:38:42]   🔄 expKKK: training done, eval in progress...
[2026-04-26 01:38:42]   🔄 expLLL: training done, eval in progress...
[2026-04-26 01:38:42]   🔄 expMMM: training done, eval in progress...
[2026-04-26 01:40:42] Waiting... B8 missing=['expGGG', 'expHHH'], B9 missing=['expIII', 'expJJJ', 'expKKK', 'expLLL', 'expMMM']
[2026-04-26 01:40:42]   🔄 expGGG: training done, eval in progress...
[2026-04-26 01:40:42]   🔄 expHHH: training done, eval in progress...
[2026-04-26 01:40:42]   🔄 expIII: training done, eval in progress...
[2026-04-26 01:40:42]   🔄 expJJJ: training done, eval in progress...
[2026-04-26 01:40:42]   🔄 expKKK: training done, eval in progress...
[2026-04-26 01:40:42]   🔄 expLLL: training done, eval in progress...
[2026-04-26 01:40:42]   🔄 expMMM: training done, eval in progress...
[2026-04-26 01:42:42] Waiting... B8 missing=['expGGG', 'expHHH'], B9 missing=['expIII', 'expJJJ', 'expKKK', 'expLLL', 'expMMM']
[2026-04-26 01:42:42]   🔄 expGGG: training done, eval in progress...
[2026-04-26 01:42:42]   🔄 expHHH: training done, eval in progress...
[2026-04-26 01:42:42]   🔄 expIII: training done, eval in progress...
[2026-04-26 01:42:42]   🔄 expJJJ: training done, eval in progress...
[2026-04-26 01:42:42]   🔄 expKKK: training done, eval in progress...
[2026-04-26 01:42:42]   🔄 expLLL: training done, eval in progress...
[2026-04-26 01:42:42]   🔄 expMMM: training done, eval in progress...
[2026-04-26 01:44:42] Waiting... B8 missing=['expGGG', 'expHHH'], B9 missing=['expIII', 'expJJJ', 'expKKK', 'expLLL', 'expMMM']
[2026-04-26 01:44:42]   🔄 expGGG: training done, eval in progress...
[2026-04-26 01:44:42]   🔄 expHHH: training done, eval in progress...
[2026-04-26 01:44:42]   🔄 expIII: training done, eval in progress...
[2026-04-26 01:44:42]   🔄 expJJJ: training done, eval in progress...
[2026-04-26 01:44:42]   🔄 expKKK: training done, eval in progress...
[2026-04-26 01:44:42]   🔄 expLLL: training done, eval in progress...
[2026-04-26 01:44:42]   🔄 expMMM: training done, eval in progress...
[2026-04-26 01:46:42] Waiting... B8 missing=['expGGG', 'expHHH'], B9 missing=['expIII', 'expJJJ', 'expKKK', 'expLLL', 'expMMM']
[2026-04-26 01:46:42]   🔄 expGGG: training done, eval in progress...
[2026-04-26 01:46:42]   🔄 expHHH: training done, eval in progress...
[2026-04-26 01:46:42]   🔄 expIII: training done, eval in progress...
[2026-04-26 01:46:42]   🔄 expJJJ: training done, eval in progress...
[2026-04-26 01:46:42]   🔄 expKKK: training done, eval in progress...
[2026-04-26 01:46:42]   🔄 expLLL: training done, eval in progress...
[2026-04-26 01:46:42]   🔄 expMMM: training done, eval in progress...
[2026-04-26 01:48:42] Waiting... B8 missing=['expGGG', 'expHHH'], B9 missing=['expIII', 'expJJJ', 'expKKK', 'expLLL', 'expMMM']
[2026-04-26 01:48:42]   🔄 expGGG: training done, eval in progress...
[2026-04-26 01:48:42]   🔄 expHHH: training done, eval in progress...
[2026-04-26 01:48:42]   🔄 expIII: training done, eval in progress...
[2026-04-26 01:48:42]   🔄 expJJJ: training done, eval in progress...
[2026-04-26 01:48:42]   🔄 expKKK: training done, eval in progress...
[2026-04-26 01:48:42]   🔄 expLLL: training done, eval in progress...
[2026-04-26 01:48:42]   🔄 expMMM: training done, eval in progress...
[2026-04-26 01:50:43] Waiting... B8 missing=['expGGG', 'expHHH'], B9 missing=['expIII', 'expJJJ', 'expKKK', 'expLLL', 'expMMM']
[2026-04-26 01:50:43]   🔄 expGGG: training done, eval in progress...
[2026-04-26 01:50:43]   🔄 expHHH: training done, eval in progress...
[2026-04-26 01:50:43]   🔄 expIII: training done, eval in progress...
[2026-04-26 01:50:43]   🔄 expJJJ: training done, eval in progress...
[2026-04-26 01:50:43]   🔄 expKKK: training done, eval in progress...
[2026-04-26 01:50:43]   🔄 expLLL: training done, eval in progress...
[2026-04-26 01:50:43]   🔄 expMMM: training done, eval in progress...
[2026-04-26 01:52:43] Waiting... B8 missing=['expGGG', 'expHHH'], B9 missing=['expIII', 'expJJJ', 'expKKK', 'expLLL', 'expMMM']
[2026-04-26 01:52:43]   🔄 expGGG: training done, eval in progress...
[2026-04-26 01:52:43]   🔄 expHHH: training done, eval in progress...
[2026-04-26 01:52:43]   🔄 expIII: training done, eval in progress...
[2026-04-26 01:52:43]   🔄 expJJJ: training done, eval in progress...
[2026-04-26 01:52:43]   🔄 expKKK: training done, eval in progress...
[2026-04-26 01:52:43]   🔄 expLLL: training done, eval in progress...
[2026-04-26 01:52:43]   🔄 expMMM: training done, eval in progress...
[2026-04-26 01:54:43] Waiting... B8 missing=['expGGG', 'expHHH'], B9 missing=['expIII', 'expJJJ', 'expKKK', 'expLLL', 'expMMM']
[2026-04-26 01:54:43]   🔄 expGGG: training done, eval in progress...
[2026-04-26 01:54:43]   🔄 expHHH: training done, eval in progress...
[2026-04-26 01:54:43]   🔄 expIII: training done, eval in progress...
[2026-04-26 01:54:43]   🔄 expJJJ: training done, eval in progress...
[2026-04-26 01:54:43]   🔄 expKKK: training done, eval in progress...
[2026-04-26 01:54:43]   🔄 expLLL: training done, eval in progress...
[2026-04-26 01:54:43]   🔄 expMMM: training done, eval in progress...
[2026-04-26 01:56:43] Waiting... B8 missing=['expGGG', 'expHHH'], B9 missing=['expIII', 'expJJJ', 'expKKK', 'expLLL', 'expMMM']
[2026-04-26 01:56:43]   🔄 expGGG: training done, eval in progress...
[2026-04-26 01:56:43]   🔄 expHHH: training done, eval in progress...
[2026-04-26 01:56:43]   🔄 expIII: training done, eval in progress...
[2026-04-26 01:56:43]   🔄 expJJJ: training done, eval in progress...
[2026-04-26 01:56:43]   🔄 expKKK: training done, eval in progress...
[2026-04-26 01:56:43]   🔄 expLLL: training done, eval in progress...
[2026-04-26 01:56:43]   🔄 expMMM: training done, eval in progress...
[2026-04-26 01:58:43] Waiting... B8 missing=['expGGG', 'expHHH'], B9 missing=['expIII', 'expJJJ', 'expKKK', 'expLLL', 'expMMM']
[2026-04-26 01:58:43]   🔄 expGGG: training done, eval in progress...
[2026-04-26 01:58:43]   🔄 expHHH: training done, eval in progress...
[2026-04-26 01:58:43]   🔄 expIII: training done, eval in progress...
[2026-04-26 01:58:43]   🔄 expJJJ: training done, eval in progress...
[2026-04-26 01:58:43]   🔄 expKKK: training done, eval in progress...
[2026-04-26 01:58:43]   🔄 expLLL: training done, eval in progress...
[2026-04-26 01:58:43]   🔄 expMMM: training done, eval in progress...
[2026-04-26 02:00:43] Waiting... B8 missing=['expGGG', 'expHHH'], B9 missing=['expIII', 'expJJJ', 'expKKK', 'expLLL', 'expMMM']
[2026-04-26 02:00:43]   🔄 expGGG: training done, eval in progress...
[2026-04-26 02:00:43]   🔄 expHHH: training done, eval in progress...
[2026-04-26 02:00:43]   🔄 expIII: training done, eval in progress...
[2026-04-26 02:00:43]   🔄 expJJJ: training done, eval in progress...
[2026-04-26 02:00:43]   🔄 expKKK: training done, eval in progress...
[2026-04-26 02:00:43]   🔄 expLLL: training done, eval in progress...
[2026-04-26 02:00:43]   🔄 expMMM: training done, eval in progress...
[2026-04-26 02:02:43] Waiting... B8 missing=['expGGG', 'expHHH'], B9 missing=['expIII', 'expJJJ', 'expKKK', 'expLLL', 'expMMM']
[2026-04-26 02:02:43]   🔄 expGGG: training done, eval in progress...
[2026-04-26 02:02:43]   🔄 expHHH: training done, eval in progress...
[2026-04-26 02:02:43]   🔄 expIII: training done, eval in progress...
[2026-04-26 02:02:43]   🔄 expJJJ: training done, eval in progress...
[2026-04-26 02:02:43]   🔄 expKKK: training done, eval in progress...
[2026-04-26 02:02:43]   🔄 expLLL: training done, eval in progress...
[2026-04-26 02:02:43]   🔄 expMMM: training done, eval in progress...
[2026-04-26 02:04:44] Waiting... B8 missing=['expGGG', 'expHHH'], B9 missing=['expIII', 'expJJJ', 'expKKK', 'expLLL', 'expMMM']
[2026-04-26 02:04:44]   🔄 expGGG: training done, eval in progress...
[2026-04-26 02:04:44]   🔄 expHHH: training done, eval in progress...
[2026-04-26 02:04:44]   🔄 expIII: training done, eval in progress...
[2026-04-26 02:04:44]   🔄 expJJJ: training done, eval in progress...
[2026-04-26 02:04:44]   🔄 expKKK: training done, eval in progress...
[2026-04-26 02:04:44]   🔄 expLLL: training done, eval in progress...
[2026-04-26 02:04:44]   🔄 expMMM: training done, eval in progress...
[2026-04-26 02:06:44] Waiting... B8 missing=['expGGG', 'expHHH'], B9 missing=['expIII', 'expJJJ', 'expKKK', 'expLLL', 'expMMM']
[2026-04-26 02:06:44]   🔄 expGGG: training done, eval in progress...
[2026-04-26 02:06:44]   🔄 expHHH: training done, eval in progress...
[2026-04-26 02:06:44]   🔄 expIII: training done, eval in progress...
[2026-04-26 02:06:44]   🔄 expJJJ: training done, eval in progress...
[2026-04-26 02:06:44]   🔄 expKKK: training done, eval in progress...
[2026-04-26 02:06:44]   🔄 expLLL: training done, eval in progress...
[2026-04-26 02:06:44]   🔄 expMMM: training done, eval in progress...
[2026-04-26 02:08:44] Waiting... B8 missing=['expGGG', 'expHHH'], B9 missing=['expIII', 'expJJJ', 'expKKK', 'expLLL', 'expMMM']
[2026-04-26 02:08:44]   🔄 expGGG: training done, eval in progress...
[2026-04-26 02:08:44]   🔄 expHHH: training done, eval in progress...
[2026-04-26 02:08:44]   🔄 expIII: training done, eval in progress...
[2026-04-26 02:08:44]   🔄 expJJJ: training done, eval in progress...
[2026-04-26 02:08:44]   🔄 expKKK: training done, eval in progress...
[2026-04-26 02:08:44]   🔄 expLLL: training done, eval in progress...
[2026-04-26 02:08:44]   🔄 expMMM: training done, eval in progress...
[2026-04-26 02:10:44] Waiting... B8 missing=['expGGG', 'expHHH'], B9 missing=['expIII', 'expJJJ', 'expKKK', 'expLLL', 'expMMM']
[2026-04-26 02:10:44]   🔄 expGGG: training done, eval in progress...
[2026-04-26 02:10:44]   🔄 expHHH: training done, eval in progress...
[2026-04-26 02:10:44]   🔄 expIII: training done, eval in progress...
[2026-04-26 02:10:44]   🔄 expJJJ: training done, eval in progress...
[2026-04-26 02:10:44]   🔄 expKKK: training done, eval in progress...
[2026-04-26 02:10:44]   🔄 expLLL: training done, eval in progress...
[2026-04-26 02:10:44]   🔄 expMMM: training done, eval in progress...
[2026-04-26 02:12:44] Waiting... B8 missing=['expGGG', 'expHHH'], B9 missing=['expIII', 'expJJJ', 'expKKK', 'expLLL', 'expMMM']
[2026-04-26 02:12:44]   🔄 expGGG: training done, eval in progress...
[2026-04-26 02:12:44]   🔄 expHHH: training done, eval in progress...
[2026-04-26 02:12:44]   🔄 expIII: training done, eval in progress...
[2026-04-26 02:12:44]   🔄 expJJJ: training done, eval in progress...
[2026-04-26 02:12:44]   🔄 expKKK: training done, eval in progress...
[2026-04-26 02:12:44]   🔄 expLLL: training done, eval in progress...
[2026-04-26 02:12:44]   🔄 expMMM: training done, eval in progress...
[2026-04-26 02:14:44] Waiting... B8 missing=['expGGG', 'expHHH'], B9 missing=['expIII', 'expJJJ', 'expKKK', 'expLLL', 'expMMM']
[2026-04-26 02:14:44]   🔄 expGGG: training done, eval in progress...
[2026-04-26 02:14:44]   🔄 expHHH: training done, eval in progress...
[2026-04-26 02:14:44]   🔄 expIII: training done, eval in progress...
[2026-04-26 02:14:44]   🔄 expJJJ: training done, eval in progress...
[2026-04-26 02:14:44]   🔄 expKKK: training done, eval in progress...
[2026-04-26 02:14:44]   🔄 expLLL: training done, eval in progress...
[2026-04-26 02:14:44]   🔄 expMMM: training done, eval in progress...
[2026-04-26 02:16:45] Waiting... B8 missing=['expGGG', 'expHHH'], B9 missing=['expIII', 'expJJJ', 'expKKK', 'expLLL', 'expMMM']
[2026-04-26 02:16:45]   🔄 expGGG: training done, eval in progress...
[2026-04-26 02:16:45]   🔄 expHHH: training done, eval in progress...
[2026-04-26 02:16:45]   🔄 expIII: training done, eval in progress...
[2026-04-26 02:16:45]   🔄 expJJJ: training done, eval in progress...
[2026-04-26 02:16:45]   🔄 expKKK: training done, eval in progress...
[2026-04-26 02:16:45]   🔄 expLLL: training done, eval in progress...
[2026-04-26 02:16:45]   🔄 expMMM: training done, eval in progress...
[2026-04-26 02:18:45] Waiting... B8 missing=['expGGG', 'expHHH'], B9 missing=['expIII', 'expJJJ', 'expKKK', 'expLLL', 'expMMM']
[2026-04-26 02:18:45]   🔄 expGGG: training done, eval in progress...
[2026-04-26 02:18:45]   🔄 expHHH: training done, eval in progress...
[2026-04-26 02:18:45]   🔄 expIII: training done, eval in progress...
[2026-04-26 02:18:45]   🔄 expJJJ: training done, eval in progress...
[2026-04-26 02:18:45]   🔄 expKKK: training done, eval in progress...
[2026-04-26 02:18:45]   🔄 expLLL: training done, eval in progress...
[2026-04-26 02:18:45]   🔄 expMMM: training done, eval in progress...
[2026-04-26 02:20:45] Waiting... B8 missing=['expGGG', 'expHHH'], B9 missing=['expIII', 'expJJJ', 'expKKK', 'expLLL', 'expMMM']
[2026-04-26 02:20:45]   🔄 expGGG: training done, eval in progress...
[2026-04-26 02:20:45]   🔄 expHHH: training done, eval in progress...
[2026-04-26 02:20:45]   🔄 expIII: training done, eval in progress...
[2026-04-26 02:20:45]   🔄 expJJJ: training done, eval in progress...
[2026-04-26 02:20:45]   🔄 expKKK: training done, eval in progress...
[2026-04-26 02:20:45]   🔄 expLLL: training done, eval in progress...
[2026-04-26 02:20:45]   🔄 expMMM: training done, eval in progress...
[2026-04-26 02:22:45] Waiting... B8 missing=['expGGG', 'expHHH'], B9 missing=['expIII', 'expJJJ', 'expKKK', 'expLLL', 'expMMM']
[2026-04-26 02:22:45]   🔄 expGGG: training done, eval in progress...
[2026-04-26 02:22:45]   🔄 expHHH: training done, eval in progress...
[2026-04-26 02:22:45]   🔄 expIII: training done, eval in progress...
[2026-04-26 02:22:45]   🔄 expJJJ: training done, eval in progress...
[2026-04-26 02:22:45]   🔄 expKKK: training done, eval in progress...
[2026-04-26 02:22:45]   🔄 expLLL: training done, eval in progress...
[2026-04-26 02:22:45]   🔄 expMMM: training done, eval in progress...
[2026-04-26 02:24:45] Waiting... B8 missing=['expGGG', 'expHHH'], B9 missing=['expIII', 'expJJJ', 'expKKK', 'expLLL', 'expMMM']
[2026-04-26 02:24:45]   🔄 expGGG: training done, eval in progress...
[2026-04-26 02:24:45]   🔄 expHHH: training done, eval in progress...
[2026-04-26 02:24:45]   🔄 expIII: training done, eval in progress...
[2026-04-26 02:24:45]   🔄 expJJJ: training done, eval in progress...
[2026-04-26 02:24:45]   🔄 expKKK: training done, eval in progress...
[2026-04-26 02:24:45]   🔄 expLLL: training done, eval in progress...
[2026-04-26 02:24:45]   🔄 expMMM: training done, eval in progress...
[2026-04-26 02:26:45] Waiting... B8 missing=['expGGG', 'expHHH'], B9 missing=['expIII', 'expJJJ', 'expKKK', 'expLLL', 'expMMM']
[2026-04-26 02:26:45]   🔄 expGGG: training done, eval in progress...
[2026-04-26 02:26:45]   🔄 expHHH: training done, eval in progress...
[2026-04-26 02:26:45]   🔄 expIII: training done, eval in progress...
[2026-04-26 02:26:45]   🔄 expJJJ: training done, eval in progress...
[2026-04-26 02:26:45]   🔄 expKKK: training done, eval in progress...
[2026-04-26 02:26:45]   🔄 expLLL: training done, eval in progress...
[2026-04-26 02:26:45]   🔄 expMMM: training done, eval in progress...
[2026-04-26 02:28:45] Waiting... B8 missing=['expGGG', 'expHHH'], B9 missing=['expIII', 'expJJJ', 'expKKK', 'expLLL', 'expMMM']
[2026-04-26 02:28:45]   🔄 expGGG: training done, eval in progress...
[2026-04-26 02:28:45]   🔄 expHHH: training done, eval in progress...
[2026-04-26 02:28:45]   🔄 expIII: training done, eval in progress...
[2026-04-26 02:28:45]   🔄 expJJJ: training done, eval in progress...
[2026-04-26 02:28:46]   🔄 expKKK: training done, eval in progress...
[2026-04-26 02:28:46]   🔄 expLLL: training done, eval in progress...
[2026-04-26 02:28:46]   🔄 expMMM: training done, eval in progress...
[2026-04-26 02:30:46] Waiting... B8 missing=['expGGG', 'expHHH'], B9 missing=['expIII', 'expJJJ', 'expKKK', 'expLLL', 'expMMM']
[2026-04-26 02:30:46]   🔄 expGGG: training done, eval in progress...
[2026-04-26 02:30:46]   🔄 expHHH: training done, eval in progress...
[2026-04-26 02:30:46]   🔄 expIII: training done, eval in progress...
[2026-04-26 02:30:46]   🔄 expJJJ: training done, eval in progress...
[2026-04-26 02:30:46]   🔄 expKKK: training done, eval in progress...
[2026-04-26 02:30:46]   🔄 expLLL: training done, eval in progress...
[2026-04-26 02:30:46]   🔄 expMMM: training done, eval in progress...
[2026-04-26 02:32:46] Waiting... B8 missing=['expGGG', 'expHHH'], B9 missing=['expIII', 'expJJJ', 'expKKK', 'expLLL', 'expMMM']
[2026-04-26 02:32:46]   🔄 expGGG: training done, eval in progress...
[2026-04-26 02:32:46]   🔄 expHHH: training done, eval in progress...
[2026-04-26 02:32:46]   🔄 expIII: training done, eval in progress...
[2026-04-26 02:32:46]   🔄 expJJJ: training done, eval in progress...
[2026-04-26 02:32:46]   🔄 expKKK: training done, eval in progress...
[2026-04-26 02:32:46]   🔄 expLLL: training done, eval in progress...
[2026-04-26 02:32:46]   🔄 expMMM: training done, eval in progress...
[2026-04-26 02:34:46] Waiting... B8 missing=['expGGG', 'expHHH'], B9 missing=['expIII', 'expJJJ', 'expKKK', 'expLLL', 'expMMM']
[2026-04-26 02:34:46]   🔄 expGGG: training done, eval in progress...
[2026-04-26 02:34:46]   🔄 expHHH: training done, eval in progress...
[2026-04-26 02:34:46]   🔄 expIII: training done, eval in progress...
[2026-04-26 02:34:46]   🔄 expJJJ: training done, eval in progress...
[2026-04-26 02:34:46]   🔄 expKKK: training done, eval in progress...
[2026-04-26 02:34:46]   🔄 expLLL: training done, eval in progress...
[2026-04-26 02:34:46]   🔄 expMMM: training done, eval in progress...
[2026-04-26 02:36:46] Waiting... B8 missing=['expGGG', 'expHHH'], B9 missing=['expIII', 'expJJJ', 'expKKK', 'expLLL', 'expMMM']
[2026-04-26 02:36:46]   🔄 expGGG: training done, eval in progress...
[2026-04-26 02:36:46]   🔄 expHHH: training done, eval in progress...
[2026-04-26 02:36:46]   🔄 expIII: training done, eval in progress...
[2026-04-26 02:36:46]   🔄 expJJJ: training done, eval in progress...
[2026-04-26 02:36:46]   🔄 expKKK: training done, eval in progress...
[2026-04-26 02:36:46]   🔄 expLLL: training done, eval in progress...
[2026-04-26 02:36:46]   🔄 expMMM: training done, eval in progress...
[2026-04-26 02:38:46] Waiting... B8 missing=['expGGG', 'expHHH'], B9 missing=['expIII', 'expJJJ', 'expKKK', 'expLLL', 'expMMM']
[2026-04-26 02:38:46]   🔄 expGGG: training done, eval in progress...
[2026-04-26 02:38:46]   🔄 expHHH: training done, eval in progress...
[2026-04-26 02:38:46]   🔄 expIII: training done, eval in progress...
[2026-04-26 02:38:46]   🔄 expJJJ: training done, eval in progress...
[2026-04-26 02:38:46]   🔄 expKKK: training done, eval in progress...
[2026-04-26 02:38:46]   🔄 expLLL: training done, eval in progress...
[2026-04-26 02:38:46]   🔄 expMMM: training done, eval in progress...
[2026-04-26 02:40:46] Waiting... B8 missing=['expGGG', 'expHHH'], B9 missing=['expIII', 'expJJJ', 'expKKK', 'expLLL', 'expMMM']
[2026-04-26 02:40:46]   🔄 expGGG: training done, eval in progress...
[2026-04-26 02:40:46]   🔄 expHHH: training done, eval in progress...
[2026-04-26 02:40:46]   🔄 expIII: training done, eval in progress...
[2026-04-26 02:40:46]   🔄 expJJJ: training done, eval in progress...
[2026-04-26 02:40:46]   🔄 expKKK: training done, eval in progress...
[2026-04-26 02:40:46]   🔄 expLLL: training done, eval in progress...
[2026-04-26 02:40:46]   🔄 expMMM: training done, eval in progress...
[2026-04-26 02:42:46] Waiting... B8 missing=['expGGG', 'expHHH'], B9 missing=['expIII', 'expJJJ', 'expKKK', 'expLLL', 'expMMM']
[2026-04-26 02:42:46]   🔄 expGGG: training done, eval in progress...
[2026-04-26 02:42:46]   🔄 expHHH: training done, eval in progress...
[2026-04-26 02:42:46]   🔄 expIII: training done, eval in progress...
[2026-04-26 02:42:46]   🔄 expJJJ: training done, eval in progress...
[2026-04-26 02:42:46]   🔄 expKKK: training done, eval in progress...
[2026-04-26 02:42:46]   🔄 expLLL: training done, eval in progress...
[2026-04-26 02:42:47]   🔄 expMMM: training done, eval in progress...
[2026-04-26 02:44:47] Waiting... B8 missing=['expGGG', 'expHHH'], B9 missing=['expIII', 'expJJJ', 'expKKK', 'expLLL', 'expMMM']
[2026-04-26 02:44:47]   🔄 expGGG: training done, eval in progress...
[2026-04-26 02:44:47]   🔄 expHHH: training done, eval in progress...
[2026-04-26 02:44:47]   🔄 expIII: training done, eval in progress...
[2026-04-26 02:44:47]   🔄 expJJJ: training done, eval in progress...
[2026-04-26 02:44:47]   🔄 expKKK: training done, eval in progress...
[2026-04-26 02:44:47]   🔄 expLLL: training done, eval in progress...
[2026-04-26 02:44:47]   🔄 expMMM: training done, eval in progress...
[2026-04-26 02:46:47] Waiting... B8 missing=['expGGG', 'expHHH'], B9 missing=['expIII', 'expJJJ', 'expKKK', 'expLLL', 'expMMM']
[2026-04-26 02:46:47]   🔄 expGGG: training done, eval in progress...
[2026-04-26 02:46:47]   🔄 expHHH: training done, eval in progress...
[2026-04-26 02:46:47]   🔄 expIII: training done, eval in progress...
[2026-04-26 02:46:47]   🔄 expJJJ: training done, eval in progress...
[2026-04-26 02:46:47]   🔄 expKKK: training done, eval in progress...
[2026-04-26 02:46:47]   🔄 expLLL: training done, eval in progress...
[2026-04-26 02:46:47]   🔄 expMMM: training done, eval in progress...
[2026-04-26 02:48:47] Waiting... B8 missing=['expGGG', 'expHHH'], B9 missing=['expIII', 'expJJJ', 'expKKK', 'expLLL', 'expMMM']
[2026-04-26 02:48:47]   🔄 expGGG: training done, eval in progress...
[2026-04-26 02:48:47]   🔄 expHHH: training done, eval in progress...
[2026-04-26 02:48:47]   🔄 expIII: training done, eval in progress...
[2026-04-26 02:48:47]   🔄 expJJJ: training done, eval in progress...
[2026-04-26 02:48:47]   🔄 expKKK: training done, eval in progress...
[2026-04-26 02:48:47]   🔄 expLLL: training done, eval in progress...
[2026-04-26 02:48:47]   🔄 expMMM: training done, eval in progress...
[2026-04-26 02:50:47] Waiting... B8 missing=['expGGG', 'expHHH'], B9 missing=['expIII', 'expJJJ', 'expKKK', 'expLLL', 'expMMM']
[2026-04-26 02:50:47]   🔄 expGGG: training done, eval in progress...
[2026-04-26 02:50:47]   🔄 expHHH: training done, eval in progress...
[2026-04-26 02:50:47]   🔄 expIII: training done, eval in progress...
[2026-04-26 02:50:47]   🔄 expJJJ: training done, eval in progress...
[2026-04-26 02:50:47]   🔄 expKKK: training done, eval in progress...
[2026-04-26 02:50:47]   🔄 expLLL: training done, eval in progress...
[2026-04-26 02:50:47]   🔄 expMMM: training done, eval in progress...
[2026-04-26 02:52:47] Waiting... B8 missing=['expGGG', 'expHHH'], B9 missing=['expIII', 'expJJJ', 'expKKK', 'expLLL', 'expMMM']
[2026-04-26 02:52:47]   🔄 expGGG: training done, eval in progress...
[2026-04-26 02:52:47]   🔄 expHHH: training done, eval in progress...
[2026-04-26 02:52:47]   🔄 expIII: training done, eval in progress...
[2026-04-26 02:52:47]   🔄 expJJJ: training done, eval in progress...
[2026-04-26 02:52:47]   🔄 expKKK: training done, eval in progress...
[2026-04-26 02:52:47]   🔄 expLLL: training done, eval in progress...
[2026-04-26 02:52:47]   🔄 expMMM: training done, eval in progress...
[2026-04-26 02:54:47] Waiting... B8 missing=['expGGG', 'expHHH'], B9 missing=['expIII', 'expJJJ', 'expKKK', 'expLLL', 'expMMM']
[2026-04-26 02:54:47]   🔄 expGGG: training done, eval in progress...
[2026-04-26 02:54:47]   🔄 expHHH: training done, eval in progress...
[2026-04-26 02:54:47]   🔄 expIII: training done, eval in progress...
[2026-04-26 02:54:47]   🔄 expJJJ: training done, eval in progress...
[2026-04-26 02:54:47]   🔄 expKKK: training done, eval in progress...
[2026-04-26 02:54:47]   🔄 expLLL: training done, eval in progress...
[2026-04-26 02:54:47]   🔄 expMMM: training done, eval in progress...
[2026-04-26 02:56:48] Waiting... B8 missing=['expGGG', 'expHHH'], B9 missing=['expIII', 'expJJJ', 'expKKK', 'expLLL', 'expMMM']
[2026-04-26 02:56:48]   🔄 expGGG: training done, eval in progress...
[2026-04-26 02:56:48]   🔄 expHHH: training done, eval in progress...
[2026-04-26 02:56:48]   🔄 expIII: training done, eval in progress...
[2026-04-26 02:56:48]   🔄 expJJJ: training done, eval in progress...
[2026-04-26 02:56:48]   🔄 expKKK: training done, eval in progress...
[2026-04-26 02:56:48]   🔄 expLLL: training done, eval in progress...
[2026-04-26 02:56:48]   🔄 expMMM: training done, eval in progress...
[2026-04-26 02:58:48] Waiting... B8 missing=['expGGG', 'expHHH'], B9 missing=['expIII', 'expJJJ', 'expKKK', 'expLLL', 'expMMM']
[2026-04-26 02:58:48]   🔄 expGGG: training done, eval in progress...
[2026-04-26 02:58:48]   🔄 expHHH: training done, eval in progress...
[2026-04-26 02:58:48]   🔄 expIII: training done, eval in progress...
[2026-04-26 02:58:48]   🔄 expJJJ: training done, eval in progress...
[2026-04-26 02:58:48]   🔄 expKKK: training done, eval in progress...
[2026-04-26 02:58:48]   🔄 expLLL: training done, eval in progress...
[2026-04-26 02:58:48]   🔄 expMMM: training done, eval in progress...
[2026-04-26 03:00:48] Waiting... B8 missing=['expGGG', 'expHHH'], B9 missing=['expIII', 'expJJJ', 'expKKK', 'expLLL', 'expMMM']
[2026-04-26 03:00:48]   🔄 expGGG: training done, eval in progress...
[2026-04-26 03:00:48]   🔄 expHHH: training done, eval in progress...
[2026-04-26 03:00:48]   🔄 expIII: training done, eval in progress...
[2026-04-26 03:00:48]   🔄 expJJJ: training done, eval in progress...
[2026-04-26 03:00:48]   🔄 expKKK: training done, eval in progress...
[2026-04-26 03:00:48]   🔄 expLLL: training done, eval in progress...
[2026-04-26 03:00:48]   🔄 expMMM: training done, eval in progress...
[2026-04-26 03:02:48] Waiting... B8 missing=['expGGG', 'expHHH'], B9 missing=['expIII', 'expJJJ', 'expKKK', 'expLLL', 'expMMM']
[2026-04-26 03:02:48]   🔄 expGGG: training done, eval in progress...
[2026-04-26 03:02:48]   🔄 expHHH: training done, eval in progress...
[2026-04-26 03:02:48]   🔄 expIII: training done, eval in progress...
[2026-04-26 03:02:48]   🔄 expJJJ: training done, eval in progress...
[2026-04-26 03:02:48]   🔄 expKKK: training done, eval in progress...
[2026-04-26 03:02:48]   🔄 expLLL: training done, eval in progress...
[2026-04-26 03:02:48]   🔄 expMMM: training done, eval in progress...
[2026-04-26 03:04:48] Waiting... B8 missing=['expGGG', 'expHHH'], B9 missing=['expIII', 'expJJJ', 'expKKK', 'expLLL', 'expMMM']
[2026-04-26 03:04:48]   🔄 expGGG: training done, eval in progress...
[2026-04-26 03:04:48]   🔄 expHHH: training done, eval in progress...
[2026-04-26 03:04:48]   🔄 expIII: training done, eval in progress...
[2026-04-26 03:04:48]   🔄 expJJJ: training done, eval in progress...
[2026-04-26 03:04:48]   🔄 expKKK: training done, eval in progress...
[2026-04-26 03:04:48]   🔄 expLLL: training done, eval in progress...
[2026-04-26 03:04:48]   🔄 expMMM: training done, eval in progress...
[2026-04-26 03:06:48] Waiting... B8 missing=['expGGG', 'expHHH'], B9 missing=['expIII', 'expJJJ', 'expKKK', 'expLLL', 'expMMM']
[2026-04-26 03:06:48]   🔄 expGGG: training done, eval in progress...
[2026-04-26 03:06:48]   🔄 expHHH: training done, eval in progress...
[2026-04-26 03:06:48]   🔄 expIII: training done, eval in progress...
[2026-04-26 03:06:48]   🔄 expJJJ: training done, eval in progress...
[2026-04-26 03:06:48]   🔄 expKKK: training done, eval in progress...
[2026-04-26 03:06:48]   🔄 expLLL: training done, eval in progress...
[2026-04-26 03:06:48]   🔄 expMMM: training done, eval in progress...
[2026-04-26 03:08:48] Waiting... B8 missing=['expGGG', 'expHHH'], B9 missing=['expIII', 'expJJJ', 'expKKK', 'expLLL', 'expMMM']
[2026-04-26 03:08:48]   🔄 expGGG: training done, eval in progress...
[2026-04-26 03:08:48]   🔄 expHHH: training done, eval in progress...
[2026-04-26 03:08:48]   🔄 expIII: training done, eval in progress...
[2026-04-26 03:08:48]   🔄 expJJJ: training done, eval in progress...
[2026-04-26 03:08:48]   🔄 expKKK: training done, eval in progress...
[2026-04-26 03:08:48]   🔄 expLLL: training done, eval in progress...
[2026-04-26 03:08:48]   🔄 expMMM: training done, eval in progress...
[2026-04-26 03:10:49] Waiting... B8 missing=['expGGG', 'expHHH'], B9 missing=['expIII', 'expJJJ', 'expKKK', 'expLLL', 'expMMM']
[2026-04-26 03:10:49]   🔄 expGGG: training done, eval in progress...
[2026-04-26 03:10:49]   🔄 expHHH: training done, eval in progress...
[2026-04-26 03:10:49]   🔄 expIII: training done, eval in progress...
[2026-04-26 03:10:49]   🔄 expJJJ: training done, eval in progress...
[2026-04-26 03:10:49]   🔄 expKKK: training done, eval in progress...
[2026-04-26 03:10:49]   🔄 expLLL: training done, eval in progress...
[2026-04-26 03:10:49]   🔄 expMMM: training done, eval in progress...
[2026-04-26 03:12:49] Waiting... B8 missing=['expGGG', 'expHHH'], B9 missing=['expIII', 'expJJJ', 'expKKK', 'expLLL', 'expMMM']
[2026-04-26 03:12:49]   🔄 expGGG: training done, eval in progress...
[2026-04-26 03:12:49]   🔄 expHHH: training done, eval in progress...
[2026-04-26 03:12:49]   🔄 expIII: training done, eval in progress...
[2026-04-26 03:12:49]   🔄 expJJJ: training done, eval in progress...
[2026-04-26 03:12:49]   🔄 expKKK: training done, eval in progress...
[2026-04-26 03:12:49]   🔄 expLLL: training done, eval in progress...
[2026-04-26 03:12:49]   🔄 expMMM: training done, eval in progress...
[2026-04-26 03:14:49] Waiting... B8 missing=['expGGG', 'expHHH'], B9 missing=['expIII', 'expJJJ', 'expKKK', 'expLLL', 'expMMM']
[2026-04-26 03:14:49]   🔄 expGGG: training done, eval in progress...
[2026-04-26 03:14:49]   🔄 expHHH: training done, eval in progress...
[2026-04-26 03:14:49]   🔄 expIII: training done, eval in progress...
[2026-04-26 03:14:49]   🔄 expJJJ: training done, eval in progress...
[2026-04-26 03:14:49]   🔄 expKKK: training done, eval in progress...
[2026-04-26 03:14:49]   🔄 expLLL: training done, eval in progress...
[2026-04-26 03:14:49]   🔄 expMMM: training done, eval in progress...
[2026-04-26 03:16:49] Waiting... B8 missing=['expGGG', 'expHHH'], B9 missing=['expIII', 'expJJJ', 'expKKK', 'expLLL', 'expMMM']
[2026-04-26 03:16:49]   🔄 expGGG: training done, eval in progress...
[2026-04-26 03:16:49]   🔄 expHHH: training done, eval in progress...
[2026-04-26 03:16:49]   🔄 expIII: training done, eval in progress...
[2026-04-26 03:16:49]   🔄 expJJJ: training done, eval in progress...
[2026-04-26 03:16:49]   🔄 expKKK: training done, eval in progress...
[2026-04-26 03:16:49]   🔄 expLLL: training done, eval in progress...
[2026-04-26 03:16:49]   🔄 expMMM: training done, eval in progress...
[2026-04-26 03:18:49] Waiting... B8 missing=['expGGG', 'expHHH'], B9 missing=['expIII', 'expJJJ', 'expKKK', 'expLLL', 'expMMM']
[2026-04-26 03:18:49]   🔄 expGGG: training done, eval in progress...
[2026-04-26 03:18:49]   🔄 expHHH: training done, eval in progress...
[2026-04-26 03:18:49]   🔄 expIII: training done, eval in progress...
[2026-04-26 03:18:49]   🔄 expJJJ: training done, eval in progress...
[2026-04-26 03:18:49]   🔄 expKKK: training done, eval in progress...
[2026-04-26 03:18:49]   🔄 expLLL: training done, eval in progress...
[2026-04-26 03:18:49]   🔄 expMMM: training done, eval in progress...
[2026-04-26 03:20:49] Waiting... B8 missing=['expGGG', 'expHHH'], B9 missing=['expIII', 'expJJJ', 'expKKK', 'expLLL', 'expMMM']
[2026-04-26 03:20:49]   🔄 expGGG: training done, eval in progress...
[2026-04-26 03:20:49]   🔄 expHHH: training done, eval in progress...
[2026-04-26 03:20:49]   🔄 expIII: training done, eval in progress...
[2026-04-26 03:20:49]   🔄 expJJJ: training done, eval in progress...
[2026-04-26 03:20:49]   🔄 expKKK: training done, eval in progress...
[2026-04-26 03:20:49]   🔄 expLLL: training done, eval in progress...
[2026-04-26 03:20:49]   🔄 expMMM: training done, eval in progress...
[2026-04-26 03:22:49] Waiting... B8 missing=['expGGG', 'expHHH'], B9 missing=['expIII', 'expJJJ', 'expKKK', 'expLLL', 'expMMM']
[2026-04-26 03:22:49]   🔄 expGGG: training done, eval in progress...
[2026-04-26 03:22:49]   🔄 expHHH: training done, eval in progress...
[2026-04-26 03:22:49]   🔄 expIII: training done, eval in progress...
[2026-04-26 03:22:49]   🔄 expJJJ: training done, eval in progress...
[2026-04-26 03:22:49]   🔄 expKKK: training done, eval in progress...
[2026-04-26 03:22:49]   🔄 expLLL: training done, eval in progress...
[2026-04-26 03:22:49]   🔄 expMMM: training done, eval in progress...
[2026-04-26 03:24:49] Waiting... B8 missing=['expGGG', 'expHHH'], B9 missing=['expIII', 'expJJJ', 'expKKK', 'expLLL', 'expMMM']
[2026-04-26 03:24:49]   🔄 expGGG: training done, eval in progress...
[2026-04-26 03:24:49]   🔄 expHHH: training done, eval in progress...
[2026-04-26 03:24:49]   🔄 expIII: training done, eval in progress...
[2026-04-26 03:24:49]   🔄 expJJJ: training done, eval in progress...
[2026-04-26 03:24:49]   🔄 expKKK: training done, eval in progress...
[2026-04-26 03:24:49]   🔄 expLLL: training done, eval in progress...
[2026-04-26 03:24:49]   🔄 expMMM: training done, eval in progress...
[2026-04-26 03:26:50] Waiting... B8 missing=['expGGG', 'expHHH'], B9 missing=['expIII', 'expJJJ', 'expKKK', 'expLLL', 'expMMM']
[2026-04-26 03:26:50]   🔄 expGGG: training done, eval in progress...
[2026-04-26 03:26:50]   🔄 expHHH: training done, eval in progress...
[2026-04-26 03:26:50]   🔄 expIII: training done, eval in progress...
[2026-04-26 03:26:50]   🔄 expJJJ: training done, eval in progress...
[2026-04-26 03:26:50]   🔄 expKKK: training done, eval in progress...
[2026-04-26 03:26:50]   🔄 expLLL: training done, eval in progress...
[2026-04-26 03:26:50]   🔄 expMMM: training done, eval in progress...
[2026-04-26 03:28:50] Waiting... B8 missing=['expGGG', 'expHHH'], B9 missing=['expIII', 'expJJJ', 'expKKK', 'expLLL', 'expMMM']
[2026-04-26 03:28:50]   🔄 expGGG: training done, eval in progress...
[2026-04-26 03:28:50]   🔄 expHHH: training done, eval in progress...
[2026-04-26 03:28:50]   🔄 expIII: training done, eval in progress...
[2026-04-26 03:28:50]   🔄 expJJJ: training done, eval in progress...
[2026-04-26 03:28:50]   🔄 expKKK: training done, eval in progress...
[2026-04-26 03:28:50]   🔄 expLLL: training done, eval in progress...
[2026-04-26 03:28:50]   🔄 expMMM: training done, eval in progress...
[2026-04-26 03:30:50] Waiting... B8 missing=['expGGG', 'expHHH'], B9 missing=['expIII', 'expJJJ', 'expKKK', 'expLLL', 'expMMM']
[2026-04-26 03:30:50]   🔄 expGGG: training done, eval in progress...
[2026-04-26 03:30:50]   🔄 expHHH: training done, eval in progress...
[2026-04-26 03:30:50]   🔄 expIII: training done, eval in progress...
[2026-04-26 03:30:50]   🔄 expJJJ: training done, eval in progress...
[2026-04-26 03:30:50]   🔄 expKKK: training done, eval in progress...
[2026-04-26 03:30:50]   🔄 expLLL: training done, eval in progress...
[2026-04-26 03:30:50]   🔄 expMMM: training done, eval in progress...
[2026-04-26 03:32:50] Waiting... B8 missing=['expGGG', 'expHHH'], B9 missing=['expIII', 'expJJJ', 'expKKK', 'expLLL', 'expMMM']
[2026-04-26 03:32:50]   🔄 expGGG: training done, eval in progress...
[2026-04-26 03:32:50]   🔄 expHHH: training done, eval in progress...
[2026-04-26 03:32:50]   🔄 expIII: training done, eval in progress...
[2026-04-26 03:32:50]   🔄 expJJJ: training done, eval in progress...
[2026-04-26 03:32:50]   🔄 expKKK: training done, eval in progress...
[2026-04-26 03:32:50]   🔄 expLLL: training done, eval in progress...
[2026-04-26 03:32:50]   🔄 expMMM: training done, eval in progress...
[2026-04-26 03:34:50] Waiting... B8 missing=['expGGG', 'expHHH'], B9 missing=['expIII', 'expJJJ', 'expKKK', 'expLLL', 'expMMM']
[2026-04-26 03:34:50]   🔄 expGGG: training done, eval in progress...
[2026-04-26 03:34:50]   🔄 expHHH: training done, eval in progress...
[2026-04-26 03:34:50]   🔄 expIII: training done, eval in progress...
[2026-04-26 03:34:50]   🔄 expJJJ: training done, eval in progress...
[2026-04-26 03:34:50]   🔄 expKKK: training done, eval in progress...
[2026-04-26 03:34:50]   🔄 expLLL: training done, eval in progress...
[2026-04-26 03:34:50]   🔄 expMMM: training done, eval in progress...
[2026-04-26 03:36:50] Waiting... B8 missing=['expGGG', 'expHHH'], B9 missing=['expIII', 'expJJJ', 'expKKK', 'expLLL', 'expMMM']
[2026-04-26 03:36:50]   🔄 expGGG: training done, eval in progress...
[2026-04-26 03:36:50]   🔄 expHHH: training done, eval in progress...
[2026-04-26 03:36:50]   🔄 expIII: training done, eval in progress...
[2026-04-26 03:36:50]   🔄 expJJJ: training done, eval in progress...
[2026-04-26 03:36:50]   🔄 expKKK: training done, eval in progress...
[2026-04-26 03:36:50]   🔄 expLLL: training done, eval in progress...
[2026-04-26 03:36:50]   🔄 expMMM: training done, eval in progress...
[2026-04-26 03:38:50] Waiting... B8 missing=['expGGG', 'expHHH'], B9 missing=['expIII', 'expJJJ', 'expKKK', 'expLLL', 'expMMM']
[2026-04-26 03:38:50]   🔄 expGGG: training done, eval in progress...
[2026-04-26 03:38:50]   🔄 expHHH: training done, eval in progress...
[2026-04-26 03:38:50]   🔄 expIII: training done, eval in progress...
[2026-04-26 03:38:50]   🔄 expJJJ: training done, eval in progress...
[2026-04-26 03:38:50]   🔄 expKKK: training done, eval in progress...
[2026-04-26 03:38:50]   🔄 expLLL: training done, eval in progress...
[2026-04-26 03:38:50]   🔄 expMMM: training done, eval in progress...
[2026-04-26 03:40:51] Waiting... B8 missing=['expGGG', 'expHHH'], B9 missing=['expIII', 'expJJJ', 'expKKK', 'expLLL', 'expMMM']
[2026-04-26 03:40:51]   🔄 expGGG: training done, eval in progress...
[2026-04-26 03:40:51]   🔄 expHHH: training done, eval in progress...
[2026-04-26 03:40:51]   🔄 expIII: training done, eval in progress...
[2026-04-26 03:40:51]   🔄 expJJJ: training done, eval in progress...
[2026-04-26 03:40:51]   🔄 expKKK: training done, eval in progress...
[2026-04-26 03:40:51]   🔄 expLLL: training done, eval in progress...
[2026-04-26 03:40:51]   🔄 expMMM: training done, eval in progress...
[2026-04-26 03:42:51] Waiting... B8 missing=['expGGG', 'expHHH'], B9 missing=['expIII', 'expJJJ', 'expKKK', 'expLLL', 'expMMM']
[2026-04-26 03:42:51]   🔄 expGGG: training done, eval in progress...
[2026-04-26 03:42:51]   🔄 expHHH: training done, eval in progress...
[2026-04-26 03:42:51]   🔄 expIII: training done, eval in progress...
[2026-04-26 03:42:51]   🔄 expJJJ: training done, eval in progress...
[2026-04-26 03:42:51]   🔄 expKKK: training done, eval in progress...
[2026-04-26 03:42:51]   🔄 expLLL: training done, eval in progress...
[2026-04-26 03:42:51]   🔄 expMMM: training done, eval in progress...
[2026-04-26 03:44:51] Waiting... B8 missing=['expGGG', 'expHHH'], B9 missing=['expIII', 'expJJJ', 'expKKK', 'expLLL', 'expMMM']
[2026-04-26 03:44:51]   🔄 expGGG: training done, eval in progress...
[2026-04-26 03:44:51]   🔄 expHHH: training done, eval in progress...
[2026-04-26 03:44:51]   🔄 expIII: training done, eval in progress...
[2026-04-26 03:44:51]   🔄 expJJJ: training done, eval in progress...
[2026-04-26 03:44:51]   🔄 expKKK: training done, eval in progress...
[2026-04-26 03:44:51]   🔄 expLLL: training done, eval in progress...
[2026-04-26 03:44:51]   🔄 expMMM: training done, eval in progress...
[2026-04-26 03:46:51] Waiting... B8 missing=['expGGG', 'expHHH'], B9 missing=['expIII', 'expJJJ', 'expKKK', 'expLLL', 'expMMM']
[2026-04-26 03:46:51]   🔄 expGGG: training done, eval in progress...
[2026-04-26 03:46:51]   🔄 expHHH: training done, eval in progress...
[2026-04-26 03:46:51]   🔄 expIII: training done, eval in progress...
[2026-04-26 03:46:51]   🔄 expJJJ: training done, eval in progress...
[2026-04-26 03:46:51]   🔄 expKKK: training done, eval in progress...
[2026-04-26 03:46:51]   🔄 expLLL: training done, eval in progress...
[2026-04-26 03:46:51]   🔄 expMMM: training done, eval in progress...
[2026-04-26 03:48:51] Waiting... B8 missing=['expGGG', 'expHHH'], B9 missing=['expIII', 'expJJJ', 'expKKK', 'expLLL', 'expMMM']
[2026-04-26 03:48:51]   🔄 expGGG: training done, eval in progress...
[2026-04-26 03:48:51]   🔄 expHHH: training done, eval in progress...
[2026-04-26 03:48:51]   🔄 expIII: training done, eval in progress...
[2026-04-26 03:48:51]   🔄 expJJJ: training done, eval in progress...
[2026-04-26 03:48:51]   🔄 expKKK: training done, eval in progress...
[2026-04-26 03:48:51]   🔄 expLLL: training done, eval in progress...
[2026-04-26 03:48:51]   🔄 expMMM: training done, eval in progress...
[2026-04-26 03:50:51] Waiting... B8 missing=['expGGG', 'expHHH'], B9 missing=['expIII', 'expJJJ', 'expKKK', 'expLLL', 'expMMM']
[2026-04-26 03:50:51]   🔄 expGGG: training done, eval in progress...
[2026-04-26 03:50:51]   🔄 expHHH: training done, eval in progress...
[2026-04-26 03:50:51]   🔄 expIII: training done, eval in progress...
[2026-04-26 03:50:51]   🔄 expJJJ: training done, eval in progress...
[2026-04-26 03:50:51]   🔄 expKKK: training done, eval in progress...
[2026-04-26 03:50:51]   🔄 expLLL: training done, eval in progress...
[2026-04-26 03:50:51]   🔄 expMMM: training done, eval in progress...
[2026-04-26 03:52:51] Waiting... B8 missing=['expGGG', 'expHHH'], B9 missing=['expIII', 'expJJJ', 'expKKK', 'expLLL', 'expMMM']
[2026-04-26 03:52:51]   🔄 expGGG: training done, eval in progress...
[2026-04-26 03:52:51]   🔄 expHHH: training done, eval in progress...
[2026-04-26 03:52:51]   🔄 expIII: training done, eval in progress...
[2026-04-26 03:52:51]   🔄 expJJJ: training done, eval in progress...
[2026-04-26 03:52:51]   🔄 expKKK: training done, eval in progress...
[2026-04-26 03:52:51]   🔄 expLLL: training done, eval in progress...
[2026-04-26 03:52:51]   🔄 expMMM: training done, eval in progress...
[2026-04-26 03:54:52] Waiting... B8 missing=['expGGG', 'expHHH'], B9 missing=['expIII', 'expJJJ', 'expKKK', 'expLLL', 'expMMM']
[2026-04-26 03:54:52]   🔄 expGGG: training done, eval in progress...
[2026-04-26 03:54:52]   🔄 expHHH: training done, eval in progress...
[2026-04-26 03:54:52]   🔄 expIII: training done, eval in progress...
[2026-04-26 03:54:52]   🔄 expJJJ: training done, eval in progress...
[2026-04-26 03:54:52]   🔄 expKKK: training done, eval in progress...
[2026-04-26 03:54:52]   🔄 expLLL: training done, eval in progress...
[2026-04-26 03:54:52]   🔄 expMMM: training done, eval in progress...
[2026-04-26 03:56:52] Waiting... B8 missing=['expGGG', 'expHHH'], B9 missing=['expIII', 'expJJJ', 'expKKK', 'expLLL', 'expMMM']
[2026-04-26 03:56:52]   🔄 expGGG: training done, eval in progress...
[2026-04-26 03:56:52]   🔄 expHHH: training done, eval in progress...
[2026-04-26 03:56:52]   🔄 expIII: training done, eval in progress...
[2026-04-26 03:56:52]   🔄 expJJJ: training done, eval in progress...
[2026-04-26 03:56:52]   🔄 expKKK: training done, eval in progress...
[2026-04-26 03:56:52]   🔄 expLLL: training done, eval in progress...
[2026-04-26 03:56:52]   🔄 expMMM: training done, eval in progress...
[2026-04-26 03:58:52] Waiting... B8 missing=['expGGG', 'expHHH'], B9 missing=['expIII', 'expJJJ', 'expKKK', 'expLLL', 'expMMM']
[2026-04-26 03:58:52]   🔄 expGGG: training done, eval in progress...
[2026-04-26 03:58:52]   🔄 expHHH: training done, eval in progress...
[2026-04-26 03:58:52]   🔄 expIII: training done, eval in progress...
[2026-04-26 03:58:52]   🔄 expJJJ: training done, eval in progress...
[2026-04-26 03:58:52]   🔄 expKKK: training done, eval in progress...
[2026-04-26 03:58:52]   🔄 expLLL: training done, eval in progress...
[2026-04-26 03:58:52]   🔄 expMMM: training done, eval in progress...
[2026-04-26 04:00:52] Waiting... B8 missing=['expGGG', 'expHHH'], B9 missing=['expIII', 'expJJJ', 'expKKK', 'expLLL', 'expMMM']
[2026-04-26 04:00:52]   🔄 expGGG: training done, eval in progress...
[2026-04-26 04:00:52]   🔄 expHHH: training done, eval in progress...
[2026-04-26 04:00:52]   🔄 expIII: training done, eval in progress...
[2026-04-26 04:00:52]   🔄 expJJJ: training done, eval in progress...
[2026-04-26 04:00:52]   🔄 expKKK: training done, eval in progress...
[2026-04-26 04:00:52]   🔄 expLLL: training done, eval in progress...
[2026-04-26 04:00:52]   🔄 expMMM: training done, eval in progress...
[2026-04-26 04:02:52] Waiting... B8 missing=['expGGG', 'expHHH'], B9 missing=['expIII', 'expJJJ', 'expKKK', 'expLLL', 'expMMM']
[2026-04-26 04:02:52]   🔄 expGGG: training done, eval in progress...
[2026-04-26 04:02:52]   🔄 expHHH: training done, eval in progress...
[2026-04-26 04:02:52]   🔄 expIII: training done, eval in progress...
[2026-04-26 04:02:52]   🔄 expJJJ: training done, eval in progress...
[2026-04-26 04:02:52]   🔄 expKKK: training done, eval in progress...
[2026-04-26 04:02:52]   🔄 expLLL: training done, eval in progress...
[2026-04-26 04:02:52]   🔄 expMMM: training done, eval in progress...
[2026-04-26 04:04:52] Waiting... B8 missing=['expGGG', 'expHHH'], B9 missing=['expIII', 'expJJJ', 'expKKK', 'expLLL', 'expMMM']
[2026-04-26 04:04:52]   🔄 expGGG: training done, eval in progress...
[2026-04-26 04:04:52]   🔄 expHHH: training done, eval in progress...
[2026-04-26 04:04:52]   🔄 expIII: training done, eval in progress...
[2026-04-26 04:04:52]   🔄 expJJJ: training done, eval in progress...
[2026-04-26 04:04:52]   🔄 expKKK: training done, eval in progress...
[2026-04-26 04:04:52]   🔄 expLLL: training done, eval in progress...
[2026-04-26 04:04:52]   🔄 expMMM: training done, eval in progress...
[2026-04-26 04:06:53] Waiting... B8 missing=['expGGG', 'expHHH'], B9 missing=['expIII', 'expJJJ', 'expKKK', 'expLLL', 'expMMM']
[2026-04-26 04:06:53]   🔄 expGGG: training done, eval in progress...
[2026-04-26 04:06:53]   🔄 expHHH: training done, eval in progress...
[2026-04-26 04:06:53]   🔄 expIII: training done, eval in progress...
[2026-04-26 04:06:53]   🔄 expJJJ: training done, eval in progress...
[2026-04-26 04:06:53]   🔄 expKKK: training done, eval in progress...
[2026-04-26 04:06:53]   🔄 expLLL: training done, eval in progress...
[2026-04-26 04:06:53]   🔄 expMMM: training done, eval in progress...
[2026-04-26 04:08:53] Waiting... B8 missing=['expGGG', 'expHHH'], B9 missing=['expIII', 'expJJJ', 'expKKK', 'expLLL', 'expMMM']
[2026-04-26 04:08:53]   🔄 expGGG: training done, eval in progress...
[2026-04-26 04:08:53]   🔄 expHHH: training done, eval in progress...
[2026-04-26 04:08:53]   🔄 expIII: training done, eval in progress...
[2026-04-26 04:08:53]   🔄 expJJJ: training done, eval in progress...
[2026-04-26 04:08:53]   🔄 expKKK: training done, eval in progress...
[2026-04-26 04:08:53]   🔄 expLLL: training done, eval in progress...
[2026-04-26 04:08:53]   🔄 expMMM: training done, eval in progress...
[2026-04-26 04:10:53] Waiting... B8 missing=['expGGG', 'expHHH'], B9 missing=['expIII', 'expJJJ', 'expKKK', 'expLLL', 'expMMM']
[2026-04-26 04:10:53]   🔄 expGGG: training done, eval in progress...
[2026-04-26 04:10:53]   🔄 expHHH: training done, eval in progress...
[2026-04-26 04:10:53]   🔄 expIII: training done, eval in progress...
[2026-04-26 04:10:53]   🔄 expJJJ: training done, eval in progress...
[2026-04-26 04:10:53]   🔄 expKKK: training done, eval in progress...
[2026-04-26 04:10:53]   🔄 expLLL: training done, eval in progress...
[2026-04-26 04:10:53]   🔄 expMMM: training done, eval in progress...
[2026-04-26 04:12:53] Waiting... B8 missing=['expGGG', 'expHHH'], B9 missing=['expIII', 'expJJJ', 'expKKK', 'expLLL', 'expMMM']
[2026-04-26 04:12:53]   🔄 expGGG: training done, eval in progress...
[2026-04-26 04:12:53]   🔄 expHHH: training done, eval in progress...
[2026-04-26 04:12:53]   🔄 expIII: training done, eval in progress...
[2026-04-26 04:12:53]   🔄 expJJJ: training done, eval in progress...
[2026-04-26 04:12:53]   🔄 expKKK: training done, eval in progress...
[2026-04-26 04:12:53]   🔄 expLLL: training done, eval in progress...
[2026-04-26 04:12:53]   🔄 expMMM: training done, eval in progress...
[2026-04-26 04:14:53] Waiting... B8 missing=['expGGG', 'expHHH'], B9 missing=['expIII', 'expJJJ', 'expKKK', 'expLLL', 'expMMM']
[2026-04-26 04:14:53]   🔄 expGGG: training done, eval in progress...
[2026-04-26 04:14:53]   🔄 expHHH: training done, eval in progress...
[2026-04-26 04:14:53]   🔄 expIII: training done, eval in progress...
[2026-04-26 04:14:53]   🔄 expJJJ: training done, eval in progress...
[2026-04-26 04:14:53]   🔄 expKKK: training done, eval in progress...
[2026-04-26 04:14:53]   🔄 expLLL: training done, eval in progress...
[2026-04-26 04:14:53]   🔄 expMMM: training done, eval in progress...
[2026-04-26 04:16:53] Waiting... B8 missing=['expGGG', 'expHHH'], B9 missing=['expIII', 'expJJJ', 'expKKK', 'expLLL', 'expMMM']
[2026-04-26 04:16:53]   🔄 expGGG: training done, eval in progress...
[2026-04-26 04:16:53]   🔄 expHHH: training done, eval in progress...
[2026-04-26 04:16:53]   🔄 expIII: training done, eval in progress...
[2026-04-26 04:16:53]   🔄 expJJJ: training done, eval in progress...
[2026-04-26 04:16:53]   🔄 expKKK: training done, eval in progress...
[2026-04-26 04:16:53]   🔄 expLLL: training done, eval in progress...
[2026-04-26 04:16:53]   🔄 expMMM: training done, eval in progress...
[2026-04-26 04:18:53] Waiting... B8 missing=['expGGG', 'expHHH'], B9 missing=['expIII', 'expJJJ', 'expKKK', 'expLLL', 'expMMM']
[2026-04-26 04:18:53]   🔄 expGGG: training done, eval in progress...
[2026-04-26 04:18:53]   🔄 expHHH: training done, eval in progress...
[2026-04-26 04:18:53]   🔄 expIII: training done, eval in progress...
[2026-04-26 04:18:53]   🔄 expJJJ: training done, eval in progress...
[2026-04-26 04:18:53]   🔄 expKKK: training done, eval in progress...
[2026-04-26 04:18:53]   🔄 expLLL: training done, eval in progress...
[2026-04-26 04:18:53]   🔄 expMMM: training done, eval in progress...
[2026-04-26 04:20:54] Waiting... B8 missing=['expGGG', 'expHHH'], B9 missing=['expIII', 'expJJJ', 'expKKK', 'expLLL', 'expMMM']
[2026-04-26 04:20:54]   🔄 expGGG: training done, eval in progress...
[2026-04-26 04:20:54]   🔄 expHHH: training done, eval in progress...
[2026-04-26 04:20:54]   🔄 expIII: training done, eval in progress...
[2026-04-26 04:20:54]   🔄 expJJJ: training done, eval in progress...
[2026-04-26 04:20:54]   🔄 expKKK: training done, eval in progress...
[2026-04-26 04:20:54]   🔄 expLLL: training done, eval in progress...
[2026-04-26 04:20:54]   🔄 expMMM: training done, eval in progress...
[2026-04-26 04:22:54] Waiting... B8 missing=['expGGG', 'expHHH'], B9 missing=['expIII', 'expJJJ', 'expKKK', 'expLLL', 'expMMM']
[2026-04-26 04:22:54]   🔄 expGGG: training done, eval in progress...
[2026-04-26 04:22:54]   🔄 expHHH: training done, eval in progress...
[2026-04-26 04:22:54]   🔄 expIII: training done, eval in progress...
[2026-04-26 04:22:54]   🔄 expJJJ: training done, eval in progress...
[2026-04-26 04:22:54]   🔄 expKKK: training done, eval in progress...
[2026-04-26 04:22:54]   🔄 expLLL: training done, eval in progress...
[2026-04-26 04:22:54]   🔄 expMMM: training done, eval in progress...
[2026-04-26 04:24:54] Waiting... B8 missing=['expGGG', 'expHHH'], B9 missing=['expIII', 'expJJJ', 'expKKK', 'expLLL', 'expMMM']
[2026-04-26 04:24:54]   🔄 expGGG: training done, eval in progress...
[2026-04-26 04:24:54]   🔄 expHHH: training done, eval in progress...
[2026-04-26 04:24:54]   🔄 expIII: training done, eval in progress...
[2026-04-26 04:24:54]   🔄 expJJJ: training done, eval in progress...
[2026-04-26 04:24:54]   🔄 expKKK: training done, eval in progress...
[2026-04-26 04:24:54]   🔄 expLLL: training done, eval in progress...
[2026-04-26 04:24:54]   🔄 expMMM: training done, eval in progress...
[2026-04-26 04:26:54] Waiting... B8 missing=['expGGG', 'expHHH'], B9 missing=['expIII', 'expJJJ', 'expKKK', 'expLLL', 'expMMM']
[2026-04-26 04:26:54]   🔄 expGGG: training done, eval in progress...
[2026-04-26 04:26:54]   🔄 expHHH: training done, eval in progress...
[2026-04-26 04:26:54]   🔄 expIII: training done, eval in progress...
[2026-04-26 04:26:54]   🔄 expJJJ: training done, eval in progress...
[2026-04-26 04:26:54]   🔄 expKKK: training done, eval in progress...
[2026-04-26 04:26:54]   🔄 expLLL: training done, eval in progress...
[2026-04-26 04:26:54]   🔄 expMMM: training done, eval in progress...
[2026-04-26 04:28:54] Waiting... B8 missing=['expGGG', 'expHHH'], B9 missing=['expIII', 'expJJJ', 'expKKK', 'expLLL', 'expMMM']
[2026-04-26 04:28:54]   🔄 expGGG: training done, eval in progress...
[2026-04-26 04:28:54]   🔄 expHHH: training done, eval in progress...
[2026-04-26 04:28:54]   🔄 expIII: training done, eval in progress...
[2026-04-26 04:28:54]   🔄 expJJJ: training done, eval in progress...
[2026-04-26 04:28:54]   🔄 expKKK: training done, eval in progress...
[2026-04-26 04:28:54]   🔄 expLLL: training done, eval in progress...
[2026-04-26 04:28:54]   🔄 expMMM: training done, eval in progress...
[2026-04-26 04:30:54] Waiting... B8 missing=['expGGG', 'expHHH'], B9 missing=['expIII', 'expJJJ', 'expKKK', 'expLLL', 'expMMM']
[2026-04-26 04:30:54]   🔄 expGGG: training done, eval in progress...
[2026-04-26 04:30:54]   🔄 expHHH: training done, eval in progress...
[2026-04-26 04:30:54]   🔄 expIII: training done, eval in progress...
[2026-04-26 04:30:54]   🔄 expJJJ: training done, eval in progress...
[2026-04-26 04:30:54]   🔄 expKKK: training done, eval in progress...
[2026-04-26 04:30:54]   🔄 expLLL: training done, eval in progress...
[2026-04-26 04:30:54]   🔄 expMMM: training done, eval in progress...
[2026-04-26 04:32:54] Waiting... B8 missing=['expGGG', 'expHHH'], B9 missing=['expIII', 'expJJJ', 'expKKK', 'expLLL', 'expMMM']
[2026-04-26 04:32:54]   🔄 expGGG: training done, eval in progress...
[2026-04-26 04:32:54]   🔄 expHHH: training done, eval in progress...
[2026-04-26 04:32:54]   🔄 expIII: training done, eval in progress...
[2026-04-26 04:32:54]   🔄 expJJJ: training done, eval in progress...
[2026-04-26 04:32:54]   🔄 expKKK: training done, eval in progress...
[2026-04-26 04:32:54]   🔄 expLLL: training done, eval in progress...
[2026-04-26 04:32:54]   🔄 expMMM: training done, eval in progress...
[2026-04-26 04:34:55] Waiting... B8 missing=['expGGG', 'expHHH'], B9 missing=['expIII', 'expJJJ', 'expKKK', 'expLLL', 'expMMM']
[2026-04-26 04:34:55]   🔄 expGGG: training done, eval in progress...
[2026-04-26 04:34:55]   🔄 expHHH: training done, eval in progress...
[2026-04-26 04:34:55]   🔄 expIII: training done, eval in progress...
[2026-04-26 04:34:55]   🔄 expJJJ: training done, eval in progress...
[2026-04-26 04:34:55]   🔄 expKKK: training done, eval in progress...
[2026-04-26 04:34:55]   🔄 expLLL: training done, eval in progress...
[2026-04-26 04:34:55]   🔄 expMMM: training done, eval in progress...
[2026-04-26 04:36:55] Waiting... B8 missing=['expGGG', 'expHHH'], B9 missing=['expIII', 'expJJJ', 'expKKK', 'expLLL', 'expMMM']
[2026-04-26 04:36:55]   🔄 expGGG: training done, eval in progress...
[2026-04-26 04:36:55]   🔄 expHHH: training done, eval in progress...
[2026-04-26 04:36:55]   🔄 expIII: training done, eval in progress...
[2026-04-26 04:36:55]   🔄 expJJJ: training done, eval in progress...
[2026-04-26 04:36:55]   🔄 expKKK: training done, eval in progress...
[2026-04-26 04:36:55]   🔄 expLLL: training done, eval in progress...
[2026-04-26 04:36:55]   🔄 expMMM: training done, eval in progress...
[2026-04-26 04:38:55] Waiting... B8 missing=['expGGG', 'expHHH'], B9 missing=['expIII', 'expJJJ', 'expKKK', 'expLLL', 'expMMM']
[2026-04-26 04:38:55]   🔄 expGGG: training done, eval in progress...
[2026-04-26 04:38:55]   🔄 expHHH: training done, eval in progress...
[2026-04-26 04:38:55]   🔄 expIII: training done, eval in progress...
[2026-04-26 04:38:55]   🔄 expJJJ: training done, eval in progress...
[2026-04-26 04:38:55]   🔄 expKKK: training done, eval in progress...
[2026-04-26 04:38:55]   🔄 expLLL: training done, eval in progress...
[2026-04-26 04:38:55]   🔄 expMMM: training done, eval in progress...
[2026-04-26 04:40:55] Waiting... B8 missing=['expGGG', 'expHHH'], B9 missing=['expIII', 'expJJJ', 'expKKK', 'expLLL', 'expMMM']
[2026-04-26 04:40:55]   🔄 expGGG: training done, eval in progress...
[2026-04-26 04:40:55]   🔄 expHHH: training done, eval in progress...
[2026-04-26 04:40:55]   🔄 expIII: training done, eval in progress...
[2026-04-26 04:40:55]   🔄 expJJJ: training done, eval in progress...
[2026-04-26 04:40:55]   🔄 expKKK: training done, eval in progress...
[2026-04-26 04:40:55]   🔄 expLLL: training done, eval in progress...
[2026-04-26 04:40:55]   🔄 expMMM: training done, eval in progress...
[2026-04-26 04:42:55] Waiting... B8 missing=['expGGG', 'expHHH'], B9 missing=['expIII', 'expJJJ', 'expKKK', 'expLLL', 'expMMM']
[2026-04-26 04:42:55]   🔄 expGGG: training done, eval in progress...
[2026-04-26 04:42:55]   🔄 expHHH: training done, eval in progress...
[2026-04-26 04:42:55]   🔄 expIII: training done, eval in progress...
[2026-04-26 04:42:55]   🔄 expJJJ: training done, eval in progress...
[2026-04-26 04:42:55]   🔄 expKKK: training done, eval in progress...
[2026-04-26 04:42:55]   🔄 expLLL: training done, eval in progress...
[2026-04-26 04:42:55]   🔄 expMMM: training done, eval in progress...
[2026-04-26 04:44:55] Waiting... B8 missing=['expGGG', 'expHHH'], B9 missing=['expIII', 'expJJJ', 'expKKK', 'expLLL', 'expMMM']
[2026-04-26 04:44:55]   🔄 expGGG: training done, eval in progress...
[2026-04-26 04:44:55]   🔄 expHHH: training done, eval in progress...
[2026-04-26 04:44:55]   🔄 expIII: training done, eval in progress...
[2026-04-26 04:44:55]   🔄 expJJJ: training done, eval in progress...
[2026-04-26 04:44:55]   🔄 expKKK: training done, eval in progress...
[2026-04-26 04:44:55]   🔄 expLLL: training done, eval in progress...
[2026-04-26 04:44:55]   🔄 expMMM: training done, eval in progress...
[2026-04-26 04:46:55] Waiting... B8 missing=['expGGG', 'expHHH'], B9 missing=['expIII', 'expJJJ', 'expKKK', 'expLLL', 'expMMM']
[2026-04-26 04:46:55]   🔄 expGGG: training done, eval in progress...
[2026-04-26 04:46:55]   🔄 expHHH: training done, eval in progress...
[2026-04-26 04:46:55]   🔄 expIII: training done, eval in progress...
[2026-04-26 04:46:55]   🔄 expJJJ: training done, eval in progress...
[2026-04-26 04:46:55]   🔄 expKKK: training done, eval in progress...
[2026-04-26 04:46:55]   🔄 expLLL: training done, eval in progress...
[2026-04-26 04:46:55]   🔄 expMMM: training done, eval in progress...
[2026-04-26 04:48:55] Waiting... B8 missing=['expGGG', 'expHHH'], B9 missing=['expIII', 'expJJJ', 'expKKK', 'expLLL', 'expMMM']
[2026-04-26 04:48:56]   🔄 expGGG: training done, eval in progress...
[2026-04-26 04:48:56]   🔄 expHHH: training done, eval in progress...
[2026-04-26 04:48:56]   🔄 expIII: training done, eval in progress...
[2026-04-26 04:48:56]   🔄 expJJJ: training done, eval in progress...
[2026-04-26 04:48:56]   🔄 expKKK: training done, eval in progress...
[2026-04-26 04:48:56]   🔄 expLLL: training done, eval in progress...
[2026-04-26 04:48:56]   🔄 expMMM: training done, eval in progress...
[2026-04-26 04:50:56] Waiting... B8 missing=['expGGG', 'expHHH'], B9 missing=['expIII', 'expJJJ', 'expKKK', 'expLLL', 'expMMM']
[2026-04-26 04:50:56]   🔄 expGGG: training done, eval in progress...
[2026-04-26 04:50:56]   🔄 expHHH: training done, eval in progress...
[2026-04-26 04:50:56]   🔄 expIII: training done, eval in progress...
[2026-04-26 04:50:56]   🔄 expJJJ: training done, eval in progress...
[2026-04-26 04:50:56]   🔄 expKKK: training done, eval in progress...
[2026-04-26 04:50:56]   🔄 expLLL: training done, eval in progress...
[2026-04-26 04:50:56]   🔄 expMMM: training done, eval in progress...
[2026-04-26 04:52:56] Waiting... B8 missing=['expGGG', 'expHHH'], B9 missing=['expIII', 'expJJJ', 'expKKK', 'expLLL', 'expMMM']
[2026-04-26 04:52:56]   🔄 expGGG: training done, eval in progress...
[2026-04-26 04:52:56]   🔄 expHHH: training done, eval in progress...
[2026-04-26 04:52:56]   🔄 expIII: training done, eval in progress...
[2026-04-26 04:52:56]   🔄 expJJJ: training done, eval in progress...
[2026-04-26 04:52:56]   🔄 expKKK: training done, eval in progress...
[2026-04-26 04:52:56]   🔄 expLLL: training done, eval in progress...
[2026-04-26 04:52:56]   🔄 expMMM: training done, eval in progress...
[2026-04-26 04:54:56] Waiting... B8 missing=['expGGG', 'expHHH'], B9 missing=['expIII', 'expJJJ', 'expKKK', 'expLLL', 'expMMM']
[2026-04-26 04:54:56]   🔄 expGGG: training done, eval in progress...
[2026-04-26 04:54:56]   🔄 expHHH: training done, eval in progress...
[2026-04-26 04:54:56]   🔄 expIII: training done, eval in progress...
[2026-04-26 04:54:56]   🔄 expJJJ: training done, eval in progress...
[2026-04-26 04:54:56]   🔄 expKKK: training done, eval in progress...
[2026-04-26 04:54:56]   🔄 expLLL: training done, eval in progress...
[2026-04-26 04:54:56]   🔄 expMMM: training done, eval in progress...
[2026-04-26 04:56:56] Waiting... B8 missing=['expGGG', 'expHHH'], B9 missing=['expIII', 'expJJJ', 'expKKK', 'expLLL', 'expMMM']
[2026-04-26 04:56:56]   🔄 expGGG: training done, eval in progress...
[2026-04-26 04:56:56]   🔄 expHHH: training done, eval in progress...
[2026-04-26 04:56:56]   🔄 expIII: training done, eval in progress...
[2026-04-26 04:56:56]   🔄 expJJJ: training done, eval in progress...
[2026-04-26 04:56:56]   🔄 expKKK: training done, eval in progress...
[2026-04-26 04:56:56]   🔄 expLLL: training done, eval in progress...
[2026-04-26 04:56:56]   🔄 expMMM: training done, eval in progress...
[2026-04-26 04:58:56] Waiting... B8 missing=['expGGG', 'expHHH'], B9 missing=['expIII', 'expJJJ', 'expKKK', 'expLLL', 'expMMM']
[2026-04-26 04:58:56]   🔄 expGGG: training done, eval in progress...
[2026-04-26 04:58:56]   🔄 expHHH: training done, eval in progress...
[2026-04-26 04:58:56]   🔄 expIII: training done, eval in progress...
[2026-04-26 04:58:56]   🔄 expJJJ: training done, eval in progress...
[2026-04-26 04:58:56]   🔄 expKKK: training done, eval in progress...
[2026-04-26 04:58:56]   🔄 expLLL: training done, eval in progress...
[2026-04-26 04:58:56]   🔄 expMMM: training done, eval in progress...
[2026-04-26 05:00:56] Waiting... B8 missing=['expGGG', 'expHHH'], B9 missing=['expIII', 'expJJJ', 'expKKK', 'expLLL', 'expMMM']
[2026-04-26 05:00:56]   🔄 expGGG: training done, eval in progress...
[2026-04-26 05:00:56]   🔄 expHHH: training done, eval in progress...
[2026-04-26 05:00:56]   🔄 expIII: training done, eval in progress...
[2026-04-26 05:00:56]   🔄 expJJJ: training done, eval in progress...
[2026-04-26 05:00:56]   🔄 expKKK: training done, eval in progress...
[2026-04-26 05:00:56]   🔄 expLLL: training done, eval in progress...
[2026-04-26 05:00:56]   🔄 expMMM: training done, eval in progress...
[2026-04-26 05:02:57] Waiting... B8 missing=['expGGG', 'expHHH'], B9 missing=['expIII', 'expJJJ', 'expKKK', 'expLLL', 'expMMM']
[2026-04-26 05:02:57]   🔄 expGGG: training done, eval in progress...
[2026-04-26 05:02:57]   🔄 expHHH: training done, eval in progress...
[2026-04-26 05:02:57]   🔄 expIII: training done, eval in progress...
[2026-04-26 05:02:57]   🔄 expJJJ: training done, eval in progress...
[2026-04-26 05:02:57]   🔄 expKKK: training done, eval in progress...
[2026-04-26 05:02:57]   🔄 expLLL: training done, eval in progress...
[2026-04-26 05:02:57]   🔄 expMMM: training done, eval in progress...
[2026-04-26 05:04:57] Waiting... B8 missing=['expGGG', 'expHHH'], B9 missing=['expIII', 'expJJJ', 'expKKK', 'expLLL', 'expMMM']
[2026-04-26 05:04:57]   🔄 expGGG: training done, eval in progress...
[2026-04-26 05:04:57]   🔄 expHHH: training done, eval in progress...
[2026-04-26 05:04:57]   🔄 expIII: training done, eval in progress...
[2026-04-26 05:04:57]   🔄 expJJJ: training done, eval in progress...
[2026-04-26 05:04:57]   🔄 expKKK: training done, eval in progress...
[2026-04-26 05:04:57]   🔄 expLLL: training done, eval in progress...
[2026-04-26 05:04:57]   🔄 expMMM: training done, eval in progress...
[2026-04-26 05:06:57] Waiting... B8 missing=['expGGG', 'expHHH'], B9 missing=['expIII', 'expJJJ', 'expKKK', 'expLLL', 'expMMM']
[2026-04-26 05:06:57]   🔄 expGGG: training done, eval in progress...
[2026-04-26 05:06:57]   🔄 expHHH: training done, eval in progress...
[2026-04-26 05:06:57]   🔄 expIII: training done, eval in progress...
[2026-04-26 05:06:57]   🔄 expJJJ: training done, eval in progress...
[2026-04-26 05:06:57]   🔄 expKKK: training done, eval in progress...
[2026-04-26 05:06:57]   🔄 expLLL: training done, eval in progress...
[2026-04-26 05:06:57]   🔄 expMMM: training done, eval in progress...
[2026-04-26 05:08:57] Waiting... B8 missing=['expGGG', 'expHHH'], B9 missing=['expIII', 'expJJJ', 'expKKK', 'expLLL', 'expMMM']
[2026-04-26 05:08:57]   🔄 expGGG: training done, eval in progress...
[2026-04-26 05:08:57]   🔄 expHHH: training done, eval in progress...
[2026-04-26 05:08:57]   🔄 expIII: training done, eval in progress...
[2026-04-26 05:08:57]   🔄 expJJJ: training done, eval in progress...
[2026-04-26 05:08:57]   🔄 expKKK: training done, eval in progress...
[2026-04-26 05:08:57]   🔄 expLLL: training done, eval in progress...
[2026-04-26 05:08:57]   🔄 expMMM: training done, eval in progress...
[2026-04-26 05:10:57] Waiting... B8 missing=['expGGG', 'expHHH'], B9 missing=['expIII', 'expJJJ', 'expKKK', 'expLLL', 'expMMM']
[2026-04-26 05:10:57]   🔄 expGGG: training done, eval in progress...
[2026-04-26 05:10:57]   🔄 expHHH: training done, eval in progress...
[2026-04-26 05:10:57]   🔄 expIII: training done, eval in progress...
[2026-04-26 05:10:57]   🔄 expJJJ: training done, eval in progress...
[2026-04-26 05:10:57]   🔄 expKKK: training done, eval in progress...
[2026-04-26 05:10:57]   🔄 expLLL: training done, eval in progress...
[2026-04-26 05:10:57]   🔄 expMMM: training done, eval in progress...
[2026-04-26 05:12:57] Waiting... B8 missing=['expGGG', 'expHHH'], B9 missing=['expIII', 'expJJJ', 'expKKK', 'expLLL', 'expMMM']
[2026-04-26 05:12:57]   🔄 expGGG: training done, eval in progress...
[2026-04-26 05:12:57]   🔄 expHHH: training done, eval in progress...
[2026-04-26 05:12:57]   🔄 expIII: training done, eval in progress...
[2026-04-26 05:12:57]   🔄 expJJJ: training done, eval in progress...
[2026-04-26 05:12:57]   🔄 expKKK: training done, eval in progress...
[2026-04-26 05:12:57]   🔄 expLLL: training done, eval in progress...
[2026-04-26 05:12:57]   🔄 expMMM: training done, eval in progress...
[2026-04-26 05:14:57] Waiting... B8 missing=['expGGG', 'expHHH'], B9 missing=['expIII', 'expJJJ', 'expKKK', 'expLLL', 'expMMM']
[2026-04-26 05:14:57]   🔄 expGGG: training done, eval in progress...
[2026-04-26 05:14:57]   🔄 expHHH: training done, eval in progress...
[2026-04-26 05:14:57]   🔄 expIII: training done, eval in progress...
[2026-04-26 05:14:57]   🔄 expJJJ: training done, eval in progress...
[2026-04-26 05:14:57]   🔄 expKKK: training done, eval in progress...
[2026-04-26 05:14:57]   🔄 expLLL: training done, eval in progress...
[2026-04-26 05:14:57]   🔄 expMMM: training done, eval in progress...
[2026-04-26 05:16:57] Waiting... B8 missing=['expGGG', 'expHHH'], B9 missing=['expIII', 'expJJJ', 'expKKK', 'expLLL', 'expMMM']
[2026-04-26 05:16:57]   🔄 expGGG: training done, eval in progress...
[2026-04-26 05:16:57]   🔄 expHHH: training done, eval in progress...
[2026-04-26 05:16:57]   🔄 expIII: training done, eval in progress...
[2026-04-26 05:16:57]   🔄 expJJJ: training done, eval in progress...
[2026-04-26 05:16:57]   🔄 expKKK: training done, eval in progress...
[2026-04-26 05:16:57]   🔄 expLLL: training done, eval in progress...
[2026-04-26 05:16:57]   🔄 expMMM: training done, eval in progress...
[2026-04-26 05:18:58] Waiting... B8 missing=['expGGG', 'expHHH'], B9 missing=['expIII', 'expJJJ', 'expKKK', 'expLLL', 'expMMM']
[2026-04-26 05:18:58]   🔄 expGGG: training done, eval in progress...
[2026-04-26 05:18:58]   🔄 expHHH: training done, eval in progress...
[2026-04-26 05:18:58]   🔄 expIII: training done, eval in progress...
[2026-04-26 05:18:58]   🔄 expJJJ: training done, eval in progress...
[2026-04-26 05:18:58]   🔄 expKKK: training done, eval in progress...
[2026-04-26 05:18:58]   🔄 expLLL: training done, eval in progress...
[2026-04-26 05:18:58]   🔄 expMMM: training done, eval in progress...
[2026-04-26 05:20:58] Waiting... B8 missing=['expGGG', 'expHHH'], B9 missing=['expIII', 'expJJJ', 'expKKK', 'expLLL', 'expMMM']
[2026-04-26 05:20:58]   🔄 expGGG: training done, eval in progress...
[2026-04-26 05:20:58]   🔄 expHHH: training done, eval in progress...
[2026-04-26 05:20:58]   🔄 expIII: training done, eval in progress...
[2026-04-26 05:20:58]   🔄 expJJJ: training done, eval in progress...
[2026-04-26 05:20:58]   🔄 expKKK: training done, eval in progress...
[2026-04-26 05:20:58]   🔄 expLLL: training done, eval in progress...
[2026-04-26 05:20:58]   🔄 expMMM: training done, eval in progress...
[2026-04-26 05:22:58] Waiting... B8 missing=['expGGG', 'expHHH'], B9 missing=['expIII', 'expJJJ', 'expKKK', 'expLLL', 'expMMM']
[2026-04-26 05:22:58]   🔄 expGGG: training done, eval in progress...
[2026-04-26 05:22:58]   🔄 expHHH: training done, eval in progress...
[2026-04-26 05:22:58]   🔄 expIII: training done, eval in progress...
[2026-04-26 05:22:58]   🔄 expJJJ: training done, eval in progress...
[2026-04-26 05:22:58]   🔄 expKKK: training done, eval in progress...
[2026-04-26 05:22:58]   🔄 expLLL: training done, eval in progress...
[2026-04-26 05:22:58]   🔄 expMMM: training done, eval in progress...
[2026-04-26 05:24:58] Waiting... B8 missing=['expGGG', 'expHHH'], B9 missing=['expIII', 'expJJJ', 'expKKK', 'expLLL', 'expMMM']
[2026-04-26 05:24:58]   🔄 expGGG: training done, eval in progress...
[2026-04-26 05:24:58]   🔄 expHHH: training done, eval in progress...
[2026-04-26 05:24:58]   🔄 expIII: training done, eval in progress...
[2026-04-26 05:24:58]   🔄 expJJJ: training done, eval in progress...
[2026-04-26 05:24:58]   🔄 expKKK: training done, eval in progress...
[2026-04-26 05:24:58]   🔄 expLLL: training done, eval in progress...
[2026-04-26 05:24:58]   🔄 expMMM: training done, eval in progress...
[2026-04-26 05:26:58] Waiting... B8 missing=['expGGG', 'expHHH'], B9 missing=['expIII', 'expJJJ', 'expKKK', 'expLLL', 'expMMM']
[2026-04-26 05:26:58]   🔄 expGGG: training done, eval in progress...
[2026-04-26 05:26:58]   🔄 expHHH: training done, eval in progress...
[2026-04-26 05:26:58]   🔄 expIII: training done, eval in progress...
[2026-04-26 05:26:58]   🔄 expJJJ: training done, eval in progress...
[2026-04-26 05:26:58]   🔄 expKKK: training done, eval in progress...
[2026-04-26 05:26:58]   🔄 expLLL: training done, eval in progress...
[2026-04-26 05:26:58]   🔄 expMMM: training done, eval in progress...
[2026-04-26 05:28:58] Waiting... B8 missing=['expGGG', 'expHHH'], B9 missing=['expIII', 'expJJJ', 'expKKK', 'expLLL', 'expMMM']
[2026-04-26 05:28:58]   🔄 expGGG: training done, eval in progress...
[2026-04-26 05:28:58]   🔄 expHHH: training done, eval in progress...
[2026-04-26 05:28:58]   🔄 expIII: training done, eval in progress...
[2026-04-26 05:28:58]   🔄 expJJJ: training done, eval in progress...
[2026-04-26 05:28:58]   🔄 expKKK: training done, eval in progress...
[2026-04-26 05:28:58]   🔄 expLLL: training done, eval in progress...
[2026-04-26 05:28:58]   🔄 expMMM: training done, eval in progress...
[2026-04-26 05:30:58] Waiting... B8 missing=['expGGG', 'expHHH'], B9 missing=['expIII', 'expJJJ', 'expKKK', 'expLLL', 'expMMM']
[2026-04-26 05:30:58]   🔄 expGGG: training done, eval in progress...
[2026-04-26 05:30:58]   🔄 expHHH: training done, eval in progress...
[2026-04-26 05:30:58]   🔄 expIII: training done, eval in progress...
[2026-04-26 05:30:58]   🔄 expJJJ: training done, eval in progress...
[2026-04-26 05:30:58]   🔄 expKKK: training done, eval in progress...
[2026-04-26 05:30:58]   🔄 expLLL: training done, eval in progress...
[2026-04-26 05:30:58]   🔄 expMMM: training done, eval in progress...
[2026-04-26 05:32:59] Waiting... B8 missing=['expGGG', 'expHHH'], B9 missing=['expIII', 'expJJJ', 'expKKK', 'expLLL', 'expMMM']
[2026-04-26 05:32:59]   🔄 expGGG: training done, eval in progress...
[2026-04-26 05:32:59]   🔄 expHHH: training done, eval in progress...
[2026-04-26 05:32:59]   🔄 expIII: training done, eval in progress...
[2026-04-26 05:32:59]   🔄 expJJJ: training done, eval in progress...
[2026-04-26 05:32:59]   🔄 expKKK: training done, eval in progress...
[2026-04-26 05:32:59]   🔄 expLLL: training done, eval in progress...
[2026-04-26 05:32:59]   🔄 expMMM: training done, eval in progress...
[2026-04-26 05:34:59] Waiting... B8 missing=['expGGG', 'expHHH'], B9 missing=['expIII', 'expJJJ', 'expKKK', 'expLLL', 'expMMM']
[2026-04-26 05:34:59]   🔄 expGGG: training done, eval in progress...
[2026-04-26 05:34:59]   🔄 expHHH: training done, eval in progress...
[2026-04-26 05:34:59]   🔄 expIII: training done, eval in progress...
[2026-04-26 05:34:59]   🔄 expJJJ: training done, eval in progress...
[2026-04-26 05:34:59]   🔄 expKKK: training done, eval in progress...
[2026-04-26 05:34:59]   🔄 expLLL: training done, eval in progress...
[2026-04-26 05:34:59]   🔄 expMMM: training done, eval in progress...
[2026-04-26 05:36:59] Waiting... B8 missing=['expGGG', 'expHHH'], B9 missing=['expIII', 'expJJJ', 'expKKK', 'expLLL', 'expMMM']
[2026-04-26 05:36:59]   🔄 expGGG: training done, eval in progress...
[2026-04-26 05:36:59]   🔄 expHHH: training done, eval in progress...
[2026-04-26 05:36:59]   🔄 expIII: training done, eval in progress...
[2026-04-26 05:36:59]   🔄 expJJJ: training done, eval in progress...
[2026-04-26 05:36:59]   🔄 expKKK: training done, eval in progress...
[2026-04-26 05:36:59]   🔄 expLLL: training done, eval in progress...
[2026-04-26 05:36:59]   🔄 expMMM: training done, eval in progress...
[2026-04-26 05:38:59] Waiting... B8 missing=['expGGG', 'expHHH'], B9 missing=['expIII', 'expJJJ', 'expKKK', 'expLLL', 'expMMM']
[2026-04-26 05:38:59]   🔄 expGGG: training done, eval in progress...
[2026-04-26 05:38:59]   🔄 expHHH: training done, eval in progress...
[2026-04-26 05:38:59]   🔄 expIII: training done, eval in progress...
[2026-04-26 05:38:59]   🔄 expJJJ: training done, eval in progress...
[2026-04-26 05:38:59]   🔄 expKKK: training done, eval in progress...
[2026-04-26 05:38:59]   🔄 expLLL: training done, eval in progress...
[2026-04-26 05:38:59]   🔄 expMMM: training done, eval in progress...
[2026-04-26 05:40:59] Waiting... B8 missing=['expGGG', 'expHHH'], B9 missing=['expIII', 'expJJJ', 'expKKK', 'expLLL', 'expMMM']
[2026-04-26 05:40:59]   🔄 expGGG: training done, eval in progress...
[2026-04-26 05:40:59]   🔄 expHHH: training done, eval in progress...
[2026-04-26 05:40:59]   🔄 expIII: training done, eval in progress...
[2026-04-26 05:40:59]   🔄 expJJJ: training done, eval in progress...
[2026-04-26 05:40:59]   🔄 expKKK: training done, eval in progress...
[2026-04-26 05:40:59]   🔄 expLLL: training done, eval in progress...
[2026-04-26 05:40:59]   🔄 expMMM: training done, eval in progress...
[2026-04-26 05:42:59] Waiting... B8 missing=['expGGG', 'expHHH'], B9 missing=['expIII', 'expJJJ', 'expKKK', 'expLLL', 'expMMM']
[2026-04-26 05:42:59]   🔄 expGGG: training done, eval in progress...
[2026-04-26 05:42:59]   🔄 expHHH: training done, eval in progress...
[2026-04-26 05:42:59]   🔄 expIII: training done, eval in progress...
[2026-04-26 05:42:59]   🔄 expJJJ: training done, eval in progress...
[2026-04-26 05:42:59]   🔄 expKKK: training done, eval in progress...
[2026-04-26 05:42:59]   🔄 expLLL: training done, eval in progress...
[2026-04-26 05:42:59]   🔄 expMMM: training done, eval in progress...
[2026-04-26 05:44:59] Waiting... B8 missing=['expGGG', 'expHHH'], B9 missing=['expIII', 'expJJJ', 'expKKK', 'expLLL', 'expMMM']
[2026-04-26 05:44:59]   🔄 expGGG: training done, eval in progress...
[2026-04-26 05:44:59]   🔄 expHHH: training done, eval in progress...
[2026-04-26 05:44:59]   🔄 expIII: training done, eval in progress...
[2026-04-26 05:44:59]   🔄 expJJJ: training done, eval in progress...
[2026-04-26 05:44:59]   🔄 expKKK: training done, eval in progress...
[2026-04-26 05:44:59]   🔄 expLLL: training done, eval in progress...
[2026-04-26 05:44:59]   🔄 expMMM: training done, eval in progress...
[2026-04-26 05:46:59] Waiting... B8 missing=['expGGG', 'expHHH'], B9 missing=['expIII', 'expJJJ', 'expKKK', 'expLLL', 'expMMM']
[2026-04-26 05:46:59]   🔄 expGGG: training done, eval in progress...
[2026-04-26 05:46:59]   🔄 expHHH: training done, eval in progress...
[2026-04-26 05:46:59]   🔄 expIII: training done, eval in progress...
[2026-04-26 05:46:59]   🔄 expJJJ: training done, eval in progress...
[2026-04-26 05:46:59]   🔄 expKKK: training done, eval in progress...
[2026-04-26 05:46:59]   🔄 expLLL: training done, eval in progress...
[2026-04-26 05:46:59]   🔄 expMMM: training done, eval in progress...
[2026-04-26 05:49:00] Waiting... B8 missing=['expGGG', 'expHHH'], B9 missing=['expIII', 'expJJJ', 'expKKK', 'expLLL', 'expMMM']
[2026-04-26 05:49:00]   🔄 expGGG: training done, eval in progress...
[2026-04-26 05:49:00]   🔄 expHHH: training done, eval in progress...
[2026-04-26 05:49:00]   🔄 expIII: training done, eval in progress...
[2026-04-26 05:49:00]   🔄 expJJJ: training done, eval in progress...
[2026-04-26 05:49:00]   🔄 expKKK: training done, eval in progress...
[2026-04-26 05:49:00]   🔄 expLLL: training done, eval in progress...
[2026-04-26 05:49:00]   🔄 expMMM: training done, eval in progress...
[2026-04-26 05:51:00] Waiting... B8 missing=['expGGG', 'expHHH'], B9 missing=['expIII', 'expJJJ', 'expKKK', 'expLLL', 'expMMM']
[2026-04-26 05:51:00]   🔄 expGGG: training done, eval in progress...
[2026-04-26 05:51:00]   🔄 expHHH: training done, eval in progress...
[2026-04-26 05:51:00]   🔄 expIII: training done, eval in progress...
[2026-04-26 05:51:00]   🔄 expJJJ: training done, eval in progress...
[2026-04-26 05:51:00]   🔄 expKKK: training done, eval in progress...
[2026-04-26 05:51:00]   🔄 expLLL: training done, eval in progress...
[2026-04-26 05:51:00]   🔄 expMMM: training done, eval in progress...
[2026-04-26 05:53:00] Waiting... B8 missing=['expHHH'], B9 missing=['expIII', 'expJJJ', 'expKKK', 'expLLL', 'expMMM']
[2026-04-26 05:53:00]   ✓ expGGG: F1=0.336
[2026-04-26 05:53:00]   🔄 expHHH: training done, eval in progress...
[2026-04-26 05:53:00]   🔄 expIII: training done, eval in progress...
[2026-04-26 05:53:00]   🔄 expJJJ: training done, eval in progress...
[2026-04-26 05:53:00]   🔄 expKKK: training done, eval in progress...
[2026-04-26 05:53:00]   🔄 expLLL: training done, eval in progress...
[2026-04-26 05:53:00]   🔄 expMMM: training done, eval in progress...
[2026-04-26 05:55:00] Waiting... B8 missing=['expHHH'], B9 missing=['expIII', 'expJJJ', 'expKKK', 'expLLL', 'expMMM']
[2026-04-26 05:55:00]   ✓ expGGG: F1=0.336
[2026-04-26 05:55:00]   🔄 expHHH: training done, eval in progress...
[2026-04-26 05:55:00]   🔄 expIII: training done, eval in progress...
[2026-04-26 05:55:00]   🔄 expJJJ: training done, eval in progress...
[2026-04-26 05:55:00]   🔄 expKKK: training done, eval in progress...
[2026-04-26 05:55:00]   🔄 expLLL: training done, eval in progress...
[2026-04-26 05:55:00]   🔄 expMMM: training done, eval in progress...
[2026-04-26 05:57:00] Waiting... B8 missing=['expHHH'], B9 missing=['expIII', 'expJJJ', 'expKKK', 'expLLL', 'expMMM']
[2026-04-26 05:57:00]   ✓ expGGG: F1=0.336
[2026-04-26 05:57:00]   🔄 expHHH: training done, eval in progress...
[2026-04-26 05:57:00]   🔄 expIII: training done, eval in progress...
[2026-04-26 05:57:00]   🔄 expJJJ: training done, eval in progress...
[2026-04-26 05:57:00]   🔄 expKKK: training done, eval in progress...
[2026-04-26 05:57:00]   🔄 expLLL: training done, eval in progress...
[2026-04-26 05:57:00]   🔄 expMMM: training done, eval in progress...
[2026-04-26 05:59:00] Waiting... B8 missing=['expHHH'], B9 missing=['expIII', 'expJJJ', 'expKKK', 'expLLL', 'expMMM']
[2026-04-26 05:59:00]   ✓ expGGG: F1=0.336
[2026-04-26 05:59:00]   🔄 expHHH: training done, eval in progress...
[2026-04-26 05:59:00]   🔄 expIII: training done, eval in progress...
[2026-04-26 05:59:00]   🔄 expJJJ: training done, eval in progress...
[2026-04-26 05:59:00]   🔄 expKKK: training done, eval in progress...
[2026-04-26 05:59:00]   🔄 expLLL: training done, eval in progress...
[2026-04-26 05:59:00]   🔄 expMMM: training done, eval in progress...
[2026-04-26 06:01:00] Waiting... B8 missing=['expHHH'], B9 missing=['expIII', 'expJJJ', 'expKKK', 'expLLL', 'expMMM']
[2026-04-26 06:01:00]   ✓ expGGG: F1=0.336
[2026-04-26 06:01:00]   🔄 expHHH: training done, eval in progress...
[2026-04-26 06:01:00]   🔄 expIII: training done, eval in progress...
[2026-04-26 06:01:00]   🔄 expJJJ: training done, eval in progress...
[2026-04-26 06:01:00]   🔄 expKKK: training done, eval in progress...
[2026-04-26 06:01:00]   🔄 expLLL: training done, eval in progress...
[2026-04-26 06:01:00]   🔄 expMMM: training done, eval in progress...
[2026-04-26 06:03:01] Waiting... B8 missing=['expHHH'], B9 missing=['expIII', 'expJJJ', 'expKKK', 'expLLL', 'expMMM']
[2026-04-26 06:03:01]   ✓ expGGG: F1=0.336
[2026-04-26 06:03:01]   🔄 expHHH: training done, eval in progress...
[2026-04-26 06:03:01]   🔄 expIII: training done, eval in progress...
[2026-04-26 06:03:01]   🔄 expJJJ: training done, eval in progress...
[2026-04-26 06:03:01]   🔄 expKKK: training done, eval in progress...
[2026-04-26 06:03:01]   🔄 expLLL: training done, eval in progress...
[2026-04-26 06:03:01]   🔄 expMMM: training done, eval in progress...
[2026-04-26 06:05:01] Waiting... B8 missing=['expHHH'], B9 missing=['expIII', 'expJJJ', 'expKKK', 'expLLL', 'expMMM']
[2026-04-26 06:05:01]   ✓ expGGG: F1=0.336
[2026-04-26 06:05:01]   🔄 expHHH: training done, eval in progress...
[2026-04-26 06:05:01]   🔄 expIII: training done, eval in progress...
[2026-04-26 06:05:01]   🔄 expJJJ: training done, eval in progress...
[2026-04-26 06:05:01]   🔄 expKKK: training done, eval in progress...
[2026-04-26 06:05:01]   🔄 expLLL: training done, eval in progress...
[2026-04-26 06:05:01]   🔄 expMMM: training done, eval in progress...
[2026-04-26 06:07:01] Waiting... B8 missing=['expHHH'], B9 missing=['expIII', 'expJJJ', 'expKKK', 'expLLL', 'expMMM']
[2026-04-26 06:07:01]   ✓ expGGG: F1=0.336
[2026-04-26 06:07:01]   🔄 expHHH: training done, eval in progress...
[2026-04-26 06:07:01]   🔄 expIII: training done, eval in progress...
[2026-04-26 06:07:01]   🔄 expJJJ: training done, eval in progress...
[2026-04-26 06:07:01]   🔄 expKKK: training done, eval in progress...
[2026-04-26 06:07:01]   🔄 expLLL: training done, eval in progress...
[2026-04-26 06:07:01]   🔄 expMMM: training done, eval in progress...
[2026-04-26 06:09:01] Waiting... B8 missing=['expHHH'], B9 missing=['expIII', 'expJJJ', 'expKKK', 'expLLL', 'expMMM']
[2026-04-26 06:09:01]   ✓ expGGG: F1=0.336
[2026-04-26 06:09:01]   🔄 expHHH: training done, eval in progress...
[2026-04-26 06:09:01]   🔄 expIII: training done, eval in progress...
[2026-04-26 06:09:01]   🔄 expJJJ: training done, eval in progress...
[2026-04-26 06:09:01]   🔄 expKKK: training done, eval in progress...
[2026-04-26 06:09:01]   🔄 expLLL: training done, eval in progress...
[2026-04-26 06:09:01]   🔄 expMMM: training done, eval in progress...
[2026-04-26 06:11:01] Waiting... B8 missing=['expHHH'], B9 missing=['expIII', 'expJJJ', 'expKKK', 'expLLL', 'expMMM']
[2026-04-26 06:11:01]   ✓ expGGG: F1=0.336
[2026-04-26 06:11:01]   🔄 expHHH: training done, eval in progress...
[2026-04-26 06:11:01]   🔄 expIII: training done, eval in progress...
[2026-04-26 06:11:01]   🔄 expJJJ: training done, eval in progress...
[2026-04-26 06:11:01]   🔄 expKKK: training done, eval in progress...
[2026-04-26 06:11:01]   🔄 expLLL: training done, eval in progress...
[2026-04-26 06:11:01]   🔄 expMMM: training done, eval in progress...
[2026-04-26 06:13:01] Waiting... B8 missing=['expHHH'], B9 missing=['expIII', 'expJJJ', 'expKKK', 'expLLL', 'expMMM']
[2026-04-26 06:13:01]   ✓ expGGG: F1=0.336
[2026-04-26 06:13:01]   🔄 expHHH: training done, eval in progress...
[2026-04-26 06:13:01]   🔄 expIII: training done, eval in progress...
[2026-04-26 06:13:01]   🔄 expJJJ: training done, eval in progress...
[2026-04-26 06:13:01]   🔄 expKKK: training done, eval in progress...
[2026-04-26 06:13:01]   🔄 expLLL: training done, eval in progress...
[2026-04-26 06:13:01]   🔄 expMMM: training done, eval in progress...
[2026-04-26 06:15:01] Waiting... B8 missing=['expHHH'], B9 missing=['expIII', 'expJJJ', 'expKKK', 'expLLL', 'expMMM']
[2026-04-26 06:15:01]   ✓ expGGG: F1=0.336
[2026-04-26 06:15:01]   🔄 expHHH: training done, eval in progress...
[2026-04-26 06:15:01]   🔄 expIII: training done, eval in progress...
[2026-04-26 06:15:01]   🔄 expJJJ: training done, eval in progress...
[2026-04-26 06:15:01]   🔄 expKKK: training done, eval in progress...
[2026-04-26 06:15:01]   🔄 expLLL: training done, eval in progress...
[2026-04-26 06:15:01]   🔄 expMMM: training done, eval in progress...
[2026-04-26 06:17:02] Waiting... B8 missing=['expHHH'], B9 missing=['expIII', 'expJJJ', 'expKKK', 'expLLL', 'expMMM']
[2026-04-26 06:17:02]   ✓ expGGG: F1=0.336
[2026-04-26 06:17:02]   🔄 expHHH: training done, eval in progress...
[2026-04-26 06:17:02]   🔄 expIII: training done, eval in progress...
[2026-04-26 06:17:02]   🔄 expJJJ: training done, eval in progress...
[2026-04-26 06:17:02]   🔄 expKKK: training done, eval in progress...
[2026-04-26 06:17:02]   🔄 expLLL: training done, eval in progress...
[2026-04-26 06:17:02]   🔄 expMMM: training done, eval in progress...
[2026-04-26 06:19:02] Waiting... B8 missing=['expHHH'], B9 missing=['expIII', 'expJJJ', 'expKKK', 'expLLL', 'expMMM']
[2026-04-26 06:19:02]   ✓ expGGG: F1=0.336
[2026-04-26 06:19:02]   🔄 expHHH: training done, eval in progress...
[2026-04-26 06:19:02]   🔄 expIII: training done, eval in progress...
[2026-04-26 06:19:02]   🔄 expJJJ: training done, eval in progress...
[2026-04-26 06:19:02]   🔄 expKKK: training done, eval in progress...
[2026-04-26 06:19:02]   🔄 expLLL: training done, eval in progress...
[2026-04-26 06:19:02]   🔄 expMMM: training done, eval in progress...
[2026-04-26 06:21:02] Waiting... B8 missing=['expHHH'], B9 missing=['expIII', 'expJJJ', 'expKKK', 'expLLL', 'expMMM']
[2026-04-26 06:21:02]   ✓ expGGG: F1=0.336
[2026-04-26 06:21:02]   🔄 expHHH: training done, eval in progress...
[2026-04-26 06:21:02]   🔄 expIII: training done, eval in progress...
[2026-04-26 06:21:02]   🔄 expJJJ: training done, eval in progress...
[2026-04-26 06:21:02]   🔄 expKKK: training done, eval in progress...
[2026-04-26 06:21:02]   🔄 expLLL: training done, eval in progress...
[2026-04-26 06:21:02]   🔄 expMMM: training done, eval in progress...
[2026-04-26 06:23:02] Waiting... B8 missing=['expHHH'], B9 missing=['expIII', 'expJJJ', 'expKKK', 'expLLL', 'expMMM']
[2026-04-26 06:23:02]   ✓ expGGG: F1=0.336
[2026-04-26 06:23:02]   🔄 expHHH: training done, eval in progress...
[2026-04-26 06:23:02]   🔄 expIII: training done, eval in progress...
[2026-04-26 06:23:02]   🔄 expJJJ: training done, eval in progress...
[2026-04-26 06:23:02]   🔄 expKKK: training done, eval in progress...
[2026-04-26 06:23:02]   🔄 expLLL: training done, eval in progress...
[2026-04-26 06:23:02]   🔄 expMMM: training done, eval in progress...
[2026-04-26 06:25:02] Waiting... B8 missing=['expHHH'], B9 missing=['expIII', 'expJJJ', 'expKKK', 'expLLL', 'expMMM']
[2026-04-26 06:25:02]   ✓ expGGG: F1=0.336
[2026-04-26 06:25:02]   🔄 expHHH: training done, eval in progress...
[2026-04-26 06:25:02]   🔄 expIII: training done, eval in progress...
[2026-04-26 06:25:02]   🔄 expJJJ: training done, eval in progress...
[2026-04-26 06:25:02]   🔄 expKKK: training done, eval in progress...
[2026-04-26 06:25:02]   🔄 expLLL: training done, eval in progress...
[2026-04-26 06:25:02]   🔄 expMMM: training done, eval in progress...
[2026-04-26 06:27:02] Waiting... B8 missing=['expHHH'], B9 missing=['expIII', 'expJJJ', 'expKKK', 'expLLL', 'expMMM']
[2026-04-26 06:27:02]   ✓ expGGG: F1=0.336
[2026-04-26 06:27:02]   🔄 expHHH: training done, eval in progress...
[2026-04-26 06:27:02]   🔄 expIII: training done, eval in progress...
[2026-04-26 06:27:02]   🔄 expJJJ: training done, eval in progress...
[2026-04-26 06:27:02]   🔄 expKKK: training done, eval in progress...
[2026-04-26 06:27:02]   🔄 expLLL: training done, eval in progress...
[2026-04-26 06:27:02]   🔄 expMMM: training done, eval in progress...
[2026-04-26 06:29:02] Waiting... B8 missing=['expHHH'], B9 missing=['expIII', 'expJJJ', 'expKKK', 'expLLL', 'expMMM']
[2026-04-26 06:29:02]   ✓ expGGG: F1=0.336
[2026-04-26 06:29:02]   🔄 expHHH: training done, eval in progress...
[2026-04-26 06:29:02]   🔄 expIII: training done, eval in progress...
[2026-04-26 06:29:02]   🔄 expJJJ: training done, eval in progress...
[2026-04-26 06:29:02]   🔄 expKKK: training done, eval in progress...
[2026-04-26 06:29:02]   🔄 expLLL: training done, eval in progress...
[2026-04-26 06:29:02]   🔄 expMMM: training done, eval in progress...
[2026-04-26 06:31:03] Waiting... B8 missing=['expHHH'], B9 missing=['expIII', 'expJJJ', 'expKKK', 'expLLL', 'expMMM']
[2026-04-26 06:31:03]   ✓ expGGG: F1=0.336
[2026-04-26 06:31:03]   🔄 expHHH: training done, eval in progress...
[2026-04-26 06:31:03]   🔄 expIII: training done, eval in progress...
[2026-04-26 06:31:03]   🔄 expJJJ: training done, eval in progress...
[2026-04-26 06:31:03]   🔄 expKKK: training done, eval in progress...
[2026-04-26 06:31:03]   🔄 expLLL: training done, eval in progress...
[2026-04-26 06:31:03]   🔄 expMMM: training done, eval in progress...
[2026-04-26 06:33:03] Waiting... B8 missing=['expHHH'], B9 missing=['expIII', 'expJJJ', 'expKKK', 'expLLL', 'expMMM']
[2026-04-26 06:33:03]   ✓ expGGG: F1=0.336
[2026-04-26 06:33:03]   🔄 expHHH: training done, eval in progress...
[2026-04-26 06:33:03]   🔄 expIII: training done, eval in progress...
[2026-04-26 06:33:03]   🔄 expJJJ: training done, eval in progress...
[2026-04-26 06:33:03]   🔄 expKKK: training done, eval in progress...
[2026-04-26 06:33:03]   🔄 expLLL: training done, eval in progress...
[2026-04-26 06:33:03]   🔄 expMMM: training done, eval in progress...
[2026-04-26 06:35:03] Waiting... B8 missing=['expHHH'], B9 missing=['expIII', 'expJJJ', 'expKKK', 'expLLL', 'expMMM']
[2026-04-26 06:35:03]   ✓ expGGG: F1=0.336
[2026-04-26 06:35:03]   🔄 expHHH: training done, eval in progress...
[2026-04-26 06:35:03]   🔄 expIII: training done, eval in progress...
[2026-04-26 06:35:03]   🔄 expJJJ: training done, eval in progress...
[2026-04-26 06:35:03]   🔄 expKKK: training done, eval in progress...
[2026-04-26 06:35:03]   🔄 expLLL: training done, eval in progress...
[2026-04-26 06:35:03]   🔄 expMMM: training done, eval in progress...
[2026-04-26 06:37:03] Waiting... B8 missing=['expHHH'], B9 missing=['expIII', 'expJJJ', 'expKKK', 'expLLL', 'expMMM']
[2026-04-26 06:37:03]   ✓ expGGG: F1=0.336
[2026-04-26 06:37:03]   🔄 expHHH: training done, eval in progress...
[2026-04-26 06:37:03]   🔄 expIII: training done, eval in progress...
[2026-04-26 06:37:03]   🔄 expJJJ: training done, eval in progress...
[2026-04-26 06:37:03]   🔄 expKKK: training done, eval in progress...
[2026-04-26 06:37:03]   🔄 expLLL: training done, eval in progress...
[2026-04-26 06:37:03]   🔄 expMMM: training done, eval in progress...
[2026-04-26 06:39:03] Waiting... B8 missing=['expHHH'], B9 missing=['expIII', 'expJJJ', 'expKKK', 'expLLL', 'expMMM']
[2026-04-26 06:39:03]   ✓ expGGG: F1=0.336
[2026-04-26 06:39:03]   🔄 expHHH: training done, eval in progress...
[2026-04-26 06:39:03]   🔄 expIII: training done, eval in progress...
[2026-04-26 06:39:03]   🔄 expJJJ: training done, eval in progress...
[2026-04-26 06:39:03]   🔄 expKKK: training done, eval in progress...
[2026-04-26 06:39:03]   🔄 expLLL: training done, eval in progress...
[2026-04-26 06:39:03]   🔄 expMMM: training done, eval in progress...
[2026-04-26 06:41:03] Waiting... B8 missing=['expHHH'], B9 missing=['expIII', 'expJJJ', 'expKKK', 'expLLL', 'expMMM']
[2026-04-26 06:41:03]   ✓ expGGG: F1=0.336
[2026-04-26 06:41:03]   🔄 expHHH: training done, eval in progress...
[2026-04-26 06:41:03]   🔄 expIII: training done, eval in progress...
[2026-04-26 06:41:03]   🔄 expJJJ: training done, eval in progress...
[2026-04-26 06:41:03]   🔄 expKKK: training done, eval in progress...
[2026-04-26 06:41:03]   🔄 expLLL: training done, eval in progress...
[2026-04-26 06:41:03]   🔄 expMMM: training done, eval in progress...
[2026-04-26 06:43:03] Waiting... B8 missing=[], B9 missing=['expIII', 'expJJJ', 'expKKK', 'expLLL', 'expMMM']
[2026-04-26 06:43:03]   ✓ expGGG: F1=0.336
[2026-04-26 06:43:03]   ✓ expHHH: F1=0.400
[2026-04-26 06:43:03]   🔄 expIII: training done, eval in progress...
[2026-04-26 06:43:03]   🔄 expJJJ: training done, eval in progress...
[2026-04-26 06:43:03]   🔄 expKKK: training done, eval in progress...
[2026-04-26 06:43:03]   🔄 expLLL: training done, eval in progress...
[2026-04-26 06:43:03]   🔄 expMMM: training done, eval in progress...
[2026-04-26 06:45:04] Waiting... B8 missing=[], B9 missing=['expIII', 'expJJJ', 'expKKK', 'expLLL', 'expMMM']
[2026-04-26 06:45:04]   ✓ expGGG: F1=0.336
[2026-04-26 06:45:04]   ✓ expHHH: F1=0.400
[2026-04-26 06:45:04]   🔄 expIII: training done, eval in progress...
[2026-04-26 06:45:04]   🔄 expJJJ: training done, eval in progress...
[2026-04-26 06:45:04]   🔄 expKKK: training done, eval in progress...
[2026-04-26 06:45:04]   🔄 expLLL: training done, eval in progress...
[2026-04-26 06:45:04]   🔄 expMMM: training done, eval in progress...
[2026-04-26 06:47:04] Waiting... B8 missing=[], B9 missing=['expIII', 'expJJJ', 'expKKK', 'expLLL', 'expMMM']
[2026-04-26 06:47:04]   ✓ expGGG: F1=0.336
[2026-04-26 06:47:04]   ✓ expHHH: F1=0.400
[2026-04-26 06:47:04]   🔄 expIII: training done, eval in progress...
[2026-04-26 06:47:04]   🔄 expJJJ: training done, eval in progress...
[2026-04-26 06:47:04]   🔄 expKKK: training done, eval in progress...
[2026-04-26 06:47:04]   🔄 expLLL: training done, eval in progress...
[2026-04-26 06:47:04]   🔄 expMMM: training done, eval in progress...
[2026-04-26 06:49:04] Waiting... B8 missing=[], B9 missing=['expIII', 'expJJJ', 'expKKK', 'expLLL', 'expMMM']
[2026-04-26 06:49:04]   ✓ expGGG: F1=0.336
[2026-04-26 06:49:04]   ✓ expHHH: F1=0.400
[2026-04-26 06:49:04]   🔄 expIII: training done, eval in progress...
[2026-04-26 06:49:04]   🔄 expJJJ: training done, eval in progress...
[2026-04-26 06:49:04]   🔄 expKKK: training done, eval in progress...
[2026-04-26 06:49:04]   🔄 expLLL: training done, eval in progress...
[2026-04-26 06:49:04]   🔄 expMMM: training done, eval in progress...
[2026-04-26 06:51:04] Waiting... B8 missing=[], B9 missing=['expIII', 'expJJJ', 'expKKK', 'expLLL', 'expMMM']
[2026-04-26 06:51:04]   ✓ expGGG: F1=0.336
[2026-04-26 06:51:04]   ✓ expHHH: F1=0.400
[2026-04-26 06:51:04]   🔄 expIII: training done, eval in progress...
[2026-04-26 06:51:04]   🔄 expJJJ: training done, eval in progress...
[2026-04-26 06:51:04]   🔄 expKKK: training done, eval in progress...
[2026-04-26 06:51:04]   🔄 expLLL: training done, eval in progress...
[2026-04-26 06:51:04]   🔄 expMMM: training done, eval in progress...
[2026-04-26 06:53:04] Waiting... B8 missing=[], B9 missing=['expIII', 'expJJJ', 'expKKK', 'expLLL', 'expMMM']
[2026-04-26 06:53:04]   ✓ expGGG: F1=0.336
[2026-04-26 06:53:04]   ✓ expHHH: F1=0.400
[2026-04-26 06:53:04]   🔄 expIII: training done, eval in progress...
[2026-04-26 06:53:04]   🔄 expJJJ: training done, eval in progress...
[2026-04-26 06:53:04]   🔄 expKKK: training done, eval in progress...
[2026-04-26 06:53:04]   🔄 expLLL: training done, eval in progress...
[2026-04-26 06:53:04]   🔄 expMMM: training done, eval in progress...
[2026-04-26 06:55:04] Waiting... B8 missing=[], B9 missing=['expIII', 'expJJJ', 'expKKK', 'expLLL', 'expMMM']
[2026-04-26 06:55:04]   ✓ expGGG: F1=0.336
[2026-04-26 06:55:04]   ✓ expHHH: F1=0.400
[2026-04-26 06:55:04]   🔄 expIII: training done, eval in progress...
[2026-04-26 06:55:04]   🔄 expJJJ: training done, eval in progress...
[2026-04-26 06:55:04]   🔄 expKKK: training done, eval in progress...
[2026-04-26 06:55:04]   🔄 expLLL: training done, eval in progress...
[2026-04-26 06:55:04]   🔄 expMMM: training done, eval in progress...
[2026-04-26 06:57:04] Waiting... B8 missing=[], B9 missing=['expIII', 'expJJJ', 'expKKK', 'expLLL', 'expMMM']
[2026-04-26 06:57:04]   ✓ expGGG: F1=0.336
[2026-04-26 06:57:04]   ✓ expHHH: F1=0.400
[2026-04-26 06:57:04]   🔄 expIII: training done, eval in progress...
[2026-04-26 06:57:04]   🔄 expJJJ: training done, eval in progress...
[2026-04-26 06:57:04]   🔄 expKKK: training done, eval in progress...
[2026-04-26 06:57:04]   🔄 expLLL: training done, eval in progress...
[2026-04-26 06:57:04]   🔄 expMMM: training done, eval in progress...
[2026-04-26 06:59:05] Waiting... B8 missing=[], B9 missing=['expIII', 'expJJJ', 'expKKK', 'expLLL', 'expMMM']
[2026-04-26 06:59:05]   ✓ expGGG: F1=0.336
[2026-04-26 06:59:05]   ✓ expHHH: F1=0.400
[2026-04-26 06:59:05]   🔄 expIII: training done, eval in progress...
[2026-04-26 06:59:05]   🔄 expJJJ: training done, eval in progress...
[2026-04-26 06:59:05]   🔄 expKKK: training done, eval in progress...
[2026-04-26 06:59:05]   🔄 expLLL: training done, eval in progress...
[2026-04-26 06:59:05]   🔄 expMMM: training done, eval in progress...
[2026-04-26 07:01:05] Waiting... B8 missing=[], B9 missing=['expIII', 'expJJJ', 'expKKK', 'expLLL', 'expMMM']
[2026-04-26 07:01:05]   ✓ expGGG: F1=0.336
[2026-04-26 07:01:05]   ✓ expHHH: F1=0.400
[2026-04-26 07:01:05]   🔄 expIII: training done, eval in progress...
[2026-04-26 07:01:05]   🔄 expJJJ: training done, eval in progress...
[2026-04-26 07:01:05]   🔄 expKKK: training done, eval in progress...
[2026-04-26 07:01:05]   🔄 expLLL: training done, eval in progress...
[2026-04-26 07:01:05]   🔄 expMMM: training done, eval in progress...
[2026-04-26 07:03:05] Waiting... B8 missing=[], B9 missing=['expIII', 'expJJJ', 'expKKK', 'expLLL', 'expMMM']
[2026-04-26 07:03:05]   ✓ expGGG: F1=0.336
[2026-04-26 07:03:05]   ✓ expHHH: F1=0.400
[2026-04-26 07:03:05]   🔄 expIII: training done, eval in progress...
[2026-04-26 07:03:05]   🔄 expJJJ: training done, eval in progress...
[2026-04-26 07:03:05]   🔄 expKKK: training done, eval in progress...
[2026-04-26 07:03:05]   🔄 expLLL: training done, eval in progress...
[2026-04-26 07:03:05]   🔄 expMMM: training done, eval in progress...
[2026-04-26 07:05:05] Waiting... B8 missing=[], B9 missing=['expIII', 'expJJJ', 'expKKK', 'expLLL', 'expMMM']
[2026-04-26 07:05:05]   ✓ expGGG: F1=0.336
[2026-04-26 07:05:05]   ✓ expHHH: F1=0.400
[2026-04-26 07:05:05]   🔄 expIII: training done, eval in progress...
[2026-04-26 07:05:05]   🔄 expJJJ: training done, eval in progress...
[2026-04-26 07:05:05]   🔄 expKKK: training done, eval in progress...
[2026-04-26 07:05:05]   🔄 expLLL: training done, eval in progress...
[2026-04-26 07:05:05]   🔄 expMMM: training done, eval in progress...
[2026-04-26 07:07:05] Waiting... B8 missing=[], B9 missing=['expIII', 'expJJJ', 'expKKK', 'expLLL', 'expMMM']
[2026-04-26 07:07:05]   ✓ expGGG: F1=0.336
[2026-04-26 07:07:05]   ✓ expHHH: F1=0.400
[2026-04-26 07:07:05]   🔄 expIII: training done, eval in progress...
[2026-04-26 07:07:05]   🔄 expJJJ: training done, eval in progress...
[2026-04-26 07:07:05]   🔄 expKKK: training done, eval in progress...
[2026-04-26 07:07:05]   🔄 expLLL: training done, eval in progress...
[2026-04-26 07:07:05]   🔄 expMMM: training done, eval in progress...
[2026-04-26 07:09:05] Waiting... B8 missing=[], B9 missing=['expIII', 'expJJJ', 'expKKK', 'expLLL', 'expMMM']
[2026-04-26 07:09:05]   ✓ expGGG: F1=0.336
[2026-04-26 07:09:05]   ✓ expHHH: F1=0.400
[2026-04-26 07:09:05]   🔄 expIII: training done, eval in progress...
[2026-04-26 07:09:05]   🔄 expJJJ: training done, eval in progress...
[2026-04-26 07:09:05]   🔄 expKKK: training done, eval in progress...
[2026-04-26 07:09:05]   🔄 expLLL: training done, eval in progress...
[2026-04-26 07:09:05]   🔄 expMMM: training done, eval in progress...
[2026-04-26 07:11:05] Waiting... B8 missing=[], B9 missing=['expIII', 'expJJJ', 'expKKK', 'expLLL', 'expMMM']
[2026-04-26 07:11:05]   ✓ expGGG: F1=0.336
[2026-04-26 07:11:05]   ✓ expHHH: F1=0.400
[2026-04-26 07:11:05]   🔄 expIII: training done, eval in progress...
[2026-04-26 07:11:05]   🔄 expJJJ: training done, eval in progress...
[2026-04-26 07:11:05]   🔄 expKKK: training done, eval in progress...
[2026-04-26 07:11:05]   🔄 expLLL: training done, eval in progress...
[2026-04-26 07:11:05]   🔄 expMMM: training done, eval in progress...
[2026-04-26 07:13:06] Waiting... B8 missing=[], B9 missing=['expIII', 'expJJJ', 'expKKK', 'expLLL', 'expMMM']
[2026-04-26 07:13:06]   ✓ expGGG: F1=0.336
[2026-04-26 07:13:06]   ✓ expHHH: F1=0.400
[2026-04-26 07:13:06]   🔄 expIII: training done, eval in progress...
[2026-04-26 07:13:06]   🔄 expJJJ: training done, eval in progress...
[2026-04-26 07:13:06]   🔄 expKKK: training done, eval in progress...
[2026-04-26 07:13:06]   🔄 expLLL: training done, eval in progress...
[2026-04-26 07:13:06]   🔄 expMMM: training done, eval in progress...
[2026-04-26 07:15:06] Waiting... B8 missing=[], B9 missing=['expIII', 'expJJJ', 'expKKK', 'expLLL', 'expMMM']
[2026-04-26 07:15:06]   ✓ expGGG: F1=0.336
[2026-04-26 07:15:06]   ✓ expHHH: F1=0.400
[2026-04-26 07:15:06]   🔄 expIII: training done, eval in progress...
[2026-04-26 07:15:06]   🔄 expJJJ: training done, eval in progress...
[2026-04-26 07:15:06]   🔄 expKKK: training done, eval in progress...
[2026-04-26 07:15:06]   🔄 expLLL: training done, eval in progress...
[2026-04-26 07:15:06]   🔄 expMMM: training done, eval in progress...
[2026-04-26 07:17:06] Waiting... B8 missing=[], B9 missing=['expIII', 'expJJJ', 'expKKK', 'expLLL', 'expMMM']
[2026-04-26 07:17:06]   ✓ expGGG: F1=0.336
[2026-04-26 07:17:06]   ✓ expHHH: F1=0.400
[2026-04-26 07:17:06]   🔄 expIII: training done, eval in progress...
[2026-04-26 07:17:06]   🔄 expJJJ: training done, eval in progress...
[2026-04-26 07:17:06]   🔄 expKKK: training done, eval in progress...
[2026-04-26 07:17:06]   🔄 expLLL: training done, eval in progress...
[2026-04-26 07:17:06]   🔄 expMMM: training done, eval in progress...
[2026-04-26 07:19:06] Waiting... B8 missing=[], B9 missing=['expIII', 'expJJJ', 'expKKK', 'expLLL', 'expMMM']
[2026-04-26 07:19:06]   ✓ expGGG: F1=0.336
[2026-04-26 07:19:06]   ✓ expHHH: F1=0.400
[2026-04-26 07:19:06]   🔄 expIII: training done, eval in progress...
[2026-04-26 07:19:06]   🔄 expJJJ: training done, eval in progress...
[2026-04-26 07:19:06]   🔄 expKKK: training done, eval in progress...
[2026-04-26 07:19:06]   🔄 expLLL: training done, eval in progress...
[2026-04-26 07:19:06]   🔄 expMMM: training done, eval in progress...
[2026-04-26 07:21:06] Waiting... B8 missing=[], B9 missing=['expIII', 'expJJJ', 'expKKK', 'expLLL', 'expMMM']
[2026-04-26 07:21:06]   ✓ expGGG: F1=0.336
[2026-04-26 07:21:06]   ✓ expHHH: F1=0.400
[2026-04-26 07:21:06]   🔄 expIII: training done, eval in progress...
[2026-04-26 07:21:06]   🔄 expJJJ: training done, eval in progress...
[2026-04-26 07:21:06]   🔄 expKKK: training done, eval in progress...
[2026-04-26 07:21:06]   🔄 expLLL: training done, eval in progress...
[2026-04-26 07:21:06]   🔄 expMMM: training done, eval in progress...
[2026-04-26 07:23:06] Waiting... B8 missing=[], B9 missing=['expIII', 'expJJJ', 'expKKK', 'expLLL', 'expMMM']
[2026-04-26 07:23:06]   ✓ expGGG: F1=0.336
[2026-04-26 07:23:06]   ✓ expHHH: F1=0.400
[2026-04-26 07:23:06]   🔄 expIII: training done, eval in progress...
[2026-04-26 07:23:06]   🔄 expJJJ: training done, eval in progress...
[2026-04-26 07:23:06]   🔄 expKKK: training done, eval in progress...
[2026-04-26 07:23:06]   🔄 expLLL: training done, eval in progress...
[2026-04-26 07:23:06]   🔄 expMMM: training done, eval in progress...
[2026-04-26 07:25:06] Waiting... B8 missing=[], B9 missing=['expIII', 'expJJJ', 'expKKK', 'expLLL', 'expMMM']
[2026-04-26 07:25:06]   ✓ expGGG: F1=0.336
[2026-04-26 07:25:06]   ✓ expHHH: F1=0.400
[2026-04-26 07:25:06]   🔄 expIII: training done, eval in progress...
[2026-04-26 07:25:06]   🔄 expJJJ: training done, eval in progress...
[2026-04-26 07:25:06]   🔄 expKKK: training done, eval in progress...
[2026-04-26 07:25:06]   🔄 expLLL: training done, eval in progress...
[2026-04-26 07:25:06]   🔄 expMMM: training done, eval in progress...
[2026-04-26 07:27:07] Waiting... B8 missing=[], B9 missing=['expIII', 'expJJJ', 'expKKK', 'expLLL', 'expMMM']
[2026-04-26 07:27:07]   ✓ expGGG: F1=0.336
[2026-04-26 07:27:07]   ✓ expHHH: F1=0.400
[2026-04-26 07:27:07]   🔄 expIII: training done, eval in progress...
[2026-04-26 07:27:07]   🔄 expJJJ: training done, eval in progress...
[2026-04-26 07:27:07]   🔄 expKKK: training done, eval in progress...
[2026-04-26 07:27:07]   🔄 expLLL: training done, eval in progress...
[2026-04-26 07:27:07]   🔄 expMMM: training done, eval in progress...
[2026-04-26 07:29:07] Waiting... B8 missing=[], B9 missing=['expIII', 'expJJJ', 'expKKK', 'expLLL', 'expMMM']
[2026-04-26 07:29:07]   ✓ expGGG: F1=0.336
[2026-04-26 07:29:07]   ✓ expHHH: F1=0.400
[2026-04-26 07:29:07]   🔄 expIII: training done, eval in progress...
[2026-04-26 07:29:07]   🔄 expJJJ: training done, eval in progress...
[2026-04-26 07:29:07]   🔄 expKKK: training done, eval in progress...
[2026-04-26 07:29:07]   🔄 expLLL: training done, eval in progress...
[2026-04-26 07:29:07]   🔄 expMMM: training done, eval in progress...
[2026-04-26 07:31:07] Waiting... B8 missing=[], B9 missing=['expIII', 'expJJJ', 'expKKK', 'expLLL', 'expMMM']
[2026-04-26 07:31:07]   ✓ expGGG: F1=0.336
[2026-04-26 07:31:07]   ✓ expHHH: F1=0.400
[2026-04-26 07:31:07]   🔄 expIII: training done, eval in progress...
[2026-04-26 07:31:07]   🔄 expJJJ: training done, eval in progress...
[2026-04-26 07:31:07]   🔄 expKKK: training done, eval in progress...
[2026-04-26 07:31:07]   🔄 expLLL: training done, eval in progress...
[2026-04-26 07:31:07]   🔄 expMMM: training done, eval in progress...
[2026-04-26 07:33:07] Waiting... B8 missing=[], B9 missing=['expIII', 'expJJJ', 'expKKK', 'expLLL', 'expMMM']
[2026-04-26 07:33:07]   ✓ expGGG: F1=0.336
[2026-04-26 07:33:07]   ✓ expHHH: F1=0.400
[2026-04-26 07:33:07]   🔄 expIII: training done, eval in progress...
[2026-04-26 07:33:07]   🔄 expJJJ: training done, eval in progress...
[2026-04-26 07:33:07]   🔄 expKKK: training done, eval in progress...
[2026-04-26 07:33:07]   🔄 expLLL: training done, eval in progress...
[2026-04-26 07:33:07]   🔄 expMMM: training done, eval in progress...
[2026-04-26 07:35:07] Waiting... B8 missing=[], B9 missing=['expIII', 'expJJJ', 'expKKK', 'expLLL', 'expMMM']
[2026-04-26 07:35:07]   ✓ expGGG: F1=0.336
[2026-04-26 07:35:07]   ✓ expHHH: F1=0.400
[2026-04-26 07:35:07]   🔄 expIII: training done, eval in progress...
[2026-04-26 07:35:07]   🔄 expJJJ: training done, eval in progress...
[2026-04-26 07:35:07]   🔄 expKKK: training done, eval in progress...
[2026-04-26 07:35:07]   🔄 expLLL: training done, eval in progress...
[2026-04-26 07:35:07]   🔄 expMMM: training done, eval in progress...
[2026-04-26 07:37:07] Waiting... B8 missing=[], B9 missing=['expIII', 'expJJJ', 'expKKK', 'expLLL', 'expMMM']
[2026-04-26 07:37:07]   ✓ expGGG: F1=0.336
[2026-04-26 07:37:07]   ✓ expHHH: F1=0.400
[2026-04-26 07:37:07]   🔄 expIII: training done, eval in progress...
[2026-04-26 07:37:07]   🔄 expJJJ: training done, eval in progress...
[2026-04-26 07:37:07]   🔄 expKKK: training done, eval in progress...
[2026-04-26 07:37:07]   🔄 expLLL: training done, eval in progress...
[2026-04-26 07:37:07]   🔄 expMMM: training done, eval in progress...
[2026-04-26 07:39:07] Waiting... B8 missing=[], B9 missing=['expIII', 'expJJJ', 'expKKK', 'expLLL', 'expMMM']
[2026-04-26 07:39:07]   ✓ expGGG: F1=0.336
[2026-04-26 07:39:07]   ✓ expHHH: F1=0.400
[2026-04-26 07:39:07]   🔄 expIII: training done, eval in progress...
[2026-04-26 07:39:07]   🔄 expJJJ: training done, eval in progress...
[2026-04-26 07:39:07]   🔄 expKKK: training done, eval in progress...
[2026-04-26 07:39:07]   🔄 expLLL: training done, eval in progress...
[2026-04-26 07:39:07]   🔄 expMMM: training done, eval in progress...
[2026-04-26 07:41:07] Waiting... B8 missing=[], B9 missing=['expIII', 'expJJJ', 'expKKK', 'expLLL', 'expMMM']
[2026-04-26 07:41:07]   ✓ expGGG: F1=0.336
[2026-04-26 07:41:07]   ✓ expHHH: F1=0.400
[2026-04-26 07:41:07]   🔄 expIII: training done, eval in progress...
[2026-04-26 07:41:07]   🔄 expJJJ: training done, eval in progress...
[2026-04-26 07:41:07]   🔄 expKKK: training done, eval in progress...
[2026-04-26 07:41:07]   🔄 expLLL: training done, eval in progress...
[2026-04-26 07:41:08]   🔄 expMMM: training done, eval in progress...
[2026-04-26 07:43:08] Waiting... B8 missing=[], B9 missing=['expIII', 'expJJJ', 'expKKK', 'expLLL', 'expMMM']
[2026-04-26 07:43:08]   ✓ expGGG: F1=0.336
[2026-04-26 07:43:08]   ✓ expHHH: F1=0.400
[2026-04-26 07:43:08]   🔄 expIII: training done, eval in progress...
[2026-04-26 07:43:08]   🔄 expJJJ: training done, eval in progress...
[2026-04-26 07:43:08]   🔄 expKKK: training done, eval in progress...
[2026-04-26 07:43:08]   🔄 expLLL: training done, eval in progress...
[2026-04-26 07:43:08]   🔄 expMMM: training done, eval in progress...
[2026-04-26 07:45:08] Waiting... B8 missing=[], B9 missing=['expIII', 'expJJJ', 'expKKK', 'expLLL', 'expMMM']
[2026-04-26 07:45:08]   ✓ expGGG: F1=0.336
[2026-04-26 07:45:08]   ✓ expHHH: F1=0.400
[2026-04-26 07:45:08]   🔄 expIII: training done, eval in progress...
[2026-04-26 07:45:08]   🔄 expJJJ: training done, eval in progress...
[2026-04-26 07:45:08]   🔄 expKKK: training done, eval in progress...
[2026-04-26 07:45:08]   🔄 expLLL: training done, eval in progress...
[2026-04-26 07:45:08]   🔄 expMMM: training done, eval in progress...
[2026-04-26 07:47:08] Waiting... B8 missing=[], B9 missing=['expIII', 'expJJJ', 'expKKK', 'expLLL', 'expMMM']
[2026-04-26 07:47:08]   ✓ expGGG: F1=0.336
[2026-04-26 07:47:08]   ✓ expHHH: F1=0.400
[2026-04-26 07:47:08]   🔄 expIII: training done, eval in progress...
[2026-04-26 07:47:08]   🔄 expJJJ: training done, eval in progress...
[2026-04-26 07:47:08]   🔄 expKKK: training done, eval in progress...
[2026-04-26 07:47:08]   🔄 expLLL: training done, eval in progress...
[2026-04-26 07:47:08]   🔄 expMMM: training done, eval in progress...
[2026-04-26 07:49:08] Waiting... B8 missing=[], B9 missing=['expIII', 'expJJJ', 'expKKK', 'expLLL', 'expMMM']
[2026-04-26 07:49:08]   ✓ expGGG: F1=0.336
[2026-04-26 07:49:08]   ✓ expHHH: F1=0.400
[2026-04-26 07:49:08]   🔄 expIII: training done, eval in progress...
[2026-04-26 07:49:08]   🔄 expJJJ: training done, eval in progress...
[2026-04-26 07:49:08]   🔄 expKKK: training done, eval in progress...
[2026-04-26 07:49:08]   🔄 expLLL: training done, eval in progress...
[2026-04-26 07:49:08]   🔄 expMMM: training done, eval in progress...
[2026-04-26 07:51:08] Waiting... B8 missing=[], B9 missing=['expIII', 'expJJJ', 'expKKK', 'expLLL', 'expMMM']
[2026-04-26 07:51:08]   ✓ expGGG: F1=0.336
[2026-04-26 07:51:08]   ✓ expHHH: F1=0.400
[2026-04-26 07:51:08]   🔄 expIII: training done, eval in progress...
[2026-04-26 07:51:08]   🔄 expJJJ: training done, eval in progress...
[2026-04-26 07:51:08]   🔄 expKKK: training done, eval in progress...
[2026-04-26 07:51:08]   🔄 expLLL: training done, eval in progress...
[2026-04-26 07:51:08]   🔄 expMMM: training done, eval in progress...
[2026-04-26 07:53:08] Waiting... B8 missing=[], B9 missing=['expIII', 'expJJJ', 'expKKK', 'expLLL', 'expMMM']
[2026-04-26 07:53:08]   ✓ expGGG: F1=0.336
[2026-04-26 07:53:08]   ✓ expHHH: F1=0.400
[2026-04-26 07:53:08]   🔄 expIII: training done, eval in progress...
[2026-04-26 07:53:08]   🔄 expJJJ: training done, eval in progress...
[2026-04-26 07:53:08]   🔄 expKKK: training done, eval in progress...
[2026-04-26 07:53:08]   🔄 expLLL: training done, eval in progress...
[2026-04-26 07:53:08]   🔄 expMMM: training done, eval in progress...
[2026-04-26 07:55:08] Waiting... B8 missing=[], B9 missing=['expIII', 'expJJJ', 'expKKK', 'expLLL', 'expMMM']
[2026-04-26 07:55:08]   ✓ expGGG: F1=0.336
[2026-04-26 07:55:08]   ✓ expHHH: F1=0.400
[2026-04-26 07:55:08]   🔄 expIII: training done, eval in progress...
[2026-04-26 07:55:08]   🔄 expJJJ: training done, eval in progress...
[2026-04-26 07:55:08]   🔄 expKKK: training done, eval in progress...
[2026-04-26 07:55:08]   🔄 expLLL: training done, eval in progress...
[2026-04-26 07:55:08]   🔄 expMMM: training done, eval in progress...
[2026-04-26 07:57:08] Waiting... B8 missing=[], B9 missing=['expIII', 'expJJJ', 'expKKK', 'expLLL', 'expMMM']
[2026-04-26 07:57:08]   ✓ expGGG: F1=0.336
[2026-04-26 07:57:08]   ✓ expHHH: F1=0.400
[2026-04-26 07:57:08]   🔄 expIII: training done, eval in progress...
[2026-04-26 07:57:08]   🔄 expJJJ: training done, eval in progress...
[2026-04-26 07:57:08]   🔄 expKKK: training done, eval in progress...
[2026-04-26 07:57:08]   🔄 expLLL: training done, eval in progress...
[2026-04-26 07:57:08]   🔄 expMMM: training done, eval in progress...
[2026-04-26 07:59:09] Waiting... B8 missing=[], B9 missing=['expIII', 'expJJJ', 'expKKK', 'expLLL', 'expMMM']
[2026-04-26 07:59:09]   ✓ expGGG: F1=0.336
[2026-04-26 07:59:09]   ✓ expHHH: F1=0.400
[2026-04-26 07:59:09]   🔄 expIII: training done, eval in progress...
[2026-04-26 07:59:09]   🔄 expJJJ: training done, eval in progress...
[2026-04-26 07:59:09]   🔄 expKKK: training done, eval in progress...
[2026-04-26 07:59:09]   🔄 expLLL: training done, eval in progress...
[2026-04-26 07:59:09]   🔄 expMMM: training done, eval in progress...
[2026-04-26 08:01:09] Waiting... B8 missing=[], B9 missing=['expIII', 'expJJJ', 'expKKK', 'expLLL', 'expMMM']
[2026-04-26 08:01:09]   ✓ expGGG: F1=0.336
[2026-04-26 08:01:09]   ✓ expHHH: F1=0.400
[2026-04-26 08:01:09]   🔄 expIII: training done, eval in progress...
[2026-04-26 08:01:09]   🔄 expJJJ: training done, eval in progress...
[2026-04-26 08:01:09]   🔄 expKKK: training done, eval in progress...
[2026-04-26 08:01:09]   🔄 expLLL: training done, eval in progress...
[2026-04-26 08:01:09]   🔄 expMMM: training done, eval in progress...
[2026-04-26 08:03:09] Waiting... B8 missing=[], B9 missing=['expIII', 'expJJJ', 'expKKK', 'expLLL', 'expMMM']
[2026-04-26 08:03:09]   ✓ expGGG: F1=0.336
[2026-04-26 08:03:09]   ✓ expHHH: F1=0.400
[2026-04-26 08:03:09]   🔄 expIII: training done, eval in progress...
[2026-04-26 08:03:09]   🔄 expJJJ: training done, eval in progress...
[2026-04-26 08:03:09]   🔄 expKKK: training done, eval in progress...
[2026-04-26 08:03:09]   🔄 expLLL: training done, eval in progress...
[2026-04-26 08:03:09]   🔄 expMMM: training done, eval in progress...
[2026-04-26 08:05:09] Waiting... B8 missing=[], B9 missing=['expIII', 'expJJJ', 'expKKK', 'expLLL', 'expMMM']
[2026-04-26 08:05:09]   ✓ expGGG: F1=0.336
[2026-04-26 08:05:09]   ✓ expHHH: F1=0.400
[2026-04-26 08:05:09]   🔄 expIII: training done, eval in progress...
[2026-04-26 08:05:09]   🔄 expJJJ: training done, eval in progress...
[2026-04-26 08:05:09]   🔄 expKKK: training done, eval in progress...
[2026-04-26 08:05:09]   🔄 expLLL: training done, eval in progress...
[2026-04-26 08:05:09]   🔄 expMMM: training done, eval in progress...
[2026-04-26 08:07:09] Waiting... B8 missing=[], B9 missing=['expIII', 'expJJJ', 'expKKK', 'expLLL', 'expMMM']
[2026-04-26 08:07:09]   ✓ expGGG: F1=0.336
[2026-04-26 08:07:09]   ✓ expHHH: F1=0.400
[2026-04-26 08:07:09]   🔄 expIII: training done, eval in progress...
[2026-04-26 08:07:09]   🔄 expJJJ: training done, eval in progress...
[2026-04-26 08:07:09]   🔄 expKKK: training done, eval in progress...
[2026-04-26 08:07:09]   🔄 expLLL: training done, eval in progress...
[2026-04-26 08:07:09]   🔄 expMMM: training done, eval in progress...
[2026-04-26 08:09:09] Waiting... B8 missing=[], B9 missing=['expIII', 'expJJJ', 'expKKK', 'expLLL', 'expMMM']
[2026-04-26 08:09:09]   ✓ expGGG: F1=0.336
[2026-04-26 08:09:09]   ✓ expHHH: F1=0.400
[2026-04-26 08:09:09]   🔄 expIII: training done, eval in progress...
[2026-04-26 08:09:09]   🔄 expJJJ: training done, eval in progress...
[2026-04-26 08:09:09]   🔄 expKKK: training done, eval in progress...
[2026-04-26 08:09:09]   🔄 expLLL: training done, eval in progress...
[2026-04-26 08:09:09]   🔄 expMMM: training done, eval in progress...
[2026-04-26 08:11:09] Waiting... B8 missing=[], B9 missing=['expIII', 'expJJJ', 'expKKK', 'expLLL', 'expMMM']
[2026-04-26 08:11:09]   ✓ expGGG: F1=0.336
[2026-04-26 08:11:09]   ✓ expHHH: F1=0.400
[2026-04-26 08:11:09]   🔄 expIII: training done, eval in progress...
[2026-04-26 08:11:09]   🔄 expJJJ: training done, eval in progress...
[2026-04-26 08:11:09]   🔄 expKKK: training done, eval in progress...
[2026-04-26 08:11:09]   🔄 expLLL: training done, eval in progress...
[2026-04-26 08:11:09]   🔄 expMMM: training done, eval in progress...
[2026-04-26 08:13:09] Waiting... B8 missing=[], B9 missing=['expIII', 'expJJJ', 'expKKK', 'expLLL', 'expMMM']
[2026-04-26 08:13:10]   ✓ expGGG: F1=0.336
[2026-04-26 08:13:10]   ✓ expHHH: F1=0.400
[2026-04-26 08:13:10]   🔄 expIII: training done, eval in progress...
[2026-04-26 08:13:10]   🔄 expJJJ: training done, eval in progress...
[2026-04-26 08:13:10]   🔄 expKKK: training done, eval in progress...
[2026-04-26 08:13:10]   🔄 expLLL: training done, eval in progress...
[2026-04-26 08:13:10]   🔄 expMMM: training done, eval in progress...
[2026-04-26 08:15:10] Waiting... B8 missing=[], B9 missing=['expIII', 'expJJJ', 'expKKK', 'expLLL', 'expMMM']
[2026-04-26 08:15:10]   ✓ expGGG: F1=0.336
[2026-04-26 08:15:10]   ✓ expHHH: F1=0.400
[2026-04-26 08:15:10]   🔄 expIII: training done, eval in progress...
[2026-04-26 08:15:10]   🔄 expJJJ: training done, eval in progress...
[2026-04-26 08:15:10]   🔄 expKKK: training done, eval in progress...
[2026-04-26 08:15:10]   🔄 expLLL: training done, eval in progress...
[2026-04-26 08:15:10]   🔄 expMMM: training done, eval in progress...
[2026-04-26 08:17:10] Waiting... B8 missing=[], B9 missing=['expIII', 'expJJJ', 'expKKK', 'expLLL', 'expMMM']
[2026-04-26 08:17:10]   ✓ expGGG: F1=0.336
[2026-04-26 08:17:10]   ✓ expHHH: F1=0.400
[2026-04-26 08:17:10]   🔄 expIII: training done, eval in progress...
[2026-04-26 08:17:10]   🔄 expJJJ: training done, eval in progress...
[2026-04-26 08:17:10]   🔄 expKKK: training done, eval in progress...
[2026-04-26 08:17:10]   🔄 expLLL: training done, eval in progress...
[2026-04-26 08:17:10]   🔄 expMMM: training done, eval in progress...
[2026-04-26 08:19:10] Waiting... B8 missing=[], B9 missing=['expIII', 'expJJJ', 'expKKK', 'expLLL', 'expMMM']
[2026-04-26 08:19:10]   ✓ expGGG: F1=0.336
[2026-04-26 08:19:10]   ✓ expHHH: F1=0.400
[2026-04-26 08:19:10]   🔄 expIII: training done, eval in progress...
[2026-04-26 08:19:10]   🔄 expJJJ: training done, eval in progress...
[2026-04-26 08:19:10]   🔄 expKKK: training done, eval in progress...
[2026-04-26 08:19:10]   🔄 expLLL: training done, eval in progress...
[2026-04-26 08:19:10]   🔄 expMMM: training done, eval in progress...
[2026-04-26 08:21:10] Waiting... B8 missing=[], B9 missing=['expIII', 'expJJJ', 'expKKK', 'expLLL', 'expMMM']
[2026-04-26 08:21:10]   ✓ expGGG: F1=0.336
[2026-04-26 08:21:10]   ✓ expHHH: F1=0.400
[2026-04-26 08:21:10]   🔄 expIII: training done, eval in progress...
[2026-04-26 08:21:10]   🔄 expJJJ: training done, eval in progress...
[2026-04-26 08:21:10]   🔄 expKKK: training done, eval in progress...
[2026-04-26 08:21:10]   🔄 expLLL: training done, eval in progress...
[2026-04-26 08:21:10]   🔄 expMMM: training done, eval in progress...
[2026-04-26 08:23:10] Waiting... B8 missing=[], B9 missing=['expIII', 'expJJJ', 'expKKK', 'expMMM']
[2026-04-26 08:23:10]   ✓ expGGG: F1=0.336
[2026-04-26 08:23:10]   ✓ expHHH: F1=0.400
[2026-04-26 08:23:10]   🔄 expIII: training done, eval in progress...
[2026-04-26 08:23:10]   🔄 expJJJ: training done, eval in progress...
[2026-04-26 08:23:10]   🔄 expKKK: training done, eval in progress...
[2026-04-26 08:23:10]   ✓ expLLL: F1=0.360
[2026-04-26 08:23:10]   🔄 expMMM: training done, eval in progress...
[2026-04-26 08:25:10] Waiting... B8 missing=[], B9 missing=['expIII', 'expJJJ', 'expKKK', 'expMMM']
[2026-04-26 08:25:10]   ✓ expGGG: F1=0.336
[2026-04-26 08:25:10]   ✓ expHHH: F1=0.400
[2026-04-26 08:25:10]   🔄 expIII: training done, eval in progress...
[2026-04-26 08:25:10]   🔄 expJJJ: training done, eval in progress...
[2026-04-26 08:25:10]   🔄 expKKK: training done, eval in progress...
[2026-04-26 08:25:10]   ✓ expLLL: F1=0.360
[2026-04-26 08:25:10]   🔄 expMMM: training done, eval in progress...
[2026-04-26 08:27:10] Waiting... B8 missing=[], B9 missing=['expIII', 'expJJJ', 'expKKK', 'expMMM']
[2026-04-26 08:27:10]   ✓ expGGG: F1=0.336
[2026-04-26 08:27:10]   ✓ expHHH: F1=0.400
[2026-04-26 08:27:10]   🔄 expIII: training done, eval in progress...
[2026-04-26 08:27:10]   🔄 expJJJ: training done, eval in progress...
[2026-04-26 08:27:10]   🔄 expKKK: training done, eval in progress...
[2026-04-26 08:27:10]   ✓ expLLL: F1=0.360
[2026-04-26 08:27:10]   🔄 expMMM: training done, eval in progress...
[2026-04-26 08:29:11] Waiting... B8 missing=[], B9 missing=['expIII', 'expJJJ', 'expKKK', 'expMMM']
[2026-04-26 08:29:11]   ✓ expGGG: F1=0.336
[2026-04-26 08:29:11]   ✓ expHHH: F1=0.400
[2026-04-26 08:29:11]   🔄 expIII: training done, eval in progress...
[2026-04-26 08:29:11]   🔄 expJJJ: training done, eval in progress...
[2026-04-26 08:29:11]   🔄 expKKK: training done, eval in progress...
[2026-04-26 08:29:11]   ✓ expLLL: F1=0.360
[2026-04-26 08:29:11]   🔄 expMMM: training done, eval in progress...
[2026-04-26 08:31:11] Waiting... B8 missing=[], B9 missing=['expIII', 'expJJJ', 'expKKK', 'expMMM']
[2026-04-26 08:31:11]   ✓ expGGG: F1=0.336
[2026-04-26 08:31:11]   ✓ expHHH: F1=0.400
[2026-04-26 08:31:11]   🔄 expIII: training done, eval in progress...
[2026-04-26 08:31:11]   🔄 expJJJ: training done, eval in progress...
[2026-04-26 08:31:11]   🔄 expKKK: training done, eval in progress...
[2026-04-26 08:31:11]   ✓ expLLL: F1=0.360
[2026-04-26 08:31:11]   🔄 expMMM: training done, eval in progress...
[2026-04-26 08:33:11] Waiting... B8 missing=[], B9 missing=['expIII', 'expJJJ', 'expKKK', 'expMMM']
[2026-04-26 08:33:11]   ✓ expGGG: F1=0.336
[2026-04-26 08:33:11]   ✓ expHHH: F1=0.400
[2026-04-26 08:33:11]   🔄 expIII: training done, eval in progress...
[2026-04-26 08:33:11]   🔄 expJJJ: training done, eval in progress...
[2026-04-26 08:33:11]   🔄 expKKK: training done, eval in progress...
[2026-04-26 08:33:11]   ✓ expLLL: F1=0.360
[2026-04-26 08:33:11]   🔄 expMMM: training done, eval in progress...
[2026-04-26 08:35:11] Waiting... B8 missing=[], B9 missing=['expIII', 'expJJJ', 'expKKK', 'expMMM']
[2026-04-26 08:35:11]   ✓ expGGG: F1=0.336
[2026-04-26 08:35:11]   ✓ expHHH: F1=0.400
[2026-04-26 08:35:11]   🔄 expIII: training done, eval in progress...
[2026-04-26 08:35:11]   🔄 expJJJ: training done, eval in progress...
[2026-04-26 08:35:11]   🔄 expKKK: training done, eval in progress...
[2026-04-26 08:35:11]   ✓ expLLL: F1=0.360
[2026-04-26 08:35:11]   🔄 expMMM: training done, eval in progress...
[2026-04-26 08:37:11] Waiting... B8 missing=[], B9 missing=['expIII', 'expJJJ', 'expKKK', 'expMMM']
[2026-04-26 08:37:11]   ✓ expGGG: F1=0.336
[2026-04-26 08:37:11]   ✓ expHHH: F1=0.400
[2026-04-26 08:37:11]   🔄 expIII: training done, eval in progress...
[2026-04-26 08:37:11]   🔄 expJJJ: training done, eval in progress...
[2026-04-26 08:37:11]   🔄 expKKK: training done, eval in progress...
[2026-04-26 08:37:11]   ✓ expLLL: F1=0.360
[2026-04-26 08:37:11]   🔄 expMMM: training done, eval in progress...
[2026-04-26 08:39:11] Waiting... B8 missing=[], B9 missing=['expIII', 'expJJJ', 'expKKK', 'expMMM']
[2026-04-26 08:39:11]   ✓ expGGG: F1=0.336
[2026-04-26 08:39:11]   ✓ expHHH: F1=0.400
[2026-04-26 08:39:11]   🔄 expIII: training done, eval in progress...
[2026-04-26 08:39:11]   🔄 expJJJ: training done, eval in progress...
[2026-04-26 08:39:11]   🔄 expKKK: training done, eval in progress...
[2026-04-26 08:39:11]   ✓ expLLL: F1=0.360
[2026-04-26 08:39:11]   🔄 expMMM: training done, eval in progress...
[2026-04-26 08:41:11] Waiting... B8 missing=[], B9 missing=['expIII', 'expJJJ', 'expKKK', 'expMMM']
[2026-04-26 08:41:11]   ✓ expGGG: F1=0.336
[2026-04-26 08:41:11]   ✓ expHHH: F1=0.400
[2026-04-26 08:41:11]   🔄 expIII: training done, eval in progress...
[2026-04-26 08:41:11]   🔄 expJJJ: training done, eval in progress...
[2026-04-26 08:41:11]   🔄 expKKK: training done, eval in progress...
[2026-04-26 08:41:11]   ✓ expLLL: F1=0.360
[2026-04-26 08:41:11]   🔄 expMMM: training done, eval in progress...
[2026-04-26 08:43:11] Waiting... B8 missing=[], B9 missing=['expIII', 'expJJJ', 'expKKK', 'expMMM']
[2026-04-26 08:43:11]   ✓ expGGG: F1=0.336
[2026-04-26 08:43:11]   ✓ expHHH: F1=0.400
[2026-04-26 08:43:11]   🔄 expIII: training done, eval in progress...
[2026-04-26 08:43:11]   🔄 expJJJ: training done, eval in progress...
[2026-04-26 08:43:11]   🔄 expKKK: training done, eval in progress...
[2026-04-26 08:43:11]   ✓ expLLL: F1=0.360
[2026-04-26 08:43:11]   🔄 expMMM: training done, eval in progress...
[2026-04-26 08:45:12] Waiting... B8 missing=[], B9 missing=['expIII', 'expJJJ', 'expKKK', 'expMMM']
[2026-04-26 08:45:12]   ✓ expGGG: F1=0.336
[2026-04-26 08:45:12]   ✓ expHHH: F1=0.400
[2026-04-26 08:45:12]   🔄 expIII: training done, eval in progress...
[2026-04-26 08:45:12]   🔄 expJJJ: training done, eval in progress...
[2026-04-26 08:45:12]   🔄 expKKK: training done, eval in progress...
[2026-04-26 08:45:12]   ✓ expLLL: F1=0.360
[2026-04-26 08:45:12]   🔄 expMMM: training done, eval in progress...
[2026-04-26 08:47:12] Waiting... B8 missing=[], B9 missing=['expIII', 'expJJJ', 'expKKK', 'expMMM']
[2026-04-26 08:47:12]   ✓ expGGG: F1=0.336
[2026-04-26 08:47:12]   ✓ expHHH: F1=0.400
[2026-04-26 08:47:12]   🔄 expIII: training done, eval in progress...
[2026-04-26 08:47:12]   🔄 expJJJ: training done, eval in progress...
[2026-04-26 08:47:12]   🔄 expKKK: training done, eval in progress...
[2026-04-26 08:47:12]   ✓ expLLL: F1=0.360
[2026-04-26 08:47:12]   🔄 expMMM: training done, eval in progress...
[2026-04-26 08:49:12] Waiting... B8 missing=[], B9 missing=['expIII', 'expJJJ', 'expKKK', 'expMMM']
[2026-04-26 08:49:12]   ✓ expGGG: F1=0.336
[2026-04-26 08:49:12]   ✓ expHHH: F1=0.400
[2026-04-26 08:49:12]   🔄 expIII: training done, eval in progress...
[2026-04-26 08:49:12]   🔄 expJJJ: training done, eval in progress...
[2026-04-26 08:49:12]   🔄 expKKK: training done, eval in progress...
[2026-04-26 08:49:12]   ✓ expLLL: F1=0.360
[2026-04-26 08:49:12]   🔄 expMMM: training done, eval in progress...
[2026-04-26 08:51:12] Waiting... B8 missing=[], B9 missing=['expIII', 'expJJJ', 'expKKK', 'expMMM']
[2026-04-26 08:51:12]   ✓ expGGG: F1=0.336
[2026-04-26 08:51:12]   ✓ expHHH: F1=0.400
[2026-04-26 08:51:12]   🔄 expIII: training done, eval in progress...
[2026-04-26 08:51:12]   🔄 expJJJ: training done, eval in progress...
[2026-04-26 08:51:12]   🔄 expKKK: training done, eval in progress...
[2026-04-26 08:51:12]   ✓ expLLL: F1=0.360
[2026-04-26 08:51:12]   🔄 expMMM: training done, eval in progress...
[2026-04-26 08:53:12] Waiting... B8 missing=[], B9 missing=['expIII', 'expJJJ', 'expKKK', 'expMMM']
[2026-04-26 08:53:12]   ✓ expGGG: F1=0.336
[2026-04-26 08:53:12]   ✓ expHHH: F1=0.400
[2026-04-26 08:53:12]   🔄 expIII: training done, eval in progress...
[2026-04-26 08:53:12]   🔄 expJJJ: training done, eval in progress...
[2026-04-26 08:53:12]   🔄 expKKK: training done, eval in progress...
[2026-04-26 08:53:12]   ✓ expLLL: F1=0.360
[2026-04-26 08:53:12]   🔄 expMMM: training done, eval in progress...
[2026-04-26 08:55:12] Waiting... B8 missing=[], B9 missing=['expIII', 'expJJJ', 'expKKK', 'expMMM']
[2026-04-26 08:55:12]   ✓ expGGG: F1=0.336
[2026-04-26 08:55:12]   ✓ expHHH: F1=0.400
[2026-04-26 08:55:12]   🔄 expIII: training done, eval in progress...
[2026-04-26 08:55:12]   🔄 expJJJ: training done, eval in progress...
[2026-04-26 08:55:12]   🔄 expKKK: training done, eval in progress...
[2026-04-26 08:55:12]   ✓ expLLL: F1=0.360
[2026-04-26 08:55:12]   🔄 expMMM: training done, eval in progress...
[2026-04-26 08:57:12] Waiting... B8 missing=[], B9 missing=['expIII', 'expJJJ', 'expKKK', 'expMMM']
[2026-04-26 08:57:12]   ✓ expGGG: F1=0.336
[2026-04-26 08:57:12]   ✓ expHHH: F1=0.400
[2026-04-26 08:57:12]   🔄 expIII: training done, eval in progress...
[2026-04-26 08:57:12]   🔄 expJJJ: training done, eval in progress...
[2026-04-26 08:57:12]   🔄 expKKK: training done, eval in progress...
[2026-04-26 08:57:12]   ✓ expLLL: F1=0.360
[2026-04-26 08:57:12]   🔄 expMMM: training done, eval in progress...
[2026-04-26 08:59:12] Waiting... B8 missing=[], B9 missing=['expIII', 'expJJJ', 'expKKK', 'expMMM']
[2026-04-26 08:59:12]   ✓ expGGG: F1=0.336
[2026-04-26 08:59:12]   ✓ expHHH: F1=0.400
[2026-04-26 08:59:12]   🔄 expIII: training done, eval in progress...
[2026-04-26 08:59:12]   🔄 expJJJ: training done, eval in progress...
[2026-04-26 08:59:12]   🔄 expKKK: training done, eval in progress...
[2026-04-26 08:59:12]   ✓ expLLL: F1=0.360
[2026-04-26 08:59:12]   🔄 expMMM: training done, eval in progress...
[2026-04-26 09:01:13] Waiting... B8 missing=[], B9 missing=['expIII', 'expJJJ', 'expKKK', 'expMMM']
[2026-04-26 09:01:13]   ✓ expGGG: F1=0.336
[2026-04-26 09:01:13]   ✓ expHHH: F1=0.400
[2026-04-26 09:01:13]   🔄 expIII: training done, eval in progress...
[2026-04-26 09:01:13]   🔄 expJJJ: training done, eval in progress...
[2026-04-26 09:01:13]   🔄 expKKK: training done, eval in progress...
[2026-04-26 09:01:13]   ✓ expLLL: F1=0.360
[2026-04-26 09:01:13]   🔄 expMMM: training done, eval in progress...
[2026-04-26 09:03:13] Waiting... B8 missing=[], B9 missing=['expIII', 'expJJJ', 'expKKK', 'expMMM']
[2026-04-26 09:03:13]   ✓ expGGG: F1=0.336
[2026-04-26 09:03:13]   ✓ expHHH: F1=0.400
[2026-04-26 09:03:13]   🔄 expIII: training done, eval in progress...
[2026-04-26 09:03:13]   🔄 expJJJ: training done, eval in progress...
[2026-04-26 09:03:13]   🔄 expKKK: training done, eval in progress...
[2026-04-26 09:03:13]   ✓ expLLL: F1=0.360
[2026-04-26 09:03:13]   🔄 expMMM: training done, eval in progress...
[2026-04-26 09:05:13] Waiting... B8 missing=[], B9 missing=['expIII', 'expJJJ', 'expKKK', 'expMMM']
[2026-04-26 09:05:13]   ✓ expGGG: F1=0.336
[2026-04-26 09:05:13]   ✓ expHHH: F1=0.400
[2026-04-26 09:05:13]   🔄 expIII: training done, eval in progress...
[2026-04-26 09:05:13]   🔄 expJJJ: training done, eval in progress...
[2026-04-26 09:05:13]   🔄 expKKK: training done, eval in progress...
[2026-04-26 09:05:13]   ✓ expLLL: F1=0.360
[2026-04-26 09:05:13]   🔄 expMMM: training done, eval in progress...
[2026-04-26 09:07:13] Waiting... B8 missing=[], B9 missing=['expIII', 'expJJJ', 'expKKK', 'expMMM']
[2026-04-26 09:07:13]   ✓ expGGG: F1=0.336
[2026-04-26 09:07:13]   ✓ expHHH: F1=0.400
[2026-04-26 09:07:13]   🔄 expIII: training done, eval in progress...
[2026-04-26 09:07:13]   🔄 expJJJ: training done, eval in progress...
[2026-04-26 09:07:13]   🔄 expKKK: training done, eval in progress...
[2026-04-26 09:07:13]   ✓ expLLL: F1=0.360
[2026-04-26 09:07:13]   🔄 expMMM: training done, eval in progress...
[2026-04-26 09:09:13] Waiting... B8 missing=[], B9 missing=['expIII', 'expJJJ', 'expKKK', 'expMMM']
[2026-04-26 09:09:13]   ✓ expGGG: F1=0.336
[2026-04-26 09:09:13]   ✓ expHHH: F1=0.400
[2026-04-26 09:09:13]   🔄 expIII: training done, eval in progress...
[2026-04-26 09:09:13]   🔄 expJJJ: training done, eval in progress...
[2026-04-26 09:09:13]   🔄 expKKK: training done, eval in progress...
[2026-04-26 09:09:13]   ✓ expLLL: F1=0.360
[2026-04-26 09:09:13]   🔄 expMMM: training done, eval in progress...
[2026-04-26 09:11:13] Waiting... B8 missing=[], B9 missing=['expIII', 'expJJJ', 'expKKK', 'expMMM']
[2026-04-26 09:11:13]   ✓ expGGG: F1=0.336
[2026-04-26 09:11:13]   ✓ expHHH: F1=0.400
[2026-04-26 09:11:13]   🔄 expIII: training done, eval in progress...
[2026-04-26 09:11:13]   🔄 expJJJ: training done, eval in progress...
[2026-04-26 09:11:13]   🔄 expKKK: training done, eval in progress...
[2026-04-26 09:11:13]   ✓ expLLL: F1=0.360
[2026-04-26 09:11:13]   🔄 expMMM: training done, eval in progress...
[2026-04-26 09:13:13] Waiting... B8 missing=[], B9 missing=['expIII', 'expJJJ', 'expKKK', 'expMMM']
[2026-04-26 09:13:13]   ✓ expGGG: F1=0.336
[2026-04-26 09:13:13]   ✓ expHHH: F1=0.400
[2026-04-26 09:13:13]   🔄 expIII: training done, eval in progress...
[2026-04-26 09:13:13]   🔄 expJJJ: training done, eval in progress...
[2026-04-26 09:13:13]   🔄 expKKK: training done, eval in progress...
[2026-04-26 09:13:13]   ✓ expLLL: F1=0.360
[2026-04-26 09:13:13]   🔄 expMMM: training done, eval in progress...
[2026-04-26 09:15:14] Waiting... B8 missing=[], B9 missing=['expIII', 'expJJJ', 'expKKK', 'expMMM']
[2026-04-26 09:15:14]   ✓ expGGG: F1=0.336
[2026-04-26 09:15:14]   ✓ expHHH: F1=0.400
[2026-04-26 09:15:14]   🔄 expIII: training done, eval in progress...
[2026-04-26 09:15:14]   🔄 expJJJ: training done, eval in progress...
[2026-04-26 09:15:14]   🔄 expKKK: training done, eval in progress...
[2026-04-26 09:15:14]   ✓ expLLL: F1=0.360
[2026-04-26 09:15:14]   🔄 expMMM: training done, eval in progress...
[2026-04-26 09:17:14] Waiting... B8 missing=[], B9 missing=['expIII', 'expJJJ', 'expKKK', 'expMMM']
[2026-04-26 09:17:14]   ✓ expGGG: F1=0.336
[2026-04-26 09:17:14]   ✓ expHHH: F1=0.400
[2026-04-26 09:17:14]   🔄 expIII: training done, eval in progress...
[2026-04-26 09:17:14]   🔄 expJJJ: training done, eval in progress...
[2026-04-26 09:17:14]   🔄 expKKK: training done, eval in progress...
[2026-04-26 09:17:14]   ✓ expLLL: F1=0.360
[2026-04-26 09:17:14]   🔄 expMMM: training done, eval in progress...
[2026-04-26 09:19:14] Waiting... B8 missing=[], B9 missing=['expIII', 'expJJJ', 'expKKK', 'expMMM']
[2026-04-26 09:19:14]   ✓ expGGG: F1=0.336
[2026-04-26 09:19:14]   ✓ expHHH: F1=0.400
[2026-04-26 09:19:14]   🔄 expIII: training done, eval in progress...
[2026-04-26 09:19:14]   🔄 expJJJ: training done, eval in progress...
[2026-04-26 09:19:14]   🔄 expKKK: training done, eval in progress...
[2026-04-26 09:19:14]   ✓ expLLL: F1=0.360
[2026-04-26 09:19:14]   🔄 expMMM: training done, eval in progress...
[2026-04-26 09:21:14] Waiting... B8 missing=[], B9 missing=['expIII', 'expKKK', 'expMMM']
[2026-04-26 09:21:14]   ✓ expGGG: F1=0.336
[2026-04-26 09:21:14]   ✓ expHHH: F1=0.400
[2026-04-26 09:21:14]   🔄 expIII: training done, eval in progress...
[2026-04-26 09:21:14]   ✓ expJJJ: F1=0.394
[2026-04-26 09:21:14]   🔄 expKKK: training done, eval in progress...
[2026-04-26 09:21:14]   ✓ expLLL: F1=0.360
[2026-04-26 09:21:14]   🔄 expMMM: training done, eval in progress...
[2026-04-26 09:23:14] Waiting... B8 missing=[], B9 missing=['expIII', 'expKKK', 'expMMM']
[2026-04-26 09:23:14]   ✓ expGGG: F1=0.336
[2026-04-26 09:23:14]   ✓ expHHH: F1=0.400
[2026-04-26 09:23:14]   🔄 expIII: training done, eval in progress...
[2026-04-26 09:23:14]   ✓ expJJJ: F1=0.394
[2026-04-26 09:23:14]   🔄 expKKK: training done, eval in progress...
[2026-04-26 09:23:14]   ✓ expLLL: F1=0.360
[2026-04-26 09:23:14]   🔄 expMMM: training done, eval in progress...
[2026-04-26 09:25:14] Waiting... B8 missing=[], B9 missing=['expIII', 'expKKK', 'expMMM']
[2026-04-26 09:25:14]   ✓ expGGG: F1=0.336
[2026-04-26 09:25:14]   ✓ expHHH: F1=0.400
[2026-04-26 09:25:14]   🔄 expIII: training done, eval in progress...
[2026-04-26 09:25:14]   ✓ expJJJ: F1=0.394
[2026-04-26 09:25:14]   🔄 expKKK: training done, eval in progress...
[2026-04-26 09:25:14]   ✓ expLLL: F1=0.360
[2026-04-26 09:25:14]   🔄 expMMM: training done, eval in progress...
[2026-04-26 09:27:14] Waiting... B8 missing=[], B9 missing=['expIII', 'expKKK', 'expMMM']
[2026-04-26 09:27:14]   ✓ expGGG: F1=0.336
[2026-04-26 09:27:14]   ✓ expHHH: F1=0.400
[2026-04-26 09:27:14]   🔄 expIII: training done, eval in progress...
[2026-04-26 09:27:14]   ✓ expJJJ: F1=0.394
[2026-04-26 09:27:14]   🔄 expKKK: training done, eval in progress...
[2026-04-26 09:27:14]   ✓ expLLL: F1=0.360
[2026-04-26 09:27:14]   🔄 expMMM: training done, eval in progress...
[2026-04-26 09:29:15] Waiting... B8 missing=[], B9 missing=['expIII', 'expKKK', 'expMMM']
[2026-04-26 09:29:15]   ✓ expGGG: F1=0.336
[2026-04-26 09:29:15]   ✓ expHHH: F1=0.400
[2026-04-26 09:29:15]   🔄 expIII: training done, eval in progress...
[2026-04-26 09:29:15]   ✓ expJJJ: F1=0.394
[2026-04-26 09:29:15]   🔄 expKKK: training done, eval in progress...
[2026-04-26 09:29:15]   ✓ expLLL: F1=0.360
[2026-04-26 09:29:15]   🔄 expMMM: training done, eval in progress...
[2026-04-26 09:31:15] Waiting... B8 missing=[], B9 missing=['expIII', 'expKKK', 'expMMM']
[2026-04-26 09:31:15]   ✓ expGGG: F1=0.336
[2026-04-26 09:31:15]   ✓ expHHH: F1=0.400
[2026-04-26 09:31:15]   🔄 expIII: training done, eval in progress...
[2026-04-26 09:31:15]   ✓ expJJJ: F1=0.394
[2026-04-26 09:31:15]   🔄 expKKK: training done, eval in progress...
[2026-04-26 09:31:15]   ✓ expLLL: F1=0.360
[2026-04-26 09:31:15]   🔄 expMMM: training done, eval in progress...
[2026-04-26 09:33:15] Waiting... B8 missing=[], B9 missing=['expIII', 'expKKK', 'expMMM']
[2026-04-26 09:33:15]   ✓ expGGG: F1=0.336
[2026-04-26 09:33:15]   ✓ expHHH: F1=0.400
[2026-04-26 09:33:15]   🔄 expIII: training done, eval in progress...
[2026-04-26 09:33:15]   ✓ expJJJ: F1=0.394
[2026-04-26 09:33:15]   🔄 expKKK: training done, eval in progress...
[2026-04-26 09:33:15]   ✓ expLLL: F1=0.360
[2026-04-26 09:33:15]   🔄 expMMM: training done, eval in progress...
[2026-04-26 09:35:15] Waiting... B8 missing=[], B9 missing=['expIII', 'expKKK', 'expMMM']
[2026-04-26 09:35:15]   ✓ expGGG: F1=0.336
[2026-04-26 09:35:15]   ✓ expHHH: F1=0.400
[2026-04-26 09:35:15]   🔄 expIII: training done, eval in progress...
[2026-04-26 09:35:15]   ✓ expJJJ: F1=0.394
[2026-04-26 09:35:15]   🔄 expKKK: training done, eval in progress...
[2026-04-26 09:35:15]   ✓ expLLL: F1=0.360
[2026-04-26 09:35:15]   🔄 expMMM: training done, eval in progress...
[2026-04-26 09:37:15] Waiting... B8 missing=[], B9 missing=['expIII', 'expKKK', 'expMMM']
[2026-04-26 09:37:15]   ✓ expGGG: F1=0.336
[2026-04-26 09:37:15]   ✓ expHHH: F1=0.400
[2026-04-26 09:37:15]   🔄 expIII: training done, eval in progress...
[2026-04-26 09:37:15]   ✓ expJJJ: F1=0.394
[2026-04-26 09:37:15]   🔄 expKKK: training done, eval in progress...
[2026-04-26 09:37:15]   ✓ expLLL: F1=0.360
[2026-04-26 09:37:15]   🔄 expMMM: training done, eval in progress...
[2026-04-26 09:39:15] Waiting... B8 missing=[], B9 missing=['expIII', 'expKKK', 'expMMM']
[2026-04-26 09:39:15]   ✓ expGGG: F1=0.336
[2026-04-26 09:39:15]   ✓ expHHH: F1=0.400
[2026-04-26 09:39:15]   🔄 expIII: training done, eval in progress...
[2026-04-26 09:39:15]   ✓ expJJJ: F1=0.394
[2026-04-26 09:39:15]   🔄 expKKK: training done, eval in progress...
[2026-04-26 09:39:15]   ✓ expLLL: F1=0.360
[2026-04-26 09:39:15]   🔄 expMMM: training done, eval in progress...
[2026-04-26 09:41:15] Waiting... B8 missing=[], B9 missing=['expIII', 'expKKK', 'expMMM']
[2026-04-26 09:41:15]   ✓ expGGG: F1=0.336
[2026-04-26 09:41:15]   ✓ expHHH: F1=0.400
[2026-04-26 09:41:15]   🔄 expIII: training done, eval in progress...
[2026-04-26 09:41:15]   ✓ expJJJ: F1=0.394
[2026-04-26 09:41:15]   🔄 expKKK: training done, eval in progress...
[2026-04-26 09:41:15]   ✓ expLLL: F1=0.360
[2026-04-26 09:41:15]   🔄 expMMM: training done, eval in progress...
[2026-04-26 09:43:15] Waiting... B8 missing=[], B9 missing=['expIII', 'expKKK', 'expMMM']
[2026-04-26 09:43:15]   ✓ expGGG: F1=0.336
[2026-04-26 09:43:15]   ✓ expHHH: F1=0.400
[2026-04-26 09:43:15]   🔄 expIII: training done, eval in progress...
[2026-04-26 09:43:15]   ✓ expJJJ: F1=0.394
[2026-04-26 09:43:15]   🔄 expKKK: training done, eval in progress...
[2026-04-26 09:43:15]   ✓ expLLL: F1=0.360
[2026-04-26 09:43:15]   🔄 expMMM: training done, eval in progress...
[2026-04-26 09:45:16] Waiting... B8 missing=[], B9 missing=['expIII', 'expKKK', 'expMMM']
[2026-04-26 09:45:16]   ✓ expGGG: F1=0.336
[2026-04-26 09:45:16]   ✓ expHHH: F1=0.400
[2026-04-26 09:45:16]   🔄 expIII: training done, eval in progress...
[2026-04-26 09:45:16]   ✓ expJJJ: F1=0.394
[2026-04-26 09:45:16]   🔄 expKKK: training done, eval in progress...
[2026-04-26 09:45:16]   ✓ expLLL: F1=0.360
[2026-04-26 09:45:16]   🔄 expMMM: training done, eval in progress...
[2026-04-26 09:47:16] Waiting... B8 missing=[], B9 missing=['expIII', 'expKKK', 'expMMM']
[2026-04-26 09:47:16]   ✓ expGGG: F1=0.336
[2026-04-26 09:47:16]   ✓ expHHH: F1=0.400
[2026-04-26 09:47:16]   🔄 expIII: training done, eval in progress...
[2026-04-26 09:47:16]   ✓ expJJJ: F1=0.394
[2026-04-26 09:47:16]   🔄 expKKK: training done, eval in progress...
[2026-04-26 09:47:16]   ✓ expLLL: F1=0.360
[2026-04-26 09:47:16]   🔄 expMMM: training done, eval in progress...
[2026-04-26 09:49:16] Waiting... B8 missing=[], B9 missing=['expIII', 'expKKK', 'expMMM']
[2026-04-26 09:49:16]   ✓ expGGG: F1=0.336
[2026-04-26 09:49:16]   ✓ expHHH: F1=0.400
[2026-04-26 09:49:16]   🔄 expIII: training done, eval in progress...
[2026-04-26 09:49:16]   ✓ expJJJ: F1=0.394
[2026-04-26 09:49:16]   🔄 expKKK: training done, eval in progress...
[2026-04-26 09:49:16]   ✓ expLLL: F1=0.360
[2026-04-26 09:49:16]   🔄 expMMM: training done, eval in progress...
[2026-04-26 09:51:16] Waiting... B8 missing=[], B9 missing=['expIII', 'expKKK', 'expMMM']
[2026-04-26 09:51:16]   ✓ expGGG: F1=0.336
[2026-04-26 09:51:16]   ✓ expHHH: F1=0.400
[2026-04-26 09:51:16]   🔄 expIII: training done, eval in progress...
[2026-04-26 09:51:16]   ✓ expJJJ: F1=0.394
[2026-04-26 09:51:16]   🔄 expKKK: training done, eval in progress...
[2026-04-26 09:51:16]   ✓ expLLL: F1=0.360
[2026-04-26 09:51:16]   🔄 expMMM: training done, eval in progress...
[2026-04-26 09:53:16] Waiting... B8 missing=[], B9 missing=['expIII', 'expMMM']
[2026-04-26 09:53:16]   ✓ expGGG: F1=0.336
[2026-04-26 09:53:16]   ✓ expHHH: F1=0.400
[2026-04-26 09:53:16]   🔄 expIII: training done, eval in progress...
[2026-04-26 09:53:16]   ✓ expJJJ: F1=0.394
[2026-04-26 09:53:16]   ✓ expKKK: F1=0.364
[2026-04-26 09:53:16]   ✓ expLLL: F1=0.360
[2026-04-26 09:53:16]   🔄 expMMM: training done, eval in progress...
[2026-04-26 09:55:16] Waiting... B8 missing=[], B9 missing=['expIII']
[2026-04-26 09:55:16]   ✓ expGGG: F1=0.336
[2026-04-26 09:55:16]   ✓ expHHH: F1=0.400
[2026-04-26 09:55:16]   🔄 expIII: training done, eval in progress...
[2026-04-26 09:55:16]   ✓ expJJJ: F1=0.394
[2026-04-26 09:55:16]   ✓ expKKK: F1=0.364
[2026-04-26 09:55:16]   ✓ expLLL: F1=0.360
[2026-04-26 09:55:16]   ✓ expMMM: F1=0.392
[2026-04-26 09:57:16] Waiting... B8 missing=[], B9 missing=['expIII']
[2026-04-26 09:57:16]   ✓ expGGG: F1=0.336
[2026-04-26 09:57:16]   ✓ expHHH: F1=0.400
[2026-04-26 09:57:16]   🔄 expIII: training done, eval in progress...
[2026-04-26 09:57:16]   ✓ expJJJ: F1=0.394
[2026-04-26 09:57:16]   ✓ expKKK: F1=0.364
[2026-04-26 09:57:16]   ✓ expLLL: F1=0.360
[2026-04-26 09:57:16]   ✓ expMMM: F1=0.392
[2026-04-26 09:59:16] Waiting... B8 missing=[], B9 missing=['expIII']
[2026-04-26 09:59:16]   ✓ expGGG: F1=0.336
[2026-04-26 09:59:16]   ✓ expHHH: F1=0.400
[2026-04-26 09:59:16]   🔄 expIII: training done, eval in progress...
[2026-04-26 09:59:16]   ✓ expJJJ: F1=0.394
[2026-04-26 09:59:16]   ✓ expKKK: F1=0.364
[2026-04-26 09:59:16]   ✓ expLLL: F1=0.360
[2026-04-26 09:59:16]   ✓ expMMM: F1=0.392
[2026-04-26 10:01:16] All B8 + B9 results ready. Starting B10.
[2026-04-26 10:01:16] === B9 Analysis ===
[2026-04-26 10:01:16]   expIII: F1=0.354  r8=0.77
[2026-04-26 10:01:16]   expJJJ: F1=0.394  r8=0.61
[2026-04-26 10:01:16]   expKKK: F1=0.364  r8=0.54
[2026-04-26 10:01:16]   expLLL: F1=0.360  r8=0.61
[2026-04-26 10:01:16]   expMMM: F1=0.392  r8=0.54
[2026-04-26 10:01:16]   → LR comparison: KKK=0.364 vs MMM=0.392
[2026-04-26 10:01:16]   → v3 vs v1: III=0.354 vs MMM=0.392
[2026-04-26 10:01:16]   Best B9: expJJJ F1=0.394
[2026-04-26 10:01:16] === B8 Analysis (32B) ===
[2026-04-26 10:01:16]   expGGG: F1=0.336  r8=0.77
[2026-04-26 10:01:16]   expHHH: F1=0.400  r8=0.77
[2026-04-26 10:01:16]   → 32B (expGGG) F1=0.336 vs best 14B 0.385
[2026-04-26 10:01:16]   → 32B (expHHH) beats best 14B! F1=0.400 > 0.385
[2026-04-26 10:01:16] === All-time Top 10 ===
[2026-04-26 10:01:17]   expHHH: F1=0.400  r8=0.77
[2026-04-26 10:01:17]   expJJJ: F1=0.394  r8=0.61
[2026-04-26 10:01:17]   expMMM: F1=0.392  r8=0.54
[2026-04-26 10:01:17]   expXX: F1=0.385  r8=0.00
[2026-04-26 10:01:17]   expCCC: F1=0.379  r8=0.15
[2026-04-26 10:01:17]   expAAA: F1=0.372  r8=0.15
[2026-04-26 10:01:17]   expBBB: F1=0.368  r8=0.23
[2026-04-26 10:01:17]   expYY2: F1=0.364  r8=0.15
[2026-04-26 10:01:17]   expKKK: F1=0.364  r8=0.54
[2026-04-26 10:01:17]   expVV: F1=0.360  r8=0.00
[2026-04-26 10:01:17] Running prepare_batch10.sh...
[2026-04-26 10:01:18] expPPP: 400 lines (v1+v3)
Creating Batch 10 training data...
expNNN: 200 lines (ns_v1, 32B+cutoff5120)
expOOO: 200 lines (ns_v1, 14B+lr5e-5+cutoff5120)
expQQQ: 200 lines (ns_v1, 7B+cutoff5120)
expSSS: 200 lines (ns_v3, 14B+cutoff5120)
Added spc_r5_expNNN
Added spc_r5_expOOO
Added spc_r5_expPPP
Added spc_r5_expQQQ
Added spc_r5_expSSS
Done
Batch 10 data and configs ready.
  expNNN: 32B + cutoff=5120 (apply MMM fix to 32B)
  expOOO: 14B + cutoff=5120 + LR=5e-5 (combine MMM + KKK)
  expPPP: 14B + cutoff=5120 + 400 (v1+v3) × 3ep=150 steps (cross-pool + fix)
  expQQQ: 7B + cutoff=5120 (smallest model + fix)
  expSSS: 14B + cutoff=5120 + ns_v3 seed pool (v3 + cutoff fix)
expTTT: 500 lines (250ws_v1 + 250ns_v2, cutoff5120)
expUUU: 500 lines (250ws_v1+250ns_v2, 32B)
expVVV: 200 lines (ns_v4, cutoff5120)
Added spc_r5_expTTT
Added spc_r5_expUUU
Added spc_r5_expVVV

=== Batch 10 FULL plan (8 GPUs) ===
GPU 0: expNNN — 32B + 200ns_v1 + cutoff=5120 (32B pure ns baseline)
GPU 1: expOOO — 14B + 200ns_v1 + cutoff=5120 + LR=5e-5
GPU 2: expPPP — 14B + 400(v1+v3) + cutoff=5120, 150 steps
GPU 3: expQQQ — 8B + 200ns_v1 + cutoff=5120
GPU 4: expSSS — 14B + 200ns_v3 + cutoff=5120
GPU 5: expTTT — 14B + 250ws+250ns_v2 + cutoff=5120 ← KEY: expXX fix
GPU 6: expUUU — 32B + 250ws+250ns_v2 + cutoff=5120 ← KEY: 32B expXX fix
GPU 7: expVVV — 14B + 200ns_v4 + cutoff=5120

[2026-04-26 10:01:18] Killing vLLM servers...
[2026-04-26 10:01:28] Starting Batch 10 training (8 GPUs)...
[2026-04-26 10:01:28]   expNNN: training started PID=264141 GPU=0
[2026-04-26 10:01:33]   expOOO: training started PID=264304 GPU=1
[2026-04-26 10:01:38]   expPPP: training started PID=264564 GPU=2
[2026-04-26 10:01:43]   expQQQ: training started PID=265045 GPU=3
[2026-04-26 10:01:48]   expSSS: training started PID=265530 GPU=4
[2026-04-26 10:01:53]   expTTT: training started PID=266204 GPU=5
[2026-04-26 10:01:58]   expUUU: training started PID=266466 GPU=6
[2026-04-26 10:02:03]   expVVV: training started PID=267040 GPU=7
[2026-04-26 10:02:08] Monitoring Batch 10 training + eval...
[2026-04-26 10:02:08] ⏳ expNNN (GPU 0): step 0/125
[2026-04-26 10:02:08] ⏳ expOOO (GPU 1): step 0/125
[2026-04-26 10:02:09] ⏳ expPPP (GPU 2): step 0/150
[2026-04-26 10:02:09] ⏳ expQQQ (GPU 3): step 0/?
[2026-04-26 10:02:09] ⏳ expSSS (GPU 4): step 7/8
[2026-04-26 10:02:09] ⏳ expTTT (GPU 5): step 0/500
[2026-04-26 10:02:09] ⏳ expUUU (GPU 6): step 0/?
[2026-04-26 10:02:09] ⏳ expVVV (GPU 7): step 0/?
[2026-04-26 10:04:09] ⏳ expNNN (GPU 0): step 1/125
[2026-04-26 10:04:09] ⏳ expOOO (GPU 1): step 3/125
[2026-04-26 10:04:09] ⏳ expPPP (GPU 2): step 2/150
[2026-04-26 10:04:09] ⏳ expQQQ (GPU 3): step 0/?
[2026-04-26 10:04:09] ⏳ expSSS (GPU 4): step 2/125
[2026-04-26 10:04:09] ⏳ expTTT (GPU 5): step 2/189
[2026-04-26 10:04:09] ⏳ expUUU (GPU 6): step 1/189
[2026-04-26 10:04:09] ⏳ expVVV (GPU 7): step 2/125
[2026-04-26 10:06:09] ⏳ expNNN (GPU 0): step 2/125
[2026-04-26 10:06:09] ⏳ expOOO (GPU 1): step 6/125
[2026-04-26 10:06:09] ⏳ expPPP (GPU 2): step 5/150
[2026-04-26 10:06:09] ⏳ expQQQ (GPU 3): step 0/?
[2026-04-26 10:06:09] ⏳ expSSS (GPU 4): step 5/125
[2026-04-26 10:06:09] ⏳ expTTT (GPU 5): step 5/189
[2026-04-26 10:06:09] ⏳ expUUU (GPU 6): step 2/189
[2026-04-26 10:06:09] ⏳ expVVV (GPU 7): step 5/125
[2026-04-26 10:08:09] ⏳ expNNN (GPU 0): step 4/125
[2026-04-26 10:08:09] ⏳ expOOO (GPU 1): step 8/125
[2026-04-26 10:08:09] ⏳ expPPP (GPU 2): step 8/150
[2026-04-26 10:08:09] ⏳ expQQQ (GPU 3): step 0/?
[2026-04-26 10:08:09] ⏳ expSSS (GPU 4): step 8/125
[2026-04-26 10:08:09] ⏳ expTTT (GPU 5): step 7/189
[2026-04-26 10:08:09] ⏳ expUUU (GPU 6): step 3/189
[2026-04-26 10:08:09] ⏳ expVVV (GPU 7): step 8/125
[2026-04-26 10:10:09] ⏳ expNNN (GPU 0): step 5/125
[2026-04-26 10:10:09] ⏳ expOOO (GPU 1): step 11/125
[2026-04-26 10:10:09] ⏳ expPPP (GPU 2): step 11/150
[2026-04-26 10:10:09] ⏳ expQQQ (GPU 3): step 0/?
[2026-04-26 10:10:09] ⏳ expSSS (GPU 4): step 11/125
[2026-04-26 10:10:09] ⏳ expTTT (GPU 5): step 10/189
[2026-04-26 10:10:09] ⏳ expUUU (GPU 6): step 5/189
[2026-04-26 10:10:09] ⏳ expVVV (GPU 7): step 11/125
[2026-04-26 10:12:09] ⏳ expNNN (GPU 0): step 6/125
[2026-04-26 10:12:09] ⏳ expOOO (GPU 1): step 14/125
[2026-04-26 10:12:09] ⏳ expPPP (GPU 2): step 14/150
[2026-04-26 10:12:09] ⏳ expQQQ (GPU 3): step 0/?
[2026-04-26 10:12:09] ⏳ expSSS (GPU 4): step 14/125
[2026-04-26 10:12:09] ⏳ expTTT (GPU 5): step 13/189
[2026-04-26 10:12:09] ⏳ expUUU (GPU 6): step 6/189
[2026-04-26 10:12:09] ⏳ expVVV (GPU 7): step 13/125
[2026-04-26 10:14:09] ⏳ expNNN (GPU 0): step 7/125
[2026-04-26 10:14:09] ⏳ expOOO (GPU 1): step 17/125
[2026-04-26 10:14:09] ⏳ expPPP (GPU 2): step 17/150
[2026-04-26 10:14:09] ⏳ expQQQ (GPU 3): step 0/?
[2026-04-26 10:14:09] ⏳ expSSS (GPU 4): step 17/125
[2026-04-26 10:14:09] ⏳ expTTT (GPU 5): step 16/189
[2026-04-26 10:14:09] ⏳ expUUU (GPU 6): step 7/189
[2026-04-26 10:14:09] ⏳ expVVV (GPU 7): step 16/125
[2026-04-26 10:16:10] ⏳ expNNN (GPU 0): step 9/125
[2026-04-26 10:16:10] ⏳ expOOO (GPU 1): step 20/125
[2026-04-26 10:16:10] ⏳ expPPP (GPU 2): step 20/150
[2026-04-26 10:16:10] ⏳ expQQQ (GPU 3): step 0/?
[2026-04-26 10:16:10] ⏳ expSSS (GPU 4): step 20/125
[2026-04-26 10:16:10] ⏳ expTTT (GPU 5): step 18/189
[2026-04-26 10:16:10] ⏳ expUUU (GPU 6): step 9/189
[2026-04-26 10:16:10] ⏳ expVVV (GPU 7): step 19/125
[2026-04-26 10:18:10] ⏳ expNNN (GPU 0): step 10/125
[2026-04-26 10:18:10] ⏳ expOOO (GPU 1): step 23/125
[2026-04-26 10:18:10] ⏳ expPPP (GPU 2): step 23/150
[2026-04-26 10:18:10] ⏳ expQQQ (GPU 3): step 0/125
[2026-04-26 10:18:10] ⏳ expSSS (GPU 4): step 22/125
[2026-04-26 10:18:10] ⏳ expTTT (GPU 5): step 21/189
[2026-04-26 10:18:10] ⏳ expUUU (GPU 6): step 10/189
[2026-04-26 10:18:10] ⏳ expVVV (GPU 7): step 22/125
[2026-04-26 10:20:10] ⏳ expNNN (GPU 0): step 11/125
[2026-04-26 10:20:10] ⏳ expOOO (GPU 1): step 26/125
[2026-04-26 10:20:10] ⏳ expPPP (GPU 2): step 26/150
[2026-04-26 10:20:10] ⏳ expQQQ (GPU 3): step 5/125
[2026-04-26 10:20:10] ⏳ expSSS (GPU 4): step 25/125
[2026-04-26 10:20:10] ⏳ expTTT (GPU 5): step 24/189
[2026-04-26 10:20:10] ⏳ expUUU (GPU 6): step 11/189
[2026-04-26 10:20:10] ⏳ expVVV (GPU 7): step 25/125
[2026-04-26 10:22:10] ⏳ expNNN (GPU 0): step 13/125
[2026-04-26 10:22:10] ⏳ expOOO (GPU 1): step 28/125
[2026-04-26 10:22:10] ⏳ expPPP (GPU 2): step 29/150
[2026-04-26 10:22:10] ⏳ expQQQ (GPU 3): step 9/125
[2026-04-26 10:22:10] ⏳ expSSS (GPU 4): step 28/125
[2026-04-26 10:22:10] ⏳ expTTT (GPU 5): step 27/189
[2026-04-26 10:22:10] ⏳ expUUU (GPU 6): step 13/189
[2026-04-26 10:22:10] ⏳ expVVV (GPU 7): step 28/125
[2026-04-26 10:24:10] ⏳ expNNN (GPU 0): step 14/125
[2026-04-26 10:24:10] ⏳ expOOO (GPU 1): step 31/125
[2026-04-26 10:24:10] ⏳ expPPP (GPU 2): step 32/150
[2026-04-26 10:24:10] ⏳ expQQQ (GPU 3): step 14/125
[2026-04-26 10:24:10] ⏳ expSSS (GPU 4): step 31/125
[2026-04-26 10:24:10] ⏳ expTTT (GPU 5): step 29/189
[2026-04-26 10:24:10] ⏳ expUUU (GPU 6): step 14/189
[2026-04-26 10:24:10] ⏳ expVVV (GPU 7): step 31/125
[2026-04-26 10:26:10] ⏳ expNNN (GPU 0): step 15/125
[2026-04-26 10:26:10] ⏳ expOOO (GPU 1): step 34/125
[2026-04-26 10:26:10] ⏳ expPPP (GPU 2): step 35/150
[2026-04-26 10:26:10] ⏳ expQQQ (GPU 3): step 19/125
[2026-04-26 10:26:10] ⏳ expSSS (GPU 4): step 34/125
[2026-04-26 10:26:10] ⏳ expTTT (GPU 5): step 32/189
[2026-04-26 10:26:10] ⏳ expUUU (GPU 6): step 15/189
[2026-04-26 10:26:10] ⏳ expVVV (GPU 7): step 34/125
[2026-04-26 10:28:10] ⏳ expNNN (GPU 0): step 17/125
[2026-04-26 10:28:10] ⏳ expOOO (GPU 1): step 37/125
[2026-04-26 10:28:10] ⏳ expPPP (GPU 2): step 37/150
[2026-04-26 10:28:10] ⏳ expQQQ (GPU 3): step 23/125
[2026-04-26 10:28:10] ⏳ expSSS (GPU 4): step 37/125
[2026-04-26 10:28:10] ⏳ expTTT (GPU 5): step 35/189
[2026-04-26 10:28:10] ⏳ expUUU (GPU 6): step 17/189
[2026-04-26 10:28:10] ⏳ expVVV (GPU 7): step 37/125
[2026-04-26 10:30:11] ⏳ expNNN (GPU 0): step 18/125
[2026-04-26 10:30:11] ⏳ expOOO (GPU 1): step 40/125
[2026-04-26 10:30:11] ⏳ expPPP (GPU 2): step 40/150
[2026-04-26 10:30:11] ⏳ expQQQ (GPU 3): step 28/125
[2026-04-26 10:30:11] ⏳ expSSS (GPU 4): step 40/125
[2026-04-26 10:30:11] ⏳ expTTT (GPU 5): step 37/189
[2026-04-26 10:30:11] ⏳ expUUU (GPU 6): step 18/189
[2026-04-26 10:30:11] ⏳ expVVV (GPU 7): step 39/125
[2026-04-26 10:32:11] ⏳ expNNN (GPU 0): step 19/125
[2026-04-26 10:32:11] ⏳ expOOO (GPU 1): step 43/125
[2026-04-26 10:32:11] ⏳ expPPP (GPU 2): step 43/150
[2026-04-26 10:32:11] ⏳ expQQQ (GPU 3): step 32/125
[2026-04-26 10:32:11] ⏳ expSSS (GPU 4): step 43/125
[2026-04-26 10:32:11] ⏳ expTTT (GPU 5): step 40/189
[2026-04-26 10:32:11] ⏳ expUUU (GPU 6): step 20/189
[2026-04-26 10:32:11] ⏳ expVVV (GPU 7): step 42/125
[2026-04-26 10:34:11] ⏳ expNNN (GPU 0): step 21/125
[2026-04-26 10:34:11] ⏳ expOOO (GPU 1): step 46/125
[2026-04-26 10:34:11] ⏳ expPPP (GPU 2): step 46/150
[2026-04-26 10:34:11] ⏳ expQQQ (GPU 3): step 37/125
[2026-04-26 10:34:11] ⏳ expSSS (GPU 4): step 45/125
[2026-04-26 10:34:11] ⏳ expTTT (GPU 5): step 43/189
[2026-04-26 10:34:11] ⏳ expUUU (GPU 6): step 21/189
[2026-04-26 10:34:11] ⏳ expVVV (GPU 7): step 45/125
[2026-04-26 10:36:11] ⏳ expNNN (GPU 0): step 22/125
[2026-04-26 10:36:11] ⏳ expOOO (GPU 1): step 49/125
[2026-04-26 10:36:11] ⏳ expPPP (GPU 2): step 49/150
[2026-04-26 10:36:11] ⏳ expQQQ (GPU 3): step 42/125
[2026-04-26 10:36:11] ⏳ expSSS (GPU 4): step 48/125
[2026-04-26 10:36:11] ⏳ expTTT (GPU 5): step 46/189
[2026-04-26 10:36:11] ⏳ expUUU (GPU 6): step 22/189
[2026-04-26 10:36:11] ⏳ expVVV (GPU 7): step 48/125
[2026-04-26 10:38:11] ⏳ expNNN (GPU 0): step 23/125
[2026-04-26 10:38:11] ⏳ expOOO (GPU 1): step 51/125
[2026-04-26 10:38:11] ⏳ expPPP (GPU 2): step 52/150
[2026-04-26 10:38:11] ⏳ expQQQ (GPU 3): step 46/125
[2026-04-26 10:38:11] ⏳ expSSS (GPU 4): step 51/125
[2026-04-26 10:38:11] ⏳ expTTT (GPU 5): step 48/189
[2026-04-26 10:38:11] ⏳ expUUU (GPU 6): step 24/189
[2026-04-26 10:38:11] ⏳ expVVV (GPU 7): step 51/125
[2026-04-26 10:40:11] ⏳ expNNN (GPU 0): step 24/125
[2026-04-26 10:40:11] ⏳ expOOO (GPU 1): step 54/125
[2026-04-26 10:40:11] ⏳ expPPP (GPU 2): step 55/150
[2026-04-26 10:40:11] ⏳ expQQQ (GPU 3): step 51/125
[2026-04-26 10:40:11] ⏳ expSSS (GPU 4): step 54/125
[2026-04-26 10:40:11] ⏳ expTTT (GPU 5): step 51/189
[2026-04-26 10:40:11] ⏳ expUUU (GPU 6): step 25/189
[2026-04-26 10:40:11] ⏳ expVVV (GPU 7): step 54/125
[2026-04-26 10:42:12] ⏳ expNNN (GPU 0): step 26/125
[2026-04-26 10:42:12] ⏳ expOOO (GPU 1): step 57/125
[2026-04-26 10:42:12] ⏳ expPPP (GPU 2): step 58/150
[2026-04-26 10:42:12] ⏳ expQQQ (GPU 3): step 55/125
[2026-04-26 10:42:12] ⏳ expSSS (GPU 4): step 57/125
[2026-04-26 10:42:12] ⏳ expTTT (GPU 5): step 54/189
[2026-04-26 10:42:12] ⏳ expUUU (GPU 6): step 26/189
[2026-04-26 10:42:12] ⏳ expVVV (GPU 7): step 57/125
[2026-04-26 10:44:12] ⏳ expNNN (GPU 0): step 27/125
[2026-04-26 10:44:12] ⏳ expOOO (GPU 1): step 60/125
[2026-04-26 10:44:12] ⏳ expPPP (GPU 2): step 60/150
[2026-04-26 10:44:12] ⏳ expQQQ (GPU 3): step 60/125
[2026-04-26 10:44:12] ⏳ expSSS (GPU 4): step 60/125
[2026-04-26 10:44:12] ⏳ expTTT (GPU 5): step 57/189
[2026-04-26 10:44:12] ⏳ expUUU (GPU 6): step 28/189
[2026-04-26 10:44:12] ⏳ expVVV (GPU 7): step 59/125
[2026-04-26 10:46:12] ⏳ expNNN (GPU 0): step 28/125
[2026-04-26 10:46:12] ⏳ expOOO (GPU 1): step 63/125
[2026-04-26 10:46:12] ⏳ expPPP (GPU 2): step 63/150
[2026-04-26 10:46:12] ⏳ expQQQ (GPU 3): step 64/125
[2026-04-26 10:46:12] ⏳ expSSS (GPU 4): step 63/125
[2026-04-26 10:46:12] ⏳ expTTT (GPU 5): step 60/189
[2026-04-26 10:46:12] ⏳ expUUU (GPU 6): step 29/189
[2026-04-26 10:46:12] ⏳ expVVV (GPU 7): step 62/125
[2026-04-26 10:48:12] ⏳ expNNN (GPU 0): step 30/125
[2026-04-26 10:48:12] ⏳ expOOO (GPU 1): step 66/125
[2026-04-26 10:48:12] ⏳ expPPP (GPU 2): step 66/150
[2026-04-26 10:48:12] ⏳ expQQQ (GPU 3): step 69/125
[2026-04-26 10:48:12] ⏳ expSSS (GPU 4): step 65/125
[2026-04-26 10:48:12] ⏳ expTTT (GPU 5): step 63/189
[2026-04-26 10:48:12] ⏳ expUUU (GPU 6): step 31/189
[2026-04-26 10:48:12] ⏳ expVVV (GPU 7): step 65/125
[2026-04-26 10:50:12] ⏳ expNNN (GPU 0): step 31/125
[2026-04-26 10:50:12] ⏳ expOOO (GPU 1): step 69/125
[2026-04-26 10:50:12] ⏳ expPPP (GPU 2): step 69/150
[2026-04-26 10:50:12] ⏳ expQQQ (GPU 3): step 74/125
[2026-04-26 10:50:12] ⏳ expSSS (GPU 4): step 68/125
[2026-04-26 10:50:12] ⏳ expTTT (GPU 5): step 66/189
[2026-04-26 10:50:12] ⏳ expUUU (GPU 6): step 32/189
[2026-04-26 10:50:12] ⏳ expVVV (GPU 7): step 68/125
[2026-04-26 10:52:13] ⏳ expNNN (GPU 0): step 32/125
[2026-04-26 10:52:13] ⏳ expOOO (GPU 1): step 72/125
[2026-04-26 10:52:13] ⏳ expPPP (GPU 2): step 72/150
[2026-04-26 10:52:13] ⏳ expQQQ (GPU 3): step 78/125
[2026-04-26 10:52:13] ⏳ expSSS (GPU 4): step 71/125
[2026-04-26 10:52:13] ⏳ expTTT (GPU 5): step 68/189
[2026-04-26 10:52:13] ⏳ expUUU (GPU 6): step 33/189
[2026-04-26 10:52:13] ⏳ expVVV (GPU 7): step 71/125
[2026-04-26 10:54:13] ⏳ expNNN (GPU 0): step 33/125
[2026-04-26 10:54:13] ⏳ expOOO (GPU 1): step 75/125
[2026-04-26 10:54:13] ⏳ expPPP (GPU 2): step 75/150
[2026-04-26 10:54:13] ⏳ expQQQ (GPU 3): step 83/125
[2026-04-26 10:54:13] ⏳ expSSS (GPU 4): step 74/125
[2026-04-26 10:54:13] ⏳ expTTT (GPU 5): step 71/189
[2026-04-26 10:54:13] ⏳ expUUU (GPU 6): step 35/189
[2026-04-26 10:54:13] ⏳ expVVV (GPU 7): step 74/125
[2026-04-26 10:56:13] ⏳ expNNN (GPU 0): step 35/125
[2026-04-26 10:56:13] ⏳ expOOO (GPU 1): step 77/125
[2026-04-26 10:56:13] ⏳ expPPP (GPU 2): step 78/150
[2026-04-26 10:56:13] ⏳ expQQQ (GPU 3): step 87/125
[2026-04-26 10:56:13] ⏳ expSSS (GPU 4): step 77/125
[2026-04-26 10:56:13] ⏳ expTTT (GPU 5): step 74/189
[2026-04-26 10:56:13] ⏳ expUUU (GPU 6): step 36/189
[2026-04-26 10:56:13] ⏳ expVVV (GPU 7): step 77/125
[2026-04-26 10:58:13] ⏳ expNNN (GPU 0): step 36/125
[2026-04-26 10:58:13] ⏳ expOOO (GPU 1): step 80/125
[2026-04-26 10:58:13] ⏳ expPPP (GPU 2): step 81/150
[2026-04-26 10:58:13] ⏳ expQQQ (GPU 3): step 92/125
[2026-04-26 10:58:13] ⏳ expSSS (GPU 4): step 80/125
[2026-04-26 10:58:14] ⏳ expTTT (GPU 5): step 77/189
[2026-04-26 10:58:14] ⏳ expUUU (GPU 6): step 37/189
[2026-04-26 10:58:14] ⏳ expVVV (GPU 7): step 79/125
[2026-04-26 11:00:14] ⏳ expNNN (GPU 0): step 37/125
[2026-04-26 11:00:14] ⏳ expOOO (GPU 1): step 83/125
[2026-04-26 11:00:14] ⏳ expPPP (GPU 2): step 84/150
[2026-04-26 11:00:14] ⏳ expQQQ (GPU 3): step 97/125
[2026-04-26 11:00:14] ⏳ expSSS (GPU 4): step 83/125
[2026-04-26 11:00:14] ⏳ expTTT (GPU 5): step 79/189
[2026-04-26 11:00:14] ⏳ expUUU (GPU 6): step 39/189
[2026-04-26 11:00:14] ⏳ expVVV (GPU 7): step 82/125
[2026-04-26 11:02:14] ⏳ expNNN (GPU 0): step 39/125
[2026-04-26 11:02:14] ⏳ expOOO (GPU 1): step 86/125
[2026-04-26 11:02:14] ⏳ expPPP (GPU 2): step 87/150
[2026-04-26 11:02:14] ⏳ expQQQ (GPU 3): step 101/125
[2026-04-26 11:02:14] ⏳ expSSS (GPU 4): step 86/125
[2026-04-26 11:02:14] ⏳ expTTT (GPU 5): step 82/189
[2026-04-26 11:02:14] ⏳ expUUU (GPU 6): step 40/189
[2026-04-26 11:02:14] ⏳ expVVV (GPU 7): step 85/125
[2026-04-26 11:04:14] ⏳ expNNN (GPU 0): step 40/125
[2026-04-26 11:04:14] ⏳ expOOO (GPU 1): step 89/125
[2026-04-26 11:04:14] ⏳ expPPP (GPU 2): step 89/150
[2026-04-26 11:04:14] ⏳ expQQQ (GPU 3): step 105/125
[2026-04-26 11:04:14] ⏳ expSSS (GPU 4): step 88/125
[2026-04-26 11:04:14] ⏳ expTTT (GPU 5): step 85/189
[2026-04-26 11:04:14] ⏳ expUUU (GPU 6): step 42/189
[2026-04-26 11:04:14] ⏳ expVVV (GPU 7): step 88/125
[2026-04-26 11:06:14] ⏳ expNNN (GPU 0): step 41/125
[2026-04-26 11:06:14] ⏳ expOOO (GPU 1): step 92/125
[2026-04-26 11:06:14] ⏳ expPPP (GPU 2): step 92/150
[2026-04-26 11:06:14] ⏳ expQQQ (GPU 3): step 110/125
[2026-04-26 11:06:14] ⏳ expSSS (GPU 4): step 91/125
[2026-04-26 11:06:14] ⏳ expTTT (GPU 5): step 88/189
[2026-04-26 11:06:14] ⏳ expUUU (GPU 6): step 43/189
[2026-04-26 11:06:14] ⏳ expVVV (GPU 7): step 91/125
[2026-04-26 11:08:14] ⏳ expNNN (GPU 0): step 43/125
[2026-04-26 11:08:14] ⏳ expOOO (GPU 1): step 95/125
[2026-04-26 11:08:14] ⏳ expPPP (GPU 2): step 95/150
[2026-04-26 11:08:14] ⏳ expQQQ (GPU 3): step 115/125
[2026-04-26 11:08:14] ⏳ expSSS (GPU 4): step 94/125
[2026-04-26 11:08:14] ⏳ expTTT (GPU 5): step 90/189
[2026-04-26 11:08:14] ⏳ expUUU (GPU 6): step 44/189
[2026-04-26 11:08:15] ⏳ expVVV (GPU 7): step 94/125
[2026-04-26 11:10:15] ⏳ expNNN (GPU 0): step 44/125
[2026-04-26 11:10:15] ⏳ expOOO (GPU 1): step 98/125
[2026-04-26 11:10:15] ⏳ expPPP (GPU 2): step 98/150
[2026-04-26 11:10:15] ⏳ expQQQ (GPU 3): step 119/125
[2026-04-26 11:10:15] ⏳ expSSS (GPU 4): step 97/125
[2026-04-26 11:10:15] ⏳ expTTT (GPU 5): step 93/189
[2026-04-26 11:10:15] ⏳ expUUU (GPU 6): step 46/189
[2026-04-26 11:10:15] ⏳ expVVV (GPU 7): step 97/125
[2026-04-26 11:12:15] ⏳ expNNN (GPU 0): step 45/125
[2026-04-26 11:12:15] ⏳ expOOO (GPU 1): step 100/125
[2026-04-26 11:12:15] ⏳ expPPP (GPU 2): step 101/150
[2026-04-26 11:12:15] ⏳ expQQQ (GPU 3): step 124/125
[2026-04-26 11:12:15] ⏳ expSSS (GPU 4): step 100/125
[2026-04-26 11:12:15] ⏳ expTTT (GPU 5): step 96/189
[2026-04-26 11:12:15] ⏳ expUUU (GPU 6): step 47/189
[2026-04-26 11:12:15] ⏳ expVVV (GPU 7): step 100/125
[2026-04-26 11:14:15] ⏳ expNNN (GPU 0): step 47/125
[2026-04-26 11:14:15] ⏳ expOOO (GPU 1): step 103/125
[2026-04-26 11:14:15] ⏳ expPPP (GPU 2): step 104/150
[2026-04-26 11:14:15]   expQQQ: eval started PID=272844 GPU=3
[2026-04-26 11:14:15] ⏳ expSSS (GPU 4): step 103/125
[2026-04-26 11:14:15] ⏳ expTTT (GPU 5): step 98/189
[2026-04-26 11:14:15] ⏳ expUUU (GPU 6): step 48/189
[2026-04-26 11:14:15] ⏳ expVVV (GPU 7): step 102/125
[2026-04-26 11:16:15] ⏳ expNNN (GPU 0): step 48/125
[2026-04-26 11:16:15] ⏳ expOOO (GPU 1): step 106/125
[2026-04-26 11:16:15] ⏳ expPPP (GPU 2): step 107/150
[2026-04-26 11:16:15] ⏳ expSSS (GPU 4): step 106/125
[2026-04-26 11:16:15] ⏳ expTTT (GPU 5): step 101/189
[2026-04-26 11:16:15] ⏳ expUUU (GPU 6): step 50/189
[2026-04-26 11:16:15] ⏳ expVVV (GPU 7): step 105/125
[2026-04-26 11:18:15] ⏳ expNNN (GPU 0): step 49/125
[2026-04-26 11:18:15] ⏳ expOOO (GPU 1): step 109/125
[2026-04-26 11:18:15] ⏳ expPPP (GPU 2): step 110/150
[2026-04-26 11:18:15] ⏳ expSSS (GPU 4): step 108/125
[2026-04-26 11:18:16] ⏳ expTTT (GPU 5): step 104/189
[2026-04-26 11:18:16] ⏳ expUUU (GPU 6): step 51/189
[2026-04-26 11:18:16] ⏳ expVVV (GPU 7): step 108/125
[2026-04-26 11:20:16] ⏳ expNNN (GPU 0): step 50/125
[2026-04-26 11:20:16] ⏳ expOOO (GPU 1): step 112/125
[2026-04-26 11:20:16] ⏳ expPPP (GPU 2): step 113/150
[2026-04-26 11:20:16] ⏳ expSSS (GPU 4): step 111/125
[2026-04-26 11:20:16] ⏳ expTTT (GPU 5): step 107/189
[2026-04-26 11:20:16] ⏳ expUUU (GPU 6): step 53/189
[2026-04-26 11:20:16] ⏳ expVVV (GPU 7): step 111/125
[2026-04-26 11:22:16] ⏳ expNNN (GPU 0): step 52/125
[2026-04-26 11:22:16] ⏳ expOOO (GPU 1): step 115/125
[2026-04-26 11:22:16] ⏳ expPPP (GPU 2): step 116/150
[2026-04-26 11:22:16] ⏳ expSSS (GPU 4): step 114/125
[2026-04-26 11:22:16] ⏳ expTTT (GPU 5): step 110/189
[2026-04-26 11:22:16] ⏳ expUUU (GPU 6): step 54/189
[2026-04-26 11:22:16] ⏳ expVVV (GPU 7): step 114/125
[2026-04-26 11:24:16] ⏳ expNNN (GPU 0): step 53/125
[2026-04-26 11:24:16] ⏳ expOOO (GPU 1): step 118/125
[2026-04-26 11:24:16] ⏳ expPPP (GPU 2): step 118/150
[2026-04-26 11:24:16] ⏳ expSSS (GPU 4): step 117/125
[2026-04-26 11:24:16] ⏳ expTTT (GPU 5): step 113/189
[2026-04-26 11:24:16] ⏳ expUUU (GPU 6): step 55/189
[2026-04-26 11:24:16] ⏳ expVVV (GPU 7): step 117/125
[2026-04-26 11:26:16] ⏳ expNNN (GPU 0): step 54/125
[2026-04-26 11:26:16] ⏳ expOOO (GPU 1): step 121/125
[2026-04-26 11:26:16] ⏳ expPPP (GPU 2): step 121/150
[2026-04-26 11:26:16] ⏳ expSSS (GPU 4): step 120/125
[2026-04-26 11:26:16] ⏳ expTTT (GPU 5): step 115/189
[2026-04-26 11:26:16] ⏳ expUUU (GPU 6): step 57/189
[2026-04-26 11:26:16] ⏳ expVVV (GPU 7): step 120/125
[2026-04-26 11:28:16] ⏳ expNNN (GPU 0): step 56/125
[2026-04-26 11:28:16] ⏳ expOOO (GPU 1): step 124/125
[2026-04-26 11:28:16] ⏳ expPPP (GPU 2): step 124/150
[2026-04-26 11:28:17] ⏳ expSSS (GPU 4): step 123/125
[2026-04-26 11:28:17] ⏳ expTTT (GPU 5): step 118/189
[2026-04-26 11:28:17] ⏳ expUUU (GPU 6): step 58/189
[2026-04-26 11:28:17] ⏳ expVVV (GPU 7): step 123/125
[2026-04-26 11:30:17] ⏳ expNNN (GPU 0): step 57/125
[2026-04-26 11:30:17]   expOOO: eval started PID=275568 GPU=1
[2026-04-26 11:30:17] ⏳ expPPP (GPU 2): step 127/150
[2026-04-26 11:30:17]   expSSS: eval started PID=275570 GPU=4
[2026-04-26 11:30:17] ⏳ expTTT (GPU 5): step 121/189
[2026-04-26 11:30:17] ⏳ expUUU (GPU 6): step 59/189
[2026-04-26 11:30:17]   expVVV: eval started PID=275579 GPU=7
[2026-04-26 11:32:17] ⏳ expNNN (GPU 0): step 58/125
[2026-04-26 11:32:17] ⏳ expPPP (GPU 2): step 130/150
[2026-04-26 11:32:17] ⏳ expTTT (GPU 5): step 123/189
[2026-04-26 11:32:17] ⏳ expUUU (GPU 6): step 61/189
[2026-04-26 11:34:17] ⏳ expNNN (GPU 0): step 60/125
[2026-04-26 11:34:17] ⏳ expPPP (GPU 2): step 133/150
[2026-04-26 11:34:17] ⏳ expTTT (GPU 5): step 126/189
[2026-04-26 11:34:17] ⏳ expUUU (GPU 6): step 63/189
[2026-04-26 11:36:17] ⏳ expNNN (GPU 0): step 61/125
[2026-04-26 11:36:17] ⏳ expPPP (GPU 2): step 136/150
[2026-04-26 11:36:17] ⏳ expTTT (GPU 5): step 129/189
[2026-04-26 11:36:17] ⏳ expUUU (GPU 6): step 64/189
[2026-04-26 11:38:18] ⏳ expNNN (GPU 0): step 62/125
[2026-04-26 11:38:18] ⏳ expPPP (GPU 2): step 139/150
[2026-04-26 11:38:18] ⏳ expTTT (GPU 5): step 132/189
[2026-04-26 11:38:18] ⏳ expUUU (GPU 6): step 65/189
[2026-04-26 11:40:18] ⏳ expNNN (GPU 0): step 64/125
[2026-04-26 11:40:18] ⏳ expPPP (GPU 2): step 141/150
[2026-04-26 11:40:18] ⏳ expTTT (GPU 5): step 135/189
[2026-04-26 11:40:18] ⏳ expUUU (GPU 6): step 67/189
[2026-04-26 11:42:18] ⏳ expNNN (GPU 0): step 65/125
[2026-04-26 11:42:18] ⏳ expPPP (GPU 2): step 144/150
[2026-04-26 11:42:18] ⏳ expTTT (GPU 5): step 137/189
[2026-04-26 11:42:18] ⏳ expUUU (GPU 6): step 68/189
[2026-04-26 11:44:18] ⏳ expNNN (GPU 0): step 66/125
[2026-04-26 11:44:18] ⏳ expPPP (GPU 2): step 147/150
[2026-04-26 11:44:18] ⏳ expTTT (GPU 5): step 140/189
[2026-04-26 11:44:18] ⏳ expUUU (GPU 6): step 69/189
[2026-04-26 11:46:18] ⏳ expNNN (GPU 0): step 67/125
[2026-04-26 11:46:18]   expPPP: eval started PID=281752 GPU=2
[2026-04-26 11:46:18] ⏳ expTTT (GPU 5): step 143/189
[2026-04-26 11:46:18] ⏳ expUUU (GPU 6): step 71/189
[2026-04-26 11:48:18] ⏳ expNNN (GPU 0): step 69/125
[2026-04-26 11:48:18] ⏳ expTTT (GPU 5): step 145/189
[2026-04-26 11:48:18] ⏳ expUUU (GPU 6): step 72/189
[2026-04-26 11:50:18] ⏳ expNNN (GPU 0): step 70/125
[2026-04-26 11:50:18] ⏳ expTTT (GPU 5): step 148/189
[2026-04-26 11:50:18] ⏳ expUUU (GPU 6): step 73/189
[2026-04-26 11:52:18] ⏳ expNNN (GPU 0): step 71/125
[2026-04-26 11:52:18] ⏳ expTTT (GPU 5): step 151/189
[2026-04-26 11:52:18] ⏳ expUUU (GPU 6): step 75/189
[2026-04-26 11:54:18] ⏳ expNNN (GPU 0): step 73/125
[2026-04-26 11:54:18] ⏳ expTTT (GPU 5): step 153/189
[2026-04-26 11:54:18] ⏳ expUUU (GPU 6): step 76/189
[2026-04-26 11:56:19] ⏳ expNNN (GPU 0): step 74/125
[2026-04-26 11:56:19] ⏳ expTTT (GPU 5): step 156/189
[2026-04-26 11:56:19] ⏳ expUUU (GPU 6): step 77/189
[2026-04-26 11:58:19] ⏳ expNNN (GPU 0): step 75/125
[2026-04-26 11:58:19] ⏳ expTTT (GPU 5): step 159/189
[2026-04-26 11:58:19] ⏳ expUUU (GPU 6): step 79/189
[2026-04-26 12:00:19] ⏳ expNNN (GPU 0): step 76/125
[2026-04-26 12:00:19] ⏳ expTTT (GPU 5): step 161/189
[2026-04-26 12:00:19] ⏳ expUUU (GPU 6): step 80/189
[2026-04-26 12:02:19] ⏳ expNNN (GPU 0): step 78/125
[2026-04-26 12:02:19] ⏳ expTTT (GPU 5): step 164/189
[2026-04-26 12:02:19] ⏳ expUUU (GPU 6): step 81/189
[2026-04-26 12:04:19] ⏳ expNNN (GPU 0): step 79/125
[2026-04-26 12:04:19] ⏳ expTTT (GPU 5): step 167/189
[2026-04-26 12:04:19] ⏳ expUUU (GPU 6): step 83/189
[2026-04-26 12:06:19] ⏳ expNNN (GPU 0): step 80/125
[2026-04-26 12:06:19] ⏳ expTTT (GPU 5): step 170/189
[2026-04-26 12:06:19] ⏳ expUUU (GPU 6): step 84/189
[2026-04-26 12:08:19] ⏳ expNNN (GPU 0): step 82/125
[2026-04-26 12:08:19] ⏳ expTTT (GPU 5): step 172/189
[2026-04-26 12:08:19] ⏳ expUUU (GPU 6): step 85/189
[2026-04-26 12:10:19] ⏳ expNNN (GPU 0): step 83/125
[2026-04-26 12:10:19] ⏳ expTTT (GPU 5): step 175/189
[2026-04-26 12:10:19] ⏳ expUUU (GPU 6): step 87/189
[2026-04-26 12:12:20] ⏳ expNNN (GPU 0): step 84/125
[2026-04-26 12:12:20] ⏳ expTTT (GPU 5): step 178/189
[2026-04-26 12:12:20] ⏳ expUUU (GPU 6): step 88/189
[2026-04-26 12:14:20] ⏳ expNNN (GPU 0): step 86/125
[2026-04-26 12:14:20] ⏳ expTTT (GPU 5): step 180/189
[2026-04-26 12:14:20] ⏳ expUUU (GPU 6): step 90/189
[2026-04-26 12:16:20] ⏳ expNNN (GPU 0): step 87/125
[2026-04-26 12:16:20] ⏳ expTTT (GPU 5): step 183/189
[2026-04-26 12:16:20] ⏳ expUUU (GPU 6): step 91/189
[2026-04-26 12:18:20] ⏳ expNNN (GPU 0): step 88/125
[2026-04-26 12:18:20] ⏳ expTTT (GPU 5): step 186/189
[2026-04-26 12:18:20] ⏳ expUUU (GPU 6): step 93/189
[2026-04-26 12:20:20] ⏳ expNNN (GPU 0): step 89/125
[2026-04-26 12:20:20]   expTTT: eval started PID=285687 GPU=5
[2026-04-26 12:20:20] ⏳ expUUU (GPU 6): step 94/189
[2026-04-26 12:22:20] ⏳ expNNN (GPU 0): step 91/125
[2026-04-26 12:22:20] ⏳ expUUU (GPU 6): step 95/189
[2026-04-26 12:24:20] ⏳ expNNN (GPU 0): step 92/125
[2026-04-26 12:24:20] ⏳ expUUU (GPU 6): step 97/189
[2026-04-26 12:26:20] ⏳ expNNN (GPU 0): step 93/125
[2026-04-26 12:26:20] ⏳ expUUU (GPU 6): step 98/189
[2026-04-26 12:28:21] ⏳ expNNN (GPU 0): step 95/125
[2026-04-26 12:28:21] ⏳ expUUU (GPU 6): step 99/189
[2026-04-26 12:30:21] ⏳ expNNN (GPU 0): step 96/125
[2026-04-26 12:30:21] ⏳ expUUU (GPU 6): step 101/189
[2026-04-26 12:32:21] ⏳ expNNN (GPU 0): step 97/125
[2026-04-26 12:32:21] ⏳ expUUU (GPU 6): step 102/189
[2026-04-26 12:34:21] ⏳ expNNN (GPU 0): step 98/125
[2026-04-26 12:34:21] ⏳ expUUU (GPU 6): step 103/189
[2026-04-26 12:36:21] ⏳ expNNN (GPU 0): step 100/125
[2026-04-26 12:36:21] ⏳ expUUU (GPU 6): step 105/189
[2026-04-26 12:38:21] ⏳ expNNN (GPU 0): step 101/125
[2026-04-26 12:38:21] ⏳ expUUU (GPU 6): step 106/189
[2026-04-26 12:40:21] ⏳ expNNN (GPU 0): step 102/125
[2026-04-26 12:40:21] ⏳ expUUU (GPU 6): step 108/189
[2026-04-26 12:42:21] ⏳ expNNN (GPU 0): step 103/125
[2026-04-26 12:42:21] ⏳ expUUU (GPU 6): step 109/189
[2026-04-26 12:44:21] ⏳ expNNN (GPU 0): step 105/125
[2026-04-26 12:44:21] ⏳ expUUU (GPU 6): step 110/189
[2026-04-26 12:46:21] ⏳ expNNN (GPU 0): step 106/125
[2026-04-26 12:46:21] ⏳ expUUU (GPU 6): step 112/189
[2026-04-26 12:48:21] ⏳ expNNN (GPU 0): step 107/125
[2026-04-26 12:48:21] ⏳ expUUU (GPU 6): step 113/189
[2026-04-26 12:50:21] ⏳ expNNN (GPU 0): step 109/125
[2026-04-26 12:50:21] ⏳ expUUU (GPU 6): step 114/189
[2026-04-26 12:52:22] ⏳ expNNN (GPU 0): step 110/125
[2026-04-26 12:52:22] ⏳ expUUU (GPU 6): step 116/189
[2026-04-26 12:52:22] 🏁 expQQQ: F1=0.322  r8=0.61
[2026-04-26 12:54:22] ⏳ expNNN (GPU 0): step 111/125
[2026-04-26 12:54:22] ⏳ expUUU (GPU 6): step 117/189
[2026-04-26 12:54:22] 🏁 expQQQ: F1=0.340  r8=0.54
[2026-04-26 12:56:22] ⏳ expNNN (GPU 0): step 113/125
[2026-04-26 12:56:22] ⏳ expUUU (GPU 6): step 118/189
[2026-04-26 12:56:22] 🏁 expQQQ: F1=0.340  r8=0.54
[2026-04-26 12:58:22] ⏳ expNNN (GPU 0): step 114/125
[2026-04-26 12:58:22] ⏳ expUUU (GPU 6): step 120/189
[2026-04-26 12:58:22] 🏁 expQQQ: F1=0.340  r8=0.54
[2026-04-26 13:00:22] ⏳ expNNN (GPU 0): step 115/125
[2026-04-26 13:00:22] ⏳ expUUU (GPU 6): step 121/189
[2026-04-26 13:00:22] 🏁 expQQQ: F1=0.340  r8=0.54
[2026-04-26 13:02:22] ⏳ expNNN (GPU 0): step 116/125
[2026-04-26 13:02:22] ⏳ expUUU (GPU 6): step 123/189
[2026-04-26 13:02:22] 🏁 expQQQ: F1=0.340  r8=0.54
[2026-04-26 13:04:22] ⏳ expNNN (GPU 0): step 118/125
[2026-04-26 13:04:22] ⏳ expUUU (GPU 6): step 124/189
[2026-04-26 13:04:22] 🏁 expQQQ: F1=0.340  r8=0.54
[2026-04-26 13:06:23] ⏳ expNNN (GPU 0): step 119/125
[2026-04-26 13:06:23] ⏳ expUUU (GPU 6): step 126/189
[2026-04-26 13:06:23] 🏁 expQQQ: F1=0.340  r8=0.54
[2026-04-26 13:08:23] ⏳ expNNN (GPU 0): step 120/125
[2026-04-26 13:08:23] ⏳ expUUU (GPU 6): step 127/189
[2026-04-26 13:08:23] 🏁 expQQQ: F1=0.340  r8=0.54
[2026-04-26 13:10:23] ⏳ expNNN (GPU 0): step 122/125
[2026-04-26 13:10:23] ⏳ expUUU (GPU 6): step 128/189
[2026-04-26 13:10:23] 🏁 expQQQ: F1=0.340  r8=0.54
[2026-04-26 13:12:23] ⏳ expNNN (GPU 0): step 123/125
[2026-04-26 13:12:23] ⏳ expUUU (GPU 6): step 130/189
[2026-04-26 13:12:23] 🏁 expQQQ: F1=0.340  r8=0.54
[2026-04-26 13:14:23] ⏳ expNNN (GPU 0): step 124/125
[2026-04-26 13:14:23] ⏳ expUUU (GPU 6): step 131/189
[2026-04-26 13:14:23] 🏁 expQQQ: F1=0.340  r8=0.54
[2026-04-26 13:16:23]   expNNN: eval started PID=290088 GPU=0
[2026-04-26 13:16:23] ⏳ expUUU (GPU 6): step 133/189
[2026-04-26 13:16:23] 🏁 expQQQ: F1=0.340  r8=0.54
[2026-04-26 13:18:24] ⏳ expUUU (GPU 6): step 134/189
[2026-04-26 13:18:24] 🏁 expQQQ: F1=0.340  r8=0.54
[2026-04-26 13:20:24] ⏳ expUUU (GPU 6): step 135/189
[2026-04-26 13:20:24] 🏁 expQQQ: F1=0.340  r8=0.54
[2026-04-26 13:22:24] ⏳ expUUU (GPU 6): step 137/189
[2026-04-26 13:22:24] 🏁 expQQQ: F1=0.340  r8=0.54
[2026-04-26 13:24:24] ⏳ expUUU (GPU 6): step 138/189
[2026-04-26 13:24:24] 🏁 expQQQ: F1=0.340  r8=0.54
[2026-04-26 13:26:24] ⏳ expUUU (GPU 6): step 139/189
[2026-04-26 13:26:24] 🏁 expQQQ: F1=0.340  r8=0.54
[2026-04-26 13:28:24] ⏳ expUUU (GPU 6): step 141/189
[2026-04-26 13:28:24] 🏁 expQQQ: F1=0.340  r8=0.54
[2026-04-26 13:30:24] ⏳ expUUU (GPU 6): step 142/189
[2026-04-26 13:30:24] 🏁 expQQQ: F1=0.340  r8=0.54
[2026-04-26 13:32:24] ⏳ expUUU (GPU 6): step 143/189
[2026-04-26 13:32:24] 🏁 expQQQ: F1=0.340  r8=0.54
[2026-04-26 13:34:24] ⏳ expUUU (GPU 6): step 145/189
[2026-04-26 13:34:25] 🏁 expQQQ: F1=0.340  r8=0.54
[2026-04-26 13:36:25] ⏳ expUUU (GPU 6): step 146/189
[2026-04-26 13:36:25] 🏁 expQQQ: F1=0.340  r8=0.54
[2026-04-26 13:38:25] ⏳ expUUU (GPU 6): step 148/189
[2026-04-26 13:38:25] 🏁 expQQQ: F1=0.340  r8=0.54
[2026-04-26 13:40:25] ⏳ expUUU (GPU 6): step 149/189
[2026-04-26 13:40:25] 🏁 expQQQ: F1=0.340  r8=0.54
[2026-04-26 13:42:25] ⏳ expUUU (GPU 6): step 150/189
[2026-04-26 13:42:25] 🏁 expQQQ: F1=0.340  r8=0.54
[2026-04-26 13:44:25] ⏳ expUUU (GPU 6): step 152/189
[2026-04-26 13:44:25] 🏁 expQQQ: F1=0.340  r8=0.54
[2026-04-26 13:46:25] ⏳ expUUU (GPU 6): step 153/189
[2026-04-26 13:46:25] 🏁 expQQQ: F1=0.340  r8=0.54
[2026-04-26 13:48:25] ⏳ expUUU (GPU 6): step 155/189
[2026-04-26 13:48:25] 🏁 expQQQ: F1=0.340  r8=0.54
[2026-04-26 13:50:25] ⏳ expUUU (GPU 6): step 156/189
[2026-04-26 13:50:25] 🏁 expQQQ: F1=0.340  r8=0.54
[2026-04-26 13:52:26] ⏳ expUUU (GPU 6): step 157/189
[2026-04-26 13:52:26] 🏁 expQQQ: F1=0.340  r8=0.54
[2026-04-26 13:54:26] ⏳ expUUU (GPU 6): step 159/189
[2026-04-26 13:54:26] 🏁 expQQQ: F1=0.340  r8=0.54
[2026-04-26 13:56:26] ⏳ expUUU (GPU 6): step 160/189
[2026-04-26 13:56:26] 🏁 expQQQ: F1=0.340  r8=0.54
[2026-04-26 13:58:26] ⏳ expUUU (GPU 6): step 161/189
[2026-04-26 13:58:26] 🏁 expQQQ: F1=0.340  r8=0.54
[2026-04-26 14:00:26] ⏳ expUUU (GPU 6): step 163/189
[2026-04-26 14:00:26] 🏁 expQQQ: F1=0.340  r8=0.54
[2026-04-26 14:02:26] ⏳ expUUU (GPU 6): step 164/189
[2026-04-26 14:02:26] 🏁 expQQQ: F1=0.340  r8=0.54
[2026-04-26 14:04:26] ⏳ expUUU (GPU 6): step 165/189
[2026-04-26 14:04:26] 🏁 expQQQ: F1=0.340  r8=0.54
[2026-04-26 14:06:26] ⏳ expUUU (GPU 6): step 167/189
[2026-04-26 14:06:26] 🏁 expQQQ: F1=0.340  r8=0.54
[2026-04-26 14:08:26] ⏳ expUUU (GPU 6): step 168/189
[2026-04-26 14:08:26] 🏁 expOOO: F1=0.352  r8=0.69
[2026-04-26 14:08:26] 🏁 expQQQ: F1=0.340  r8=0.54
[2026-04-26 14:10:26] ⏳ expUUU (GPU 6): step 170/189
[2026-04-26 14:10:26] 🏁 expOOO: F1=0.335  r8=0.77
[2026-04-26 14:10:26] 🏁 expQQQ: F1=0.340  r8=0.54
[2026-04-26 14:12:26] ⏳ expUUU (GPU 6): step 171/189
[2026-04-26 14:12:26] 🏁 expOOO: F1=0.335  r8=0.77
[2026-04-26 14:12:26] 🏁 expQQQ: F1=0.340  r8=0.54
[2026-04-26 14:12:26] 🏁 expVVV: F1=0.413  r8=0.92
[2026-04-26 14:14:26] ⏳ expUUU (GPU 6): step 172/189
[2026-04-26 14:14:26] 🏁 expOOO: F1=0.335  r8=0.77
[2026-04-26 14:14:26] 🏁 expQQQ: F1=0.340  r8=0.54
[2026-04-26 14:14:26] 🏁 expSSS: F1=0.346  r8=0.69
[2026-04-26 14:14:26] 🏁 expVVV: F1=0.413  r8=0.92
[2026-04-26 14:16:27] ⏳ expUUU (GPU 6): step 174/189
[2026-04-26 14:16:27] 🏁 expOOO: F1=0.335  r8=0.77
[2026-04-26 14:16:27] 🏁 expQQQ: F1=0.340  r8=0.54
[2026-04-26 14:16:27] 🏁 expSSS: F1=0.364  r8=0.77
[2026-04-26 14:16:27] 🏁 expVVV: F1=0.413  r8=0.92
[2026-04-26 14:18:27] ⏳ expUUU (GPU 6): step 175/189
[2026-04-26 14:18:27] 🏁 expOOO: F1=0.335  r8=0.77
[2026-04-26 14:18:27] 🏁 expQQQ: F1=0.340  r8=0.54
[2026-04-26 14:18:27] 🏁 expSSS: F1=0.364  r8=0.77
[2026-04-26 14:18:27] 🏁 expVVV: F1=0.413  r8=0.92
[2026-04-26 14:20:27] ⏳ expUUU (GPU 6): step 176/189
[2026-04-26 14:20:27] 🏁 expOOO: F1=0.335  r8=0.77
[2026-04-26 14:20:27] 🏁 expQQQ: F1=0.340  r8=0.54
[2026-04-26 14:20:27] 🏁 expSSS: F1=0.364  r8=0.77
[2026-04-26 14:20:27] 🏁 expVVV: F1=0.413  r8=0.92
[2026-04-26 14:22:27] ⏳ expUUU (GPU 6): step 178/189
[2026-04-26 14:22:27] 🏁 expOOO: F1=0.335  r8=0.77
[2026-04-26 14:22:27] 🏁 expQQQ: F1=0.340  r8=0.54
[2026-04-26 14:22:27] 🏁 expSSS: F1=0.364  r8=0.77
[2026-04-26 14:22:27] 🏁 expVVV: F1=0.413  r8=0.92
[2026-04-26 14:24:27] ⏳ expUUU (GPU 6): step 179/189
[2026-04-26 14:24:27] 🏁 expOOO: F1=0.335  r8=0.77
[2026-04-26 14:24:27] 🏁 expQQQ: F1=0.340  r8=0.54
[2026-04-26 14:24:27] 🏁 expSSS: F1=0.364  r8=0.77
[2026-04-26 14:24:27] 🏁 expVVV: F1=0.413  r8=0.92
[2026-04-26 14:26:27] ⏳ expUUU (GPU 6): step 180/189
[2026-04-26 14:26:27] 🏁 expOOO: F1=0.335  r8=0.77
[2026-04-26 14:26:27] 🏁 expPPP: F1=0.386  r8=0.69
[2026-04-26 14:26:27] 🏁 expQQQ: F1=0.340  r8=0.54
[2026-04-26 14:26:27] 🏁 expSSS: F1=0.364  r8=0.77
[2026-04-26 14:26:27] 🏁 expVVV: F1=0.413  r8=0.92
[2026-04-26 14:28:27] ⏳ expUUU (GPU 6): step 182/189
[2026-04-26 14:28:27] 🏁 expOOO: F1=0.335  r8=0.77
[2026-04-26 14:28:27] 🏁 expPPP: F1=0.386  r8=0.69
[2026-04-26 14:28:27] 🏁 expQQQ: F1=0.340  r8=0.54
[2026-04-26 14:28:27] 🏁 expSSS: F1=0.364  r8=0.77
[2026-04-26 14:28:27] 🏁 expVVV: F1=0.413  r8=0.92
[2026-04-26 14:30:27] ⏳ expUUU (GPU 6): step 183/189
[2026-04-26 14:30:27] 🏁 expOOO: F1=0.335  r8=0.77
[2026-04-26 14:30:27] 🏁 expPPP: F1=0.386  r8=0.69
[2026-04-26 14:30:27] 🏁 expQQQ: F1=0.340  r8=0.54
[2026-04-26 14:30:27] 🏁 expSSS: F1=0.364  r8=0.77
[2026-04-26 14:30:27] 🏁 expVVV: F1=0.413  r8=0.92
[2026-04-26 14:32:27] ⏳ expUUU (GPU 6): step 185/189
[2026-04-26 14:32:27] 🏁 expOOO: F1=0.335  r8=0.77
[2026-04-26 14:32:27] 🏁 expPPP: F1=0.386  r8=0.69
[2026-04-26 14:32:27] 🏁 expQQQ: F1=0.340  r8=0.54
[2026-04-26 14:32:27] 🏁 expSSS: F1=0.364  r8=0.77
[2026-04-26 14:32:27] 🏁 expVVV: F1=0.413  r8=0.92
[2026-04-26 14:34:28] ⏳ expUUU (GPU 6): step 186/189
[2026-04-26 14:34:28] 🏁 expOOO: F1=0.335  r8=0.77
[2026-04-26 14:34:28] 🏁 expPPP: F1=0.386  r8=0.69
[2026-04-26 14:34:28] 🏁 expQQQ: F1=0.340  r8=0.54
[2026-04-26 14:34:28] 🏁 expSSS: F1=0.364  r8=0.77
[2026-04-26 14:34:28] 🏁 expVVV: F1=0.413  r8=0.92
[2026-04-26 14:36:28] ⏳ expUUU (GPU 6): step 187/189
[2026-04-26 14:36:28] 🏁 expOOO: F1=0.335  r8=0.77
[2026-04-26 14:36:28] 🏁 expPPP: F1=0.386  r8=0.69
[2026-04-26 14:36:28] 🏁 expQQQ: F1=0.340  r8=0.54
[2026-04-26 14:36:28] 🏁 expSSS: F1=0.364  r8=0.77
[2026-04-26 14:36:28] 🏁 expVVV: F1=0.413  r8=0.92
[2026-04-26 14:38:28]   expUUU: eval started PID=295948 GPU=6
[2026-04-26 14:38:28] 🏁 expOOO: F1=0.335  r8=0.77
[2026-04-26 14:38:28] 🏁 expPPP: F1=0.386  r8=0.69
[2026-04-26 14:38:28] 🏁 expQQQ: F1=0.340  r8=0.54
[2026-04-26 14:38:28] 🏁 expSSS: F1=0.364  r8=0.77
[2026-04-26 14:38:28] 🏁 expVVV: F1=0.413  r8=0.92
[2026-04-26 14:40:28] 🏁 expOOO: F1=0.335  r8=0.77
[2026-04-26 14:40:28] 🏁 expPPP: F1=0.386  r8=0.69
[2026-04-26 14:40:28] 🏁 expQQQ: F1=0.340  r8=0.54
[2026-04-26 14:40:28] 🏁 expSSS: F1=0.364  r8=0.77
[2026-04-26 14:40:28] 🏁 expVVV: F1=0.413  r8=0.92
[2026-04-26 14:42:28] 🏁 expOOO: F1=0.335  r8=0.77
[2026-04-26 14:42:28] 🏁 expPPP: F1=0.386  r8=0.69
[2026-04-26 14:42:28] 🏁 expQQQ: F1=0.340  r8=0.54
[2026-04-26 14:42:28] 🏁 expSSS: F1=0.364  r8=0.77
[2026-04-26 14:42:28] 🏁 expVVV: F1=0.413  r8=0.92
[2026-04-26 14:44:28] 🏁 expOOO: F1=0.335  r8=0.77
[2026-04-26 14:44:28] 🏁 expPPP: F1=0.386  r8=0.69
[2026-04-26 14:44:28] 🏁 expQQQ: F1=0.340  r8=0.54
[2026-04-26 14:44:28] 🏁 expSSS: F1=0.364  r8=0.77
[2026-04-26 14:44:28] 🏁 expVVV: F1=0.413  r8=0.92
[2026-04-26 14:46:28] 🏁 expOOO: F1=0.335  r8=0.77
[2026-04-26 14:46:28] 🏁 expPPP: F1=0.386  r8=0.69
[2026-04-26 14:46:28] 🏁 expQQQ: F1=0.340  r8=0.54
[2026-04-26 14:46:28] 🏁 expSSS: F1=0.364  r8=0.77
[2026-04-26 14:46:28] 🏁 expVVV: F1=0.413  r8=0.92
[2026-04-26 14:48:28] 🏁 expOOO: F1=0.335  r8=0.77
[2026-04-26 14:48:28] 🏁 expPPP: F1=0.386  r8=0.69
[2026-04-26 14:48:28] 🏁 expQQQ: F1=0.340  r8=0.54
[2026-04-26 14:48:28] 🏁 expSSS: F1=0.364  r8=0.77
[2026-04-26 14:48:29] 🏁 expVVV: F1=0.413  r8=0.92
[2026-04-26 14:50:29] 🏁 expOOO: F1=0.335  r8=0.77
[2026-04-26 14:50:29] 🏁 expPPP: F1=0.386  r8=0.69
[2026-04-26 14:50:29] 🏁 expQQQ: F1=0.340  r8=0.54
[2026-04-26 14:50:29] 🏁 expSSS: F1=0.364  r8=0.77
[2026-04-26 14:50:29] 🏁 expVVV: F1=0.413  r8=0.92
[2026-04-26 14:52:29] 🏁 expOOO: F1=0.335  r8=0.77
[2026-04-26 14:52:29] 🏁 expPPP: F1=0.386  r8=0.69
[2026-04-26 14:52:29] 🏁 expQQQ: F1=0.340  r8=0.54
[2026-04-26 14:52:29] 🏁 expSSS: F1=0.364  r8=0.77
[2026-04-26 14:52:29] 🏁 expVVV: F1=0.413  r8=0.92
[2026-04-26 14:54:29] 🏁 expOOO: F1=0.335  r8=0.77
[2026-04-26 14:54:29] 🏁 expPPP: F1=0.386  r8=0.69
[2026-04-26 14:54:29] 🏁 expQQQ: F1=0.340  r8=0.54
[2026-04-26 14:54:29] 🏁 expSSS: F1=0.364  r8=0.77
[2026-04-26 14:54:29] 🏁 expVVV: F1=0.413  r8=0.92
[2026-04-26 14:56:29] 🏁 expOOO: F1=0.335  r8=0.77
[2026-04-26 14:56:29] 🏁 expPPP: F1=0.386  r8=0.69
[2026-04-26 14:56:29] 🏁 expQQQ: F1=0.340  r8=0.54
[2026-04-26 14:56:29] 🏁 expSSS: F1=0.364  r8=0.77
[2026-04-26 14:56:29] 🏁 expVVV: F1=0.413  r8=0.92
[2026-04-26 14:58:29] 🏁 expOOO: F1=0.335  r8=0.77
[2026-04-26 14:58:29] 🏁 expPPP: F1=0.386  r8=0.69
[2026-04-26 14:58:29] 🏁 expQQQ: F1=0.340  r8=0.54
[2026-04-26 14:58:29] 🏁 expSSS: F1=0.364  r8=0.77
[2026-04-26 14:58:29] 🏁 expVVV: F1=0.413  r8=0.92
[2026-04-26 15:00:29] 🏁 expOOO: F1=0.335  r8=0.77
[2026-04-26 15:00:29] 🏁 expPPP: F1=0.386  r8=0.69
[2026-04-26 15:00:29] 🏁 expQQQ: F1=0.340  r8=0.54
[2026-04-26 15:00:29] 🏁 expSSS: F1=0.364  r8=0.77
[2026-04-26 15:00:29] 🏁 expVVV: F1=0.413  r8=0.92
[2026-04-26 15:02:29] 🏁 expOOO: F1=0.335  r8=0.77
[2026-04-26 15:02:29] 🏁 expPPP: F1=0.386  r8=0.69
[2026-04-26 15:02:29] 🏁 expQQQ: F1=0.340  r8=0.54
[2026-04-26 15:02:29] 🏁 expSSS: F1=0.364  r8=0.77
[2026-04-26 15:02:29] 🏁 expTTT: F1=0.426  r8=0.77
[2026-04-26 15:02:29] 🏁 expVVV: F1=0.413  r8=0.92
[2026-04-26 15:04:29] 🏁 expOOO: F1=0.335  r8=0.77
[2026-04-26 15:04:29] 🏁 expPPP: F1=0.386  r8=0.69
[2026-04-26 15:04:29] 🏁 expQQQ: F1=0.340  r8=0.54
[2026-04-26 15:04:29] 🏁 expSSS: F1=0.364  r8=0.77
[2026-04-26 15:04:29] 🏁 expTTT: F1=0.426  r8=0.77
[2026-04-26 15:04:29] 🏁 expVVV: F1=0.413  r8=0.92
[2026-04-26 15:06:30] 🏁 expOOO: F1=0.335  r8=0.77
[2026-04-26 15:06:30] 🏁 expPPP: F1=0.386  r8=0.69
[2026-04-26 15:06:30] 🏁 expQQQ: F1=0.340  r8=0.54
[2026-04-26 15:06:30] 🏁 expSSS: F1=0.364  r8=0.77
[2026-04-26 15:06:30] 🏁 expTTT: F1=0.426  r8=0.77
[2026-04-26 15:06:30] 🏁 expVVV: F1=0.413  r8=0.92
[2026-04-26 15:08:30] 🏁 expOOO: F1=0.335  r8=0.77
[2026-04-26 15:08:30] 🏁 expPPP: F1=0.386  r8=0.69
[2026-04-26 15:08:30] 🏁 expQQQ: F1=0.340  r8=0.54
[2026-04-26 15:08:30] 🏁 expSSS: F1=0.364  r8=0.77
[2026-04-26 15:08:30] 🏁 expTTT: F1=0.426  r8=0.77
[2026-04-26 15:08:30] 🏁 expVVV: F1=0.413  r8=0.92
[2026-04-26 15:10:30] 🏁 expOOO: F1=0.335  r8=0.77
[2026-04-26 15:10:30] 🏁 expPPP: F1=0.386  r8=0.69
[2026-04-26 15:10:30] 🏁 expQQQ: F1=0.340  r8=0.54
[2026-04-26 15:10:30] 🏁 expSSS: F1=0.364  r8=0.77
[2026-04-26 15:10:30] 🏁 expTTT: F1=0.426  r8=0.77
[2026-04-26 15:10:30] 🏁 expVVV: F1=0.413  r8=0.92
[2026-04-26 15:12:30] 🏁 expOOO: F1=0.335  r8=0.77
[2026-04-26 15:12:30] 🏁 expPPP: F1=0.386  r8=0.69
[2026-04-26 15:12:30] 🏁 expQQQ: F1=0.340  r8=0.54
[2026-04-26 15:12:30] 🏁 expSSS: F1=0.364  r8=0.77
[2026-04-26 15:12:30] 🏁 expTTT: F1=0.426  r8=0.77
[2026-04-26 15:12:30] 🏁 expVVV: F1=0.413  r8=0.92
[2026-04-26 15:14:30] 🏁 expOOO: F1=0.335  r8=0.77
[2026-04-26 15:14:30] 🏁 expPPP: F1=0.386  r8=0.69
[2026-04-26 15:14:30] 🏁 expQQQ: F1=0.340  r8=0.54
[2026-04-26 15:14:30] 🏁 expSSS: F1=0.364  r8=0.77
[2026-04-26 15:14:30] 🏁 expTTT: F1=0.426  r8=0.77
[2026-04-26 15:14:30] 🏁 expVVV: F1=0.413  r8=0.92
[2026-04-26 15:16:30] 🏁 expOOO: F1=0.335  r8=0.77
[2026-04-26 15:16:30] 🏁 expPPP: F1=0.386  r8=0.69
[2026-04-26 15:16:30] 🏁 expQQQ: F1=0.340  r8=0.54
[2026-04-26 15:16:30] 🏁 expSSS: F1=0.364  r8=0.77
[2026-04-26 15:16:30] 🏁 expTTT: F1=0.426  r8=0.77
[2026-04-26 15:16:30] 🏁 expVVV: F1=0.413  r8=0.92
[2026-04-26 15:18:30] 🏁 expOOO: F1=0.335  r8=0.77
[2026-04-26 15:18:30] 🏁 expPPP: F1=0.386  r8=0.69
[2026-04-26 15:18:30] 🏁 expQQQ: F1=0.340  r8=0.54
[2026-04-26 15:18:30] 🏁 expSSS: F1=0.364  r8=0.77
[2026-04-26 15:18:30] 🏁 expTTT: F1=0.426  r8=0.77
[2026-04-26 15:18:30] 🏁 expVVV: F1=0.413  r8=0.92
[2026-04-26 15:20:31] 🏁 expOOO: F1=0.335  r8=0.77
[2026-04-26 15:20:31] 🏁 expPPP: F1=0.386  r8=0.69
[2026-04-26 15:20:31] 🏁 expQQQ: F1=0.340  r8=0.54
[2026-04-26 15:20:31] 🏁 expSSS: F1=0.364  r8=0.77
[2026-04-26 15:20:31] 🏁 expTTT: F1=0.426  r8=0.77
[2026-04-26 15:20:31] 🏁 expVVV: F1=0.413  r8=0.92
[2026-04-26 15:22:31] 🏁 expOOO: F1=0.335  r8=0.77
[2026-04-26 15:22:31] 🏁 expPPP: F1=0.386  r8=0.69
[2026-04-26 15:22:31] 🏁 expQQQ: F1=0.340  r8=0.54
[2026-04-26 15:22:31] 🏁 expSSS: F1=0.364  r8=0.77
[2026-04-26 15:22:31] 🏁 expTTT: F1=0.426  r8=0.77
[2026-04-26 15:22:31] 🏁 expVVV: F1=0.413  r8=0.92
[2026-04-26 15:24:31] 🏁 expOOO: F1=0.335  r8=0.77
[2026-04-26 15:24:31] 🏁 expPPP: F1=0.386  r8=0.69
[2026-04-26 15:24:31] 🏁 expQQQ: F1=0.340  r8=0.54
[2026-04-26 15:24:31] 🏁 expSSS: F1=0.364  r8=0.77
[2026-04-26 15:24:31] 🏁 expTTT: F1=0.426  r8=0.77
[2026-04-26 15:24:31] 🏁 expVVV: F1=0.413  r8=0.92
[2026-04-26 15:26:31] 🏁 expOOO: F1=0.335  r8=0.77
[2026-04-26 15:26:31] 🏁 expPPP: F1=0.386  r8=0.69
[2026-04-26 15:26:31] 🏁 expQQQ: F1=0.340  r8=0.54
[2026-04-26 15:26:31] 🏁 expSSS: F1=0.364  r8=0.77
[2026-04-26 15:26:31] 🏁 expTTT: F1=0.426  r8=0.77
[2026-04-26 15:26:31] 🏁 expVVV: F1=0.413  r8=0.92
[2026-04-26 15:28:31] 🏁 expOOO: F1=0.335  r8=0.77
[2026-04-26 15:28:31] 🏁 expPPP: F1=0.386  r8=0.69
[2026-04-26 15:28:31] 🏁 expQQQ: F1=0.340  r8=0.54
[2026-04-26 15:28:31] 🏁 expSSS: F1=0.364  r8=0.77
[2026-04-26 15:28:31] 🏁 expTTT: F1=0.426  r8=0.77
[2026-04-26 15:28:31] 🏁 expVVV: F1=0.413  r8=0.92
[2026-04-26 15:30:31] 🏁 expOOO: F1=0.335  r8=0.77
[2026-04-26 15:30:31] 🏁 expPPP: F1=0.386  r8=0.69
[2026-04-26 15:30:31] 🏁 expQQQ: F1=0.340  r8=0.54
[2026-04-26 15:30:31] 🏁 expSSS: F1=0.364  r8=0.77
[2026-04-26 15:30:31] 🏁 expTTT: F1=0.426  r8=0.77
[2026-04-26 15:30:31] 🏁 expVVV: F1=0.413  r8=0.92
[2026-04-26 15:32:31] 🏁 expOOO: F1=0.335  r8=0.77
[2026-04-26 15:32:31] 🏁 expPPP: F1=0.386  r8=0.69
[2026-04-26 15:32:31] 🏁 expQQQ: F1=0.340  r8=0.54
[2026-04-26 15:32:31] 🏁 expSSS: F1=0.364  r8=0.77
[2026-04-26 15:32:31] 🏁 expTTT: F1=0.426  r8=0.77
[2026-04-26 15:32:31] 🏁 expVVV: F1=0.413  r8=0.92
[2026-04-26 15:34:31] 🏁 expOOO: F1=0.335  r8=0.77
[2026-04-26 15:34:31] 🏁 expPPP: F1=0.386  r8=0.69
[2026-04-26 15:34:31] 🏁 expQQQ: F1=0.340  r8=0.54
[2026-04-26 15:34:31] 🏁 expSSS: F1=0.364  r8=0.77
[2026-04-26 15:34:31] 🏁 expTTT: F1=0.426  r8=0.77
[2026-04-26 15:34:31] 🏁 expVVV: F1=0.413  r8=0.92
[2026-04-26 15:36:31] 🏁 expOOO: F1=0.335  r8=0.77
[2026-04-26 15:36:31] 🏁 expPPP: F1=0.386  r8=0.69
[2026-04-26 15:36:31] 🏁 expQQQ: F1=0.340  r8=0.54
[2026-04-26 15:36:31] 🏁 expSSS: F1=0.364  r8=0.77
[2026-04-26 15:36:31] 🏁 expTTT: F1=0.426  r8=0.77
[2026-04-26 15:36:31] 🏁 expVVV: F1=0.413  r8=0.92
[2026-04-26 15:38:32] 🏁 expOOO: F1=0.335  r8=0.77
[2026-04-26 15:38:32] 🏁 expPPP: F1=0.386  r8=0.69
[2026-04-26 15:38:32] 🏁 expQQQ: F1=0.340  r8=0.54
[2026-04-26 15:38:32] 🏁 expSSS: F1=0.364  r8=0.77
[2026-04-26 15:38:32] 🏁 expTTT: F1=0.426  r8=0.77
[2026-04-26 15:38:32] 🏁 expVVV: F1=0.413  r8=0.92
[2026-04-26 15:40:32] 🏁 expOOO: F1=0.335  r8=0.77
[2026-04-26 15:40:32] 🏁 expPPP: F1=0.386  r8=0.69
[2026-04-26 15:40:32] 🏁 expQQQ: F1=0.340  r8=0.54
[2026-04-26 15:40:32] 🏁 expSSS: F1=0.364  r8=0.77
[2026-04-26 15:40:32] 🏁 expTTT: F1=0.426  r8=0.77
[2026-04-26 15:40:32] 🏁 expVVV: F1=0.413  r8=0.92
[2026-04-26 15:42:32] 🏁 expOOO: F1=0.335  r8=0.77
[2026-04-26 15:42:32] 🏁 expPPP: F1=0.386  r8=0.69
[2026-04-26 15:42:32] 🏁 expQQQ: F1=0.340  r8=0.54
[2026-04-26 15:42:32] 🏁 expSSS: F1=0.364  r8=0.77
[2026-04-26 15:42:32] 🏁 expTTT: F1=0.426  r8=0.77
[2026-04-26 15:42:32] 🏁 expVVV: F1=0.413  r8=0.92
[2026-04-26 15:44:32] 🏁 expOOO: F1=0.335  r8=0.77
[2026-04-26 15:44:32] 🏁 expPPP: F1=0.386  r8=0.69
[2026-04-26 15:44:32] 🏁 expQQQ: F1=0.340  r8=0.54
[2026-04-26 15:44:32] 🏁 expSSS: F1=0.364  r8=0.77
[2026-04-26 15:44:32] 🏁 expTTT: F1=0.426  r8=0.77
[2026-04-26 15:44:32] 🏁 expVVV: F1=0.413  r8=0.92
[2026-04-26 15:46:32] 🏁 expOOO: F1=0.335  r8=0.77
[2026-04-26 15:46:32] 🏁 expPPP: F1=0.386  r8=0.69
[2026-04-26 15:46:32] 🏁 expQQQ: F1=0.340  r8=0.54
[2026-04-26 15:46:32] 🏁 expSSS: F1=0.364  r8=0.77
[2026-04-26 15:46:32] 🏁 expTTT: F1=0.426  r8=0.77
[2026-04-26 15:46:32] 🏁 expVVV: F1=0.413  r8=0.92
[2026-04-26 15:48:32] 🏁 expOOO: F1=0.335  r8=0.77
[2026-04-26 15:48:32] 🏁 expPPP: F1=0.386  r8=0.69
[2026-04-26 15:48:32] 🏁 expQQQ: F1=0.340  r8=0.54
[2026-04-26 15:48:32] 🏁 expSSS: F1=0.364  r8=0.77
[2026-04-26 15:48:32] 🏁 expTTT: F1=0.426  r8=0.77
[2026-04-26 15:48:32] 🏁 expVVV: F1=0.413  r8=0.92
[2026-04-26 15:50:32] 🏁 expOOO: F1=0.335  r8=0.77
[2026-04-26 15:50:32] 🏁 expPPP: F1=0.386  r8=0.69
[2026-04-26 15:50:32] 🏁 expQQQ: F1=0.340  r8=0.54
[2026-04-26 15:50:32] 🏁 expSSS: F1=0.364  r8=0.77
[2026-04-26 15:50:32] 🏁 expTTT: F1=0.426  r8=0.77
[2026-04-26 15:50:32] 🏁 expVVV: F1=0.413  r8=0.92
[2026-04-26 15:52:33] 🏁 expOOO: F1=0.335  r8=0.77
[2026-04-26 15:52:33] 🏁 expPPP: F1=0.386  r8=0.69
[2026-04-26 15:52:33] 🏁 expQQQ: F1=0.340  r8=0.54
[2026-04-26 15:52:33] 🏁 expSSS: F1=0.364  r8=0.77
[2026-04-26 15:52:33] 🏁 expTTT: F1=0.426  r8=0.77
[2026-04-26 15:52:33] 🏁 expVVV: F1=0.413  r8=0.92
[2026-04-26 15:54:33] 🏁 expOOO: F1=0.335  r8=0.77
[2026-04-26 15:54:33] 🏁 expPPP: F1=0.386  r8=0.69
[2026-04-26 15:54:33] 🏁 expQQQ: F1=0.340  r8=0.54
[2026-04-26 15:54:33] 🏁 expSSS: F1=0.364  r8=0.77
[2026-04-26 15:54:33] 🏁 expTTT: F1=0.426  r8=0.77
[2026-04-26 15:54:33] 🏁 expVVV: F1=0.413  r8=0.92
[2026-04-26 15:56:33] 🏁 expOOO: F1=0.335  r8=0.77
[2026-04-26 15:56:33] 🏁 expPPP: F1=0.386  r8=0.69
[2026-04-26 15:56:33] 🏁 expQQQ: F1=0.340  r8=0.54
[2026-04-26 15:56:33] 🏁 expSSS: F1=0.364  r8=0.77
[2026-04-26 15:56:33] 🏁 expTTT: F1=0.426  r8=0.77
[2026-04-26 15:56:33] 🏁 expVVV: F1=0.413  r8=0.92
[2026-04-26 15:58:33] 🏁 expOOO: F1=0.335  r8=0.77
[2026-04-26 15:58:33] 🏁 expPPP: F1=0.386  r8=0.69
[2026-04-26 15:58:33] 🏁 expQQQ: F1=0.340  r8=0.54
[2026-04-26 15:58:33] 🏁 expSSS: F1=0.364  r8=0.77
[2026-04-26 15:58:33] 🏁 expTTT: F1=0.426  r8=0.77
[2026-04-26 15:58:33] 🏁 expVVV: F1=0.413  r8=0.92
[2026-04-26 16:00:33] 🏁 expOOO: F1=0.335  r8=0.77
[2026-04-26 16:00:33] 🏁 expPPP: F1=0.386  r8=0.69
[2026-04-26 16:00:33] 🏁 expQQQ: F1=0.340  r8=0.54
[2026-04-26 16:00:33] 🏁 expSSS: F1=0.364  r8=0.77
[2026-04-26 16:00:33] 🏁 expTTT: F1=0.426  r8=0.77
[2026-04-26 16:00:33] 🏁 expVVV: F1=0.413  r8=0.92
[2026-04-26 16:02:33] 🏁 expOOO: F1=0.335  r8=0.77
[2026-04-26 16:02:33] 🏁 expPPP: F1=0.386  r8=0.69
[2026-04-26 16:02:33] 🏁 expQQQ: F1=0.340  r8=0.54
[2026-04-26 16:02:33] 🏁 expSSS: F1=0.364  r8=0.77
[2026-04-26 16:02:33] 🏁 expTTT: F1=0.426  r8=0.77
[2026-04-26 16:02:33] 🏁 expVVV: F1=0.413  r8=0.92
[2026-04-26 16:04:33] 🏁 expOOO: F1=0.335  r8=0.77
[2026-04-26 16:04:33] 🏁 expPPP: F1=0.386  r8=0.69
[2026-04-26 16:04:33] 🏁 expQQQ: F1=0.340  r8=0.54
[2026-04-26 16:04:33] 🏁 expSSS: F1=0.364  r8=0.77
[2026-04-26 16:04:33] 🏁 expTTT: F1=0.426  r8=0.77
[2026-04-26 16:04:33] 🏁 expVVV: F1=0.413  r8=0.92
[2026-04-26 16:06:33] 🏁 expOOO: F1=0.335  r8=0.77
[2026-04-26 16:06:33] 🏁 expPPP: F1=0.386  r8=0.69
[2026-04-26 16:06:33] 🏁 expQQQ: F1=0.340  r8=0.54
[2026-04-26 16:06:33] 🏁 expSSS: F1=0.364  r8=0.77
[2026-04-26 16:06:33] 🏁 expTTT: F1=0.426  r8=0.77
[2026-04-26 16:06:33] 🏁 expVVV: F1=0.413  r8=0.92
[2026-04-26 16:08:33] 🏁 expOOO: F1=0.335  r8=0.77
[2026-04-26 16:08:33] 🏁 expPPP: F1=0.386  r8=0.69
[2026-04-26 16:08:33] 🏁 expQQQ: F1=0.340  r8=0.54
[2026-04-26 16:08:33] 🏁 expSSS: F1=0.364  r8=0.77
[2026-04-26 16:08:34] 🏁 expTTT: F1=0.426  r8=0.77
[2026-04-26 16:08:34] 🏁 expVVV: F1=0.413  r8=0.92
[2026-04-26 16:10:34] 🏁 expOOO: F1=0.335  r8=0.77
[2026-04-26 16:10:34] 🏁 expPPP: F1=0.386  r8=0.69
[2026-04-26 16:10:34] 🏁 expQQQ: F1=0.340  r8=0.54
[2026-04-26 16:10:34] 🏁 expSSS: F1=0.364  r8=0.77
[2026-04-26 16:10:34] 🏁 expTTT: F1=0.426  r8=0.77
[2026-04-26 16:10:34] 🏁 expVVV: F1=0.413  r8=0.92
[2026-04-26 16:12:34] 🏁 expOOO: F1=0.335  r8=0.77
[2026-04-26 16:12:34] 🏁 expPPP: F1=0.386  r8=0.69
[2026-04-26 16:12:34] 🏁 expQQQ: F1=0.340  r8=0.54
[2026-04-26 16:12:34] 🏁 expSSS: F1=0.364  r8=0.77
[2026-04-26 16:12:34] 🏁 expTTT: F1=0.426  r8=0.77
[2026-04-26 16:12:34] 🏁 expVVV: F1=0.413  r8=0.92
[2026-04-26 16:14:34] 🏁 expOOO: F1=0.335  r8=0.77
[2026-04-26 16:14:34] 🏁 expPPP: F1=0.386  r8=0.69
[2026-04-26 16:14:34] 🏁 expQQQ: F1=0.340  r8=0.54
[2026-04-26 16:14:34] 🏁 expSSS: F1=0.364  r8=0.77
[2026-04-26 16:14:34] 🏁 expTTT: F1=0.426  r8=0.77
[2026-04-26 16:14:34] 🏁 expVVV: F1=0.413  r8=0.92
[2026-04-26 16:16:34] 🏁 expOOO: F1=0.335  r8=0.77
[2026-04-26 16:16:34] 🏁 expPPP: F1=0.386  r8=0.69
[2026-04-26 16:16:34] 🏁 expQQQ: F1=0.340  r8=0.54
[2026-04-26 16:16:34] 🏁 expSSS: F1=0.364  r8=0.77
[2026-04-26 16:16:34] 🏁 expTTT: F1=0.426  r8=0.77
[2026-04-26 16:16:34] 🏁 expVVV: F1=0.413  r8=0.92
[2026-04-26 16:18:34] 🏁 expOOO: F1=0.335  r8=0.77
[2026-04-26 16:18:34] 🏁 expPPP: F1=0.386  r8=0.69
[2026-04-26 16:18:34] 🏁 expQQQ: F1=0.340  r8=0.54
[2026-04-26 16:18:34] 🏁 expSSS: F1=0.364  r8=0.77
[2026-04-26 16:18:34] 🏁 expTTT: F1=0.426  r8=0.77
[2026-04-26 16:18:34] 🏁 expVVV: F1=0.413  r8=0.92
[2026-04-26 16:20:34] 🏁 expOOO: F1=0.335  r8=0.77
[2026-04-26 16:20:34] 🏁 expPPP: F1=0.386  r8=0.69
[2026-04-26 16:20:34] 🏁 expQQQ: F1=0.340  r8=0.54
[2026-04-26 16:20:34] 🏁 expSSS: F1=0.364  r8=0.77
[2026-04-26 16:20:34] 🏁 expTTT: F1=0.426  r8=0.77
[2026-04-26 16:20:34] 🏁 expVVV: F1=0.413  r8=0.92
[2026-04-26 16:22:34] 🏁 expOOO: F1=0.335  r8=0.77
[2026-04-26 16:22:34] 🏁 expPPP: F1=0.386  r8=0.69
[2026-04-26 16:22:34] 🏁 expQQQ: F1=0.340  r8=0.54
[2026-04-26 16:22:34] 🏁 expSSS: F1=0.364  r8=0.77
[2026-04-26 16:22:34] 🏁 expTTT: F1=0.426  r8=0.77
[2026-04-26 16:22:34] 🏁 expVVV: F1=0.413  r8=0.92
[2026-04-26 16:24:34] 🏁 expOOO: F1=0.335  r8=0.77
[2026-04-26 16:24:34] 🏁 expPPP: F1=0.386  r8=0.69
[2026-04-26 16:24:34] 🏁 expQQQ: F1=0.340  r8=0.54
[2026-04-26 16:24:34] 🏁 expSSS: F1=0.364  r8=0.77
[2026-04-26 16:24:34] 🏁 expTTT: F1=0.426  r8=0.77
[2026-04-26 16:24:34] 🏁 expVVV: F1=0.413  r8=0.92
[2026-04-26 16:26:35] 🏁 expOOO: F1=0.335  r8=0.77
[2026-04-26 16:26:35] 🏁 expPPP: F1=0.386  r8=0.69
[2026-04-26 16:26:35] 🏁 expQQQ: F1=0.340  r8=0.54
[2026-04-26 16:26:35] 🏁 expSSS: F1=0.364  r8=0.77
[2026-04-26 16:26:35] 🏁 expTTT: F1=0.426  r8=0.77
[2026-04-26 16:26:35] 🏁 expVVV: F1=0.413  r8=0.92
[2026-04-26 16:28:35] 🏁 expOOO: F1=0.335  r8=0.77
[2026-04-26 16:28:35] 🏁 expPPP: F1=0.386  r8=0.69
[2026-04-26 16:28:35] 🏁 expQQQ: F1=0.340  r8=0.54
[2026-04-26 16:28:35] 🏁 expSSS: F1=0.364  r8=0.77
[2026-04-26 16:28:35] 🏁 expTTT: F1=0.426  r8=0.77
[2026-04-26 16:28:35] 🏁 expVVV: F1=0.413  r8=0.92
[2026-04-26 16:30:35] 🏁 expOOO: F1=0.335  r8=0.77
[2026-04-26 16:30:35] 🏁 expPPP: F1=0.386  r8=0.69
[2026-04-26 16:30:35] 🏁 expQQQ: F1=0.340  r8=0.54
[2026-04-26 16:30:35] 🏁 expSSS: F1=0.364  r8=0.77
[2026-04-26 16:30:35] 🏁 expTTT: F1=0.426  r8=0.77
[2026-04-26 16:30:35] 🏁 expVVV: F1=0.413  r8=0.92
[2026-04-26 16:32:35] 🏁 expOOO: F1=0.335  r8=0.77
[2026-04-26 16:32:35] 🏁 expPPP: F1=0.386  r8=0.69
[2026-04-26 16:32:35] 🏁 expQQQ: F1=0.340  r8=0.54
[2026-04-26 16:32:35] 🏁 expSSS: F1=0.364  r8=0.77
[2026-04-26 16:32:35] 🏁 expTTT: F1=0.426  r8=0.77
[2026-04-26 16:32:35] 🏁 expVVV: F1=0.413  r8=0.92
[2026-04-26 16:34:35] 🏁 expOOO: F1=0.335  r8=0.77
[2026-04-26 16:34:35] 🏁 expPPP: F1=0.386  r8=0.69
[2026-04-26 16:34:35] 🏁 expQQQ: F1=0.340  r8=0.54
[2026-04-26 16:34:35] 🏁 expSSS: F1=0.364  r8=0.77
[2026-04-26 16:34:35] 🏁 expTTT: F1=0.426  r8=0.77
[2026-04-26 16:34:35] 🏁 expVVV: F1=0.413  r8=0.92
[2026-04-26 16:36:35] 🏁 expOOO: F1=0.335  r8=0.77
[2026-04-26 16:36:35] 🏁 expPPP: F1=0.386  r8=0.69
[2026-04-26 16:36:35] 🏁 expQQQ: F1=0.340  r8=0.54
[2026-04-26 16:36:35] 🏁 expSSS: F1=0.364  r8=0.77
[2026-04-26 16:36:35] 🏁 expTTT: F1=0.426  r8=0.77
[2026-04-26 16:36:35] 🏁 expVVV: F1=0.413  r8=0.92
[2026-04-26 16:38:35] 🏁 expOOO: F1=0.335  r8=0.77
[2026-04-26 16:38:35] 🏁 expPPP: F1=0.386  r8=0.69
[2026-04-26 16:38:35] 🏁 expQQQ: F1=0.340  r8=0.54
[2026-04-26 16:38:35] 🏁 expSSS: F1=0.364  r8=0.77
[2026-04-26 16:38:35] 🏁 expTTT: F1=0.426  r8=0.77
[2026-04-26 16:38:35] 🏁 expVVV: F1=0.413  r8=0.92
[2026-04-26 16:40:35] 🏁 expOOO: F1=0.335  r8=0.77
[2026-04-26 16:40:35] 🏁 expPPP: F1=0.386  r8=0.69
[2026-04-26 16:40:36] 🏁 expQQQ: F1=0.340  r8=0.54
[2026-04-26 16:40:36] 🏁 expSSS: F1=0.364  r8=0.77
[2026-04-26 16:40:36] 🏁 expTTT: F1=0.426  r8=0.77
[2026-04-26 16:40:36] 🏁 expVVV: F1=0.413  r8=0.92
[2026-04-26 16:42:36] 🏁 expOOO: F1=0.335  r8=0.77
[2026-04-26 16:42:36] 🏁 expPPP: F1=0.386  r8=0.69
[2026-04-26 16:42:36] 🏁 expQQQ: F1=0.340  r8=0.54
[2026-04-26 16:42:36] 🏁 expSSS: F1=0.364  r8=0.77
[2026-04-26 16:42:36] 🏁 expTTT: F1=0.426  r8=0.77
[2026-04-26 16:42:36] 🏁 expVVV: F1=0.413  r8=0.92
[2026-04-26 16:44:36] 🏁 expOOO: F1=0.335  r8=0.77
[2026-04-26 16:44:36] 🏁 expPPP: F1=0.386  r8=0.69
[2026-04-26 16:44:36] 🏁 expQQQ: F1=0.340  r8=0.54
[2026-04-26 16:44:36] 🏁 expSSS: F1=0.364  r8=0.77
[2026-04-26 16:44:36] 🏁 expTTT: F1=0.426  r8=0.77
[2026-04-26 16:44:36] 🏁 expVVV: F1=0.413  r8=0.92
[2026-04-26 16:46:36] 🏁 expOOO: F1=0.335  r8=0.77
[2026-04-26 16:46:36] 🏁 expPPP: F1=0.386  r8=0.69
[2026-04-26 16:46:36] 🏁 expQQQ: F1=0.340  r8=0.54
[2026-04-26 16:46:36] 🏁 expSSS: F1=0.364  r8=0.77
[2026-04-26 16:46:36] 🏁 expTTT: F1=0.426  r8=0.77
[2026-04-26 16:46:36] 🏁 expVVV: F1=0.413  r8=0.92
[2026-04-26 16:48:36] 🏁 expOOO: F1=0.335  r8=0.77
[2026-04-26 16:48:36] 🏁 expPPP: F1=0.386  r8=0.69
[2026-04-26 16:48:36] 🏁 expQQQ: F1=0.340  r8=0.54
[2026-04-26 16:48:36] 🏁 expSSS: F1=0.364  r8=0.77
[2026-04-26 16:48:36] 🏁 expTTT: F1=0.426  r8=0.77
[2026-04-26 16:48:36] 🏁 expVVV: F1=0.413  r8=0.92
[2026-04-26 16:50:36] 🏁 expOOO: F1=0.335  r8=0.77
[2026-04-26 16:50:36] 🏁 expPPP: F1=0.386  r8=0.69
[2026-04-26 16:50:36] 🏁 expQQQ: F1=0.340  r8=0.54
[2026-04-26 16:50:36] 🏁 expSSS: F1=0.364  r8=0.77
[2026-04-26 16:50:36] 🏁 expTTT: F1=0.426  r8=0.77
[2026-04-26 16:50:36] 🏁 expVVV: F1=0.413  r8=0.92
[2026-04-26 16:52:36] 🏁 expOOO: F1=0.335  r8=0.77
[2026-04-26 16:52:36] 🏁 expPPP: F1=0.386  r8=0.69
[2026-04-26 16:52:36] 🏁 expQQQ: F1=0.340  r8=0.54
[2026-04-26 16:52:36] 🏁 expSSS: F1=0.364  r8=0.77
[2026-04-26 16:52:36] 🏁 expTTT: F1=0.426  r8=0.77
[2026-04-26 16:52:36] 🏁 expVVV: F1=0.413  r8=0.92
[2026-04-26 16:54:36] 🏁 expOOO: F1=0.335  r8=0.77
[2026-04-26 16:54:36] 🏁 expPPP: F1=0.386  r8=0.69
[2026-04-26 16:54:36] 🏁 expQQQ: F1=0.340  r8=0.54
[2026-04-26 16:54:36] 🏁 expSSS: F1=0.364  r8=0.77
[2026-04-26 16:54:36] 🏁 expTTT: F1=0.426  r8=0.77
[2026-04-26 16:54:36] 🏁 expVVV: F1=0.413  r8=0.92
[2026-04-26 16:56:37] 🏁 expOOO: F1=0.335  r8=0.77
[2026-04-26 16:56:37] 🏁 expPPP: F1=0.386  r8=0.69
[2026-04-26 16:56:37] 🏁 expQQQ: F1=0.340  r8=0.54
[2026-04-26 16:56:37] 🏁 expSSS: F1=0.364  r8=0.77
[2026-04-26 16:56:37] 🏁 expTTT: F1=0.426  r8=0.77
[2026-04-26 16:56:37] 🏁 expVVV: F1=0.413  r8=0.92
[2026-04-26 16:58:37] 🏁 expOOO: F1=0.335  r8=0.77
[2026-04-26 16:58:37] 🏁 expPPP: F1=0.386  r8=0.69
[2026-04-26 16:58:37] 🏁 expQQQ: F1=0.340  r8=0.54
[2026-04-26 16:58:37] 🏁 expSSS: F1=0.364  r8=0.77
[2026-04-26 16:58:37] 🏁 expTTT: F1=0.426  r8=0.77
[2026-04-26 16:58:37] 🏁 expVVV: F1=0.413  r8=0.92
[2026-04-26 17:00:37] 🏁 expOOO: F1=0.335  r8=0.77
[2026-04-26 17:00:37] 🏁 expPPP: F1=0.386  r8=0.69
[2026-04-26 17:00:37] 🏁 expQQQ: F1=0.340  r8=0.54
[2026-04-26 17:00:37] 🏁 expSSS: F1=0.364  r8=0.77
[2026-04-26 17:00:37] 🏁 expTTT: F1=0.426  r8=0.77
[2026-04-26 17:00:37] 🏁 expVVV: F1=0.413  r8=0.92
[2026-04-26 17:02:37] 🏁 expOOO: F1=0.335  r8=0.77
[2026-04-26 17:02:37] 🏁 expPPP: F1=0.386  r8=0.69
[2026-04-26 17:02:37] 🏁 expQQQ: F1=0.340  r8=0.54
[2026-04-26 17:02:37] 🏁 expSSS: F1=0.364  r8=0.77
[2026-04-26 17:02:37] 🏁 expTTT: F1=0.426  r8=0.77
[2026-04-26 17:02:37] 🏁 expVVV: F1=0.413  r8=0.92
[2026-04-26 17:04:37] 🏁 expOOO: F1=0.335  r8=0.77
[2026-04-26 17:04:37] 🏁 expPPP: F1=0.386  r8=0.69
[2026-04-26 17:04:37] 🏁 expQQQ: F1=0.340  r8=0.54
[2026-04-26 17:04:37] 🏁 expSSS: F1=0.364  r8=0.77
[2026-04-26 17:04:37] 🏁 expTTT: F1=0.426  r8=0.77
[2026-04-26 17:04:37] 🏁 expVVV: F1=0.413  r8=0.92
[2026-04-26 17:06:37] 🏁 expOOO: F1=0.335  r8=0.77
[2026-04-26 17:06:37] 🏁 expPPP: F1=0.386  r8=0.69
[2026-04-26 17:06:37] 🏁 expQQQ: F1=0.340  r8=0.54
[2026-04-26 17:06:37] 🏁 expSSS: F1=0.364  r8=0.77
[2026-04-26 17:06:37] 🏁 expTTT: F1=0.426  r8=0.77
[2026-04-26 17:06:37] 🏁 expVVV: F1=0.413  r8=0.92
[2026-04-26 17:08:37] 🏁 expOOO: F1=0.335  r8=0.77
[2026-04-26 17:08:37] 🏁 expPPP: F1=0.386  r8=0.69
[2026-04-26 17:08:37] 🏁 expQQQ: F1=0.340  r8=0.54
[2026-04-26 17:08:37] 🏁 expSSS: F1=0.364  r8=0.77
[2026-04-26 17:08:37] 🏁 expTTT: F1=0.426  r8=0.77
[2026-04-26 17:08:37] 🏁 expVVV: F1=0.413  r8=0.92
[2026-04-26 17:10:37] 🏁 expOOO: F1=0.335  r8=0.77
[2026-04-26 17:10:37] 🏁 expPPP: F1=0.386  r8=0.69
[2026-04-26 17:10:37] 🏁 expQQQ: F1=0.340  r8=0.54
[2026-04-26 17:10:37] 🏁 expSSS: F1=0.364  r8=0.77
[2026-04-26 17:10:37] 🏁 expTTT: F1=0.426  r8=0.77
[2026-04-26 17:10:37] 🏁 expVVV: F1=0.413  r8=0.92
[2026-04-26 17:12:38] 🏁 expOOO: F1=0.335  r8=0.77
[2026-04-26 17:12:38] 🏁 expPPP: F1=0.386  r8=0.69
[2026-04-26 17:12:38] 🏁 expQQQ: F1=0.340  r8=0.54
[2026-04-26 17:12:38] 🏁 expSSS: F1=0.364  r8=0.77
[2026-04-26 17:12:38] 🏁 expTTT: F1=0.426  r8=0.77
[2026-04-26 17:12:38] 🏁 expVVV: F1=0.413  r8=0.92
[2026-04-26 17:14:38] 🏁 expOOO: F1=0.335  r8=0.77
[2026-04-26 17:14:38] 🏁 expPPP: F1=0.386  r8=0.69
[2026-04-26 17:14:38] 🏁 expQQQ: F1=0.340  r8=0.54
[2026-04-26 17:14:38] 🏁 expSSS: F1=0.364  r8=0.77
[2026-04-26 17:14:38] 🏁 expTTT: F1=0.426  r8=0.77
[2026-04-26 17:14:38] 🏁 expVVV: F1=0.413  r8=0.92
[2026-04-26 17:16:38] 🏁 expOOO: F1=0.335  r8=0.77
[2026-04-26 17:16:38] 🏁 expPPP: F1=0.386  r8=0.69
[2026-04-26 17:16:38] 🏁 expQQQ: F1=0.340  r8=0.54
[2026-04-26 17:16:38] 🏁 expSSS: F1=0.364  r8=0.77
[2026-04-26 17:16:38] 🏁 expTTT: F1=0.426  r8=0.77
[2026-04-26 17:16:38] 🏁 expVVV: F1=0.413  r8=0.92
[2026-04-26 17:18:38] 🏁 expOOO: F1=0.335  r8=0.77
[2026-04-26 17:18:38] 🏁 expPPP: F1=0.386  r8=0.69
[2026-04-26 17:18:38] 🏁 expQQQ: F1=0.340  r8=0.54
[2026-04-26 17:18:38] 🏁 expSSS: F1=0.364  r8=0.77
[2026-04-26 17:18:38] 🏁 expTTT: F1=0.426  r8=0.77
[2026-04-26 17:18:38] 🏁 expVVV: F1=0.413  r8=0.92
[2026-04-26 17:20:38] 🏁 expOOO: F1=0.335  r8=0.77
[2026-04-26 17:20:38] 🏁 expPPP: F1=0.386  r8=0.69
[2026-04-26 17:20:38] 🏁 expQQQ: F1=0.340  r8=0.54
[2026-04-26 17:20:38] 🏁 expSSS: F1=0.364  r8=0.77
[2026-04-26 17:20:38] 🏁 expTTT: F1=0.426  r8=0.77
[2026-04-26 17:20:38] 🏁 expVVV: F1=0.413  r8=0.92
[2026-04-26 17:22:38] 🏁 expOOO: F1=0.335  r8=0.77
[2026-04-26 17:22:38] 🏁 expPPP: F1=0.386  r8=0.69
[2026-04-26 17:22:38] 🏁 expQQQ: F1=0.340  r8=0.54
[2026-04-26 17:22:38] 🏁 expSSS: F1=0.364  r8=0.77
[2026-04-26 17:22:38] 🏁 expTTT: F1=0.426  r8=0.77
[2026-04-26 17:22:38] 🏁 expVVV: F1=0.413  r8=0.92
[2026-04-26 17:24:38] 🏁 expOOO: F1=0.335  r8=0.77
[2026-04-26 17:24:38] 🏁 expPPP: F1=0.386  r8=0.69
[2026-04-26 17:24:38] 🏁 expQQQ: F1=0.340  r8=0.54
[2026-04-26 17:24:38] 🏁 expSSS: F1=0.364  r8=0.77
[2026-04-26 17:24:38] 🏁 expTTT: F1=0.426  r8=0.77
[2026-04-26 17:24:38] 🏁 expVVV: F1=0.413  r8=0.92
[2026-04-26 17:26:38] 🏁 expOOO: F1=0.335  r8=0.77
[2026-04-26 17:26:38] 🏁 expPPP: F1=0.386  r8=0.69
[2026-04-26 17:26:38] 🏁 expQQQ: F1=0.340  r8=0.54
[2026-04-26 17:26:38] 🏁 expSSS: F1=0.364  r8=0.77
[2026-04-26 17:26:38] 🏁 expTTT: F1=0.426  r8=0.77
[2026-04-26 17:26:38] 🏁 expVVV: F1=0.413  r8=0.92
[2026-04-26 17:28:39] 🏁 expOOO: F1=0.335  r8=0.77
[2026-04-26 17:28:39] 🏁 expPPP: F1=0.386  r8=0.69
[2026-04-26 17:28:39] 🏁 expQQQ: F1=0.340  r8=0.54
[2026-04-26 17:28:39] 🏁 expSSS: F1=0.364  r8=0.77
[2026-04-26 17:28:39] 🏁 expTTT: F1=0.426  r8=0.77
[2026-04-26 17:28:39] 🏁 expVVV: F1=0.413  r8=0.92
[2026-04-26 17:30:39] 🏁 expOOO: F1=0.335  r8=0.77
[2026-04-26 17:30:39] 🏁 expPPP: F1=0.386  r8=0.69
[2026-04-26 17:30:39] 🏁 expQQQ: F1=0.340  r8=0.54
[2026-04-26 17:30:39] 🏁 expSSS: F1=0.364  r8=0.77
[2026-04-26 17:30:39] 🏁 expTTT: F1=0.426  r8=0.77
[2026-04-26 17:30:39] 🏁 expVVV: F1=0.413  r8=0.92
[2026-04-26 17:32:39] 🏁 expOOO: F1=0.335  r8=0.77
[2026-04-26 17:32:39] 🏁 expPPP: F1=0.386  r8=0.69
[2026-04-26 17:32:39] 🏁 expQQQ: F1=0.340  r8=0.54
[2026-04-26 17:32:39] 🏁 expSSS: F1=0.364  r8=0.77
[2026-04-26 17:32:39] 🏁 expTTT: F1=0.426  r8=0.77
[2026-04-26 17:32:39] 🏁 expVVV: F1=0.413  r8=0.92
[2026-04-26 17:34:39] 🏁 expOOO: F1=0.335  r8=0.77
[2026-04-26 17:34:39] 🏁 expPPP: F1=0.386  r8=0.69
[2026-04-26 17:34:39] 🏁 expQQQ: F1=0.340  r8=0.54
[2026-04-26 17:34:39] 🏁 expSSS: F1=0.364  r8=0.77
[2026-04-26 17:34:39] 🏁 expTTT: F1=0.426  r8=0.77
[2026-04-26 17:34:39] 🏁 expVVV: F1=0.413  r8=0.92
[2026-04-26 17:36:39] 🏁 expOOO: F1=0.335  r8=0.77
[2026-04-26 17:36:39] 🏁 expPPP: F1=0.386  r8=0.69
[2026-04-26 17:36:39] 🏁 expQQQ: F1=0.340  r8=0.54
[2026-04-26 17:36:39] 🏁 expSSS: F1=0.364  r8=0.77
[2026-04-26 17:36:39] 🏁 expTTT: F1=0.426  r8=0.77
[2026-04-26 17:36:39] 🏁 expVVV: F1=0.413  r8=0.92
[2026-04-26 17:38:39] 🏁 expOOO: F1=0.335  r8=0.77
[2026-04-26 17:38:39] 🏁 expPPP: F1=0.386  r8=0.69
[2026-04-26 17:38:39] 🏁 expQQQ: F1=0.340  r8=0.54
[2026-04-26 17:38:39] 🏁 expSSS: F1=0.364  r8=0.77
[2026-04-26 17:38:39] 🏁 expTTT: F1=0.426  r8=0.77
[2026-04-26 17:38:39] 🏁 expVVV: F1=0.413  r8=0.92
[2026-04-26 17:40:39] 🏁 expOOO: F1=0.335  r8=0.77
[2026-04-26 17:40:39] 🏁 expPPP: F1=0.386  r8=0.69
[2026-04-26 17:40:39] 🏁 expQQQ: F1=0.340  r8=0.54
[2026-04-26 17:40:39] 🏁 expSSS: F1=0.364  r8=0.77
[2026-04-26 17:40:39] 🏁 expTTT: F1=0.426  r8=0.77
[2026-04-26 17:40:39] 🏁 expVVV: F1=0.413  r8=0.92
[2026-04-26 17:42:39] 🏁 expOOO: F1=0.335  r8=0.77
[2026-04-26 17:42:39] 🏁 expPPP: F1=0.386  r8=0.69
[2026-04-26 17:42:39] 🏁 expQQQ: F1=0.340  r8=0.54
[2026-04-26 17:42:39] 🏁 expSSS: F1=0.364  r8=0.77
[2026-04-26 17:42:39] 🏁 expTTT: F1=0.426  r8=0.77
[2026-04-26 17:42:39] 🏁 expVVV: F1=0.413  r8=0.92
[2026-04-26 17:44:40] 🏁 expOOO: F1=0.335  r8=0.77
[2026-04-26 17:44:40] 🏁 expPPP: F1=0.386  r8=0.69
[2026-04-26 17:44:40] 🏁 expQQQ: F1=0.340  r8=0.54
[2026-04-26 17:44:40] 🏁 expSSS: F1=0.364  r8=0.77
[2026-04-26 17:44:40] 🏁 expTTT: F1=0.426  r8=0.77
[2026-04-26 17:44:40] 🏁 expVVV: F1=0.413  r8=0.92
[2026-04-26 17:46:40] 🏁 expOOO: F1=0.335  r8=0.77
[2026-04-26 17:46:40] 🏁 expPPP: F1=0.386  r8=0.69
[2026-04-26 17:46:40] 🏁 expQQQ: F1=0.340  r8=0.54
[2026-04-26 17:46:40] 🏁 expSSS: F1=0.364  r8=0.77
[2026-04-26 17:46:40] 🏁 expTTT: F1=0.426  r8=0.77
[2026-04-26 17:46:40] 🏁 expVVV: F1=0.413  r8=0.92
[2026-04-26 17:48:40] 🏁 expOOO: F1=0.335  r8=0.77
[2026-04-26 17:48:40] 🏁 expPPP: F1=0.386  r8=0.69
[2026-04-26 17:48:40] 🏁 expQQQ: F1=0.340  r8=0.54
[2026-04-26 17:48:40] 🏁 expSSS: F1=0.364  r8=0.77
[2026-04-26 17:48:40] 🏁 expTTT: F1=0.426  r8=0.77
[2026-04-26 17:48:40] 🏁 expVVV: F1=0.413  r8=0.92
[2026-04-26 17:50:40] 🏁 expOOO: F1=0.335  r8=0.77
[2026-04-26 17:50:40] 🏁 expPPP: F1=0.386  r8=0.69
[2026-04-26 17:50:40] 🏁 expQQQ: F1=0.340  r8=0.54
[2026-04-26 17:50:40] 🏁 expSSS: F1=0.364  r8=0.77
[2026-04-26 17:50:40] 🏁 expTTT: F1=0.426  r8=0.77
[2026-04-26 17:50:40] 🏁 expVVV: F1=0.413  r8=0.92
[2026-04-26 17:52:40] 🏁 expOOO: F1=0.335  r8=0.77
[2026-04-26 17:52:40] 🏁 expPPP: F1=0.386  r8=0.69
[2026-04-26 17:52:40] 🏁 expQQQ: F1=0.340  r8=0.54
[2026-04-26 17:52:40] 🏁 expSSS: F1=0.364  r8=0.77
[2026-04-26 17:52:40] 🏁 expTTT: F1=0.426  r8=0.77
[2026-04-26 17:52:40] 🏁 expVVV: F1=0.413  r8=0.92
[2026-04-26 17:54:40] 🏁 expOOO: F1=0.335  r8=0.77
[2026-04-26 17:54:40] 🏁 expPPP: F1=0.386  r8=0.69
[2026-04-26 17:54:40] 🏁 expQQQ: F1=0.340  r8=0.54
[2026-04-26 17:54:40] 🏁 expSSS: F1=0.364  r8=0.77
[2026-04-26 17:54:40] 🏁 expTTT: F1=0.426  r8=0.77
[2026-04-26 17:54:40] 🏁 expVVV: F1=0.413  r8=0.92
[2026-04-26 17:56:40] 🏁 expOOO: F1=0.335  r8=0.77
[2026-04-26 17:56:40] 🏁 expPPP: F1=0.386  r8=0.69
[2026-04-26 17:56:40] 🏁 expQQQ: F1=0.340  r8=0.54
[2026-04-26 17:56:40] 🏁 expSSS: F1=0.364  r8=0.77
[2026-04-26 17:56:40] 🏁 expTTT: F1=0.426  r8=0.77
[2026-04-26 17:56:40] 🏁 expVVV: F1=0.413  r8=0.92
[2026-04-26 17:58:41] 🏁 expOOO: F1=0.335  r8=0.77
[2026-04-26 17:58:41] 🏁 expPPP: F1=0.386  r8=0.69
[2026-04-26 17:58:41] 🏁 expQQQ: F1=0.340  r8=0.54
[2026-04-26 17:58:41] 🏁 expSSS: F1=0.364  r8=0.77
[2026-04-26 17:58:41] 🏁 expTTT: F1=0.426  r8=0.77
[2026-04-26 17:58:41] 🏁 expVVV: F1=0.413  r8=0.92
[2026-04-26 18:00:41] 🏁 expOOO: F1=0.335  r8=0.77
[2026-04-26 18:00:41] 🏁 expPPP: F1=0.386  r8=0.69
[2026-04-26 18:00:41] 🏁 expQQQ: F1=0.340  r8=0.54
[2026-04-26 18:00:41] 🏁 expSSS: F1=0.364  r8=0.77
[2026-04-26 18:00:41] 🏁 expTTT: F1=0.426  r8=0.77
[2026-04-26 18:00:41] 🏁 expVVV: F1=0.413  r8=0.92
[2026-04-26 18:02:41] 🏁 expOOO: F1=0.335  r8=0.77
[2026-04-26 18:02:41] 🏁 expPPP: F1=0.386  r8=0.69
[2026-04-26 18:02:41] 🏁 expQQQ: F1=0.340  r8=0.54
[2026-04-26 18:02:41] 🏁 expSSS: F1=0.364  r8=0.77
[2026-04-26 18:02:41] 🏁 expTTT: F1=0.426  r8=0.77
[2026-04-26 18:02:41] 🏁 expVVV: F1=0.413  r8=0.92
[2026-04-26 18:04:41] 🏁 expOOO: F1=0.335  r8=0.77
[2026-04-26 18:04:41] 🏁 expPPP: F1=0.386  r8=0.69
[2026-04-26 18:04:41] 🏁 expQQQ: F1=0.340  r8=0.54
[2026-04-26 18:04:41] 🏁 expSSS: F1=0.364  r8=0.77
[2026-04-26 18:04:41] 🏁 expTTT: F1=0.426  r8=0.77
[2026-04-26 18:04:41] 🏁 expVVV: F1=0.413  r8=0.92
[2026-04-26 18:06:41] 🏁 expOOO: F1=0.335  r8=0.77
[2026-04-26 18:06:41] 🏁 expPPP: F1=0.386  r8=0.69
[2026-04-26 18:06:41] 🏁 expQQQ: F1=0.340  r8=0.54
[2026-04-26 18:06:41] 🏁 expSSS: F1=0.364  r8=0.77
[2026-04-26 18:06:41] 🏁 expTTT: F1=0.426  r8=0.77
[2026-04-26 18:06:41] 🏁 expVVV: F1=0.413  r8=0.92
[2026-04-26 18:08:41] 🏁 expOOO: F1=0.335  r8=0.77
[2026-04-26 18:08:41] 🏁 expPPP: F1=0.386  r8=0.69
[2026-04-26 18:08:41] 🏁 expQQQ: F1=0.340  r8=0.54
[2026-04-26 18:08:41] 🏁 expSSS: F1=0.364  r8=0.77
[2026-04-26 18:08:41] 🏁 expTTT: F1=0.426  r8=0.77
[2026-04-26 18:08:41] 🏁 expVVV: F1=0.413  r8=0.92
[2026-04-26 18:10:41] 🏁 expOOO: F1=0.335  r8=0.77
[2026-04-26 18:10:41] 🏁 expPPP: F1=0.386  r8=0.69
[2026-04-26 18:10:41] 🏁 expQQQ: F1=0.340  r8=0.54
[2026-04-26 18:10:41] 🏁 expSSS: F1=0.364  r8=0.77
[2026-04-26 18:10:41] 🏁 expTTT: F1=0.426  r8=0.77
[2026-04-26 18:10:41] 🏁 expVVV: F1=0.413  r8=0.92
[2026-04-26 18:12:41] 🏁 expOOO: F1=0.335  r8=0.77
[2026-04-26 18:12:41] 🏁 expPPP: F1=0.386  r8=0.69
[2026-04-26 18:12:41] 🏁 expQQQ: F1=0.340  r8=0.54
[2026-04-26 18:12:41] 🏁 expSSS: F1=0.364  r8=0.77
[2026-04-26 18:12:41] 🏁 expTTT: F1=0.426  r8=0.77
[2026-04-26 18:12:41] 🏁 expVVV: F1=0.413  r8=0.92
[2026-04-26 18:14:41] 🏁 expOOO: F1=0.335  r8=0.77
[2026-04-26 18:14:41] 🏁 expPPP: F1=0.386  r8=0.69
[2026-04-26 18:14:41] 🏁 expQQQ: F1=0.340  r8=0.54
[2026-04-26 18:14:41] 🏁 expSSS: F1=0.364  r8=0.77
[2026-04-26 18:14:41] 🏁 expTTT: F1=0.426  r8=0.77
[2026-04-26 18:14:42] 🏁 expVVV: F1=0.413  r8=0.92
[2026-04-26 18:16:42] 🏁 expOOO: F1=0.335  r8=0.77
[2026-04-26 18:16:42] 🏁 expPPP: F1=0.386  r8=0.69
[2026-04-26 18:16:42] 🏁 expQQQ: F1=0.340  r8=0.54
[2026-04-26 18:16:42] 🏁 expSSS: F1=0.364  r8=0.77
[2026-04-26 18:16:42] 🏁 expTTT: F1=0.426  r8=0.77
[2026-04-26 18:16:42] 🏁 expVVV: F1=0.413  r8=0.92
[2026-04-26 18:18:42] 🏁 expOOO: F1=0.335  r8=0.77
[2026-04-26 18:18:42] 🏁 expPPP: F1=0.386  r8=0.69
[2026-04-26 18:18:42] 🏁 expQQQ: F1=0.340  r8=0.54
[2026-04-26 18:18:42] 🏁 expSSS: F1=0.364  r8=0.77
[2026-04-26 18:18:42] 🏁 expTTT: F1=0.426  r8=0.77
[2026-04-26 18:18:42] 🏁 expVVV: F1=0.413  r8=0.92
[2026-04-26 18:20:42] 🏁 expOOO: F1=0.335  r8=0.77
[2026-04-26 18:20:42] 🏁 expPPP: F1=0.386  r8=0.69
[2026-04-26 18:20:42] 🏁 expQQQ: F1=0.340  r8=0.54
[2026-04-26 18:20:42] 🏁 expSSS: F1=0.364  r8=0.77
[2026-04-26 18:20:42] 🏁 expTTT: F1=0.426  r8=0.77
[2026-04-26 18:20:42] 🏁 expVVV: F1=0.413  r8=0.92
[2026-04-26 18:22:42] 🏁 expOOO: F1=0.335  r8=0.77
[2026-04-26 18:22:42] 🏁 expPPP: F1=0.386  r8=0.69
[2026-04-26 18:22:42] 🏁 expQQQ: F1=0.340  r8=0.54
[2026-04-26 18:22:42] 🏁 expSSS: F1=0.364  r8=0.77
[2026-04-26 18:22:42] 🏁 expTTT: F1=0.426  r8=0.77
[2026-04-26 18:22:42] 🏁 expVVV: F1=0.413  r8=0.92
[2026-04-26 18:24:42] 🏁 expOOO: F1=0.335  r8=0.77
[2026-04-26 18:24:42] 🏁 expPPP: F1=0.386  r8=0.69
[2026-04-26 18:24:42] 🏁 expQQQ: F1=0.340  r8=0.54
[2026-04-26 18:24:42] 🏁 expSSS: F1=0.364  r8=0.77
[2026-04-26 18:24:42] 🏁 expTTT: F1=0.426  r8=0.77
[2026-04-26 18:24:42] 🏁 expVVV: F1=0.413  r8=0.92
[2026-04-26 18:26:42] 🏁 expOOO: F1=0.335  r8=0.77
[2026-04-26 18:26:42] 🏁 expPPP: F1=0.386  r8=0.69
[2026-04-26 18:26:42] 🏁 expQQQ: F1=0.340  r8=0.54
[2026-04-26 18:26:42] 🏁 expSSS: F1=0.364  r8=0.77
[2026-04-26 18:26:42] 🏁 expTTT: F1=0.426  r8=0.77
[2026-04-26 18:26:42] 🏁 expVVV: F1=0.413  r8=0.92
[2026-04-26 18:28:42] 🏁 expOOO: F1=0.335  r8=0.77
[2026-04-26 18:28:42] 🏁 expPPP: F1=0.386  r8=0.69
[2026-04-26 18:28:42] 🏁 expQQQ: F1=0.340  r8=0.54
[2026-04-26 18:28:42] 🏁 expSSS: F1=0.364  r8=0.77
[2026-04-26 18:28:42] 🏁 expTTT: F1=0.426  r8=0.77
[2026-04-26 18:28:42] 🏁 expVVV: F1=0.413  r8=0.92
[2026-04-26 18:30:43] 🏁 expOOO: F1=0.335  r8=0.77
[2026-04-26 18:30:43] 🏁 expPPP: F1=0.386  r8=0.69
[2026-04-26 18:30:43] 🏁 expQQQ: F1=0.340  r8=0.54
[2026-04-26 18:30:43] 🏁 expSSS: F1=0.364  r8=0.77
[2026-04-26 18:30:43] 🏁 expTTT: F1=0.426  r8=0.77
[2026-04-26 18:30:43] 🏁 expVVV: F1=0.413  r8=0.92
[2026-04-26 18:32:43] 🏁 expOOO: F1=0.335  r8=0.77
[2026-04-26 18:32:43] 🏁 expPPP: F1=0.386  r8=0.69
[2026-04-26 18:32:43] 🏁 expQQQ: F1=0.340  r8=0.54
[2026-04-26 18:32:43] 🏁 expSSS: F1=0.364  r8=0.77
[2026-04-26 18:32:43] 🏁 expTTT: F1=0.426  r8=0.77
[2026-04-26 18:32:43] 🏁 expVVV: F1=0.413  r8=0.92
[2026-04-26 18:34:43] 🏁 expOOO: F1=0.335  r8=0.77
[2026-04-26 18:34:43] 🏁 expPPP: F1=0.386  r8=0.69
[2026-04-26 18:34:43] 🏁 expQQQ: F1=0.340  r8=0.54
[2026-04-26 18:34:43] 🏁 expSSS: F1=0.364  r8=0.77
[2026-04-26 18:34:43] 🏁 expTTT: F1=0.426  r8=0.77
[2026-04-26 18:34:43] 🏁 expVVV: F1=0.413  r8=0.92
[2026-04-26 18:36:43] 🏁 expOOO: F1=0.335  r8=0.77
[2026-04-26 18:36:43] 🏁 expPPP: F1=0.386  r8=0.69
[2026-04-26 18:36:43] 🏁 expQQQ: F1=0.340  r8=0.54
[2026-04-26 18:36:43] 🏁 expSSS: F1=0.364  r8=0.77
[2026-04-26 18:36:43] 🏁 expTTT: F1=0.426  r8=0.77
[2026-04-26 18:36:43] 🏁 expVVV: F1=0.413  r8=0.92
[2026-04-26 18:38:43] 🏁 expOOO: F1=0.335  r8=0.77
[2026-04-26 18:38:43] 🏁 expPPP: F1=0.386  r8=0.69
[2026-04-26 18:38:43] 🏁 expQQQ: F1=0.340  r8=0.54
[2026-04-26 18:38:43] 🏁 expSSS: F1=0.364  r8=0.77
[2026-04-26 18:38:43] 🏁 expTTT: F1=0.426  r8=0.77
[2026-04-26 18:38:43] 🏁 expVVV: F1=0.413  r8=0.92
[2026-04-26 18:40:43] 🏁 expOOO: F1=0.335  r8=0.77
[2026-04-26 18:40:43] 🏁 expPPP: F1=0.386  r8=0.69
[2026-04-26 18:40:43] 🏁 expQQQ: F1=0.340  r8=0.54
[2026-04-26 18:40:43] 🏁 expSSS: F1=0.364  r8=0.77
[2026-04-26 18:40:43] 🏁 expTTT: F1=0.426  r8=0.77
[2026-04-26 18:40:43] 🏁 expVVV: F1=0.413  r8=0.92
[2026-04-26 18:42:43] 🏁 expOOO: F1=0.335  r8=0.77
[2026-04-26 18:42:43] 🏁 expPPP: F1=0.386  r8=0.69
[2026-04-26 18:42:43] 🏁 expQQQ: F1=0.340  r8=0.54
[2026-04-26 18:42:43] 🏁 expSSS: F1=0.364  r8=0.77
[2026-04-26 18:42:43] 🏁 expTTT: F1=0.426  r8=0.77
[2026-04-26 18:42:43] 🏁 expVVV: F1=0.413  r8=0.92
[2026-04-26 18:44:44] 🏁 expOOO: F1=0.335  r8=0.77
[2026-04-26 18:44:44] 🏁 expPPP: F1=0.386  r8=0.69
[2026-04-26 18:44:44] 🏁 expQQQ: F1=0.340  r8=0.54
[2026-04-26 18:44:44] 🏁 expSSS: F1=0.364  r8=0.77
[2026-04-26 18:44:44] 🏁 expTTT: F1=0.426  r8=0.77
[2026-04-26 18:44:44] 🏁 expVVV: F1=0.413  r8=0.92
[2026-04-26 18:46:44] 🏁 expOOO: F1=0.335  r8=0.77
[2026-04-26 18:46:44] 🏁 expPPP: F1=0.386  r8=0.69
[2026-04-26 18:46:44] 🏁 expQQQ: F1=0.340  r8=0.54
[2026-04-26 18:46:44] 🏁 expSSS: F1=0.364  r8=0.77
[2026-04-26 18:46:44] 🏁 expTTT: F1=0.426  r8=0.77
[2026-04-26 18:46:44] 🏁 expVVV: F1=0.413  r8=0.92
[2026-04-26 18:48:44] 🏁 expOOO: F1=0.335  r8=0.77
[2026-04-26 18:48:44] 🏁 expPPP: F1=0.386  r8=0.69
[2026-04-26 18:48:44] 🏁 expQQQ: F1=0.340  r8=0.54
[2026-04-26 18:48:44] 🏁 expSSS: F1=0.364  r8=0.77
[2026-04-26 18:48:44] 🏁 expTTT: F1=0.426  r8=0.77
[2026-04-26 18:48:44] 🏁 expVVV: F1=0.413  r8=0.92
[2026-04-26 18:50:44] 🏁 expOOO: F1=0.335  r8=0.77
[2026-04-26 18:50:44] 🏁 expPPP: F1=0.386  r8=0.69
[2026-04-26 18:50:44] 🏁 expQQQ: F1=0.340  r8=0.54
[2026-04-26 18:50:44] 🏁 expSSS: F1=0.364  r8=0.77
[2026-04-26 18:50:44] 🏁 expTTT: F1=0.426  r8=0.77
[2026-04-26 18:50:44] 🏁 expVVV: F1=0.413  r8=0.92
[2026-04-26 18:52:44] 🏁 expOOO: F1=0.335  r8=0.77
[2026-04-26 18:52:44] 🏁 expPPP: F1=0.386  r8=0.69
[2026-04-26 18:52:44] 🏁 expQQQ: F1=0.340  r8=0.54
[2026-04-26 18:52:44] 🏁 expSSS: F1=0.364  r8=0.77
[2026-04-26 18:52:44] 🏁 expTTT: F1=0.426  r8=0.77
[2026-04-26 18:52:44] 🏁 expVVV: F1=0.413  r8=0.92
[2026-04-26 18:54:44] 🏁 expOOO: F1=0.335  r8=0.77
[2026-04-26 18:54:44] 🏁 expPPP: F1=0.386  r8=0.69
[2026-04-26 18:54:44] 🏁 expQQQ: F1=0.340  r8=0.54
[2026-04-26 18:54:44] 🏁 expSSS: F1=0.364  r8=0.77
[2026-04-26 18:54:44] 🏁 expTTT: F1=0.426  r8=0.77
[2026-04-26 18:54:44] 🏁 expVVV: F1=0.413  r8=0.92
[2026-04-26 18:56:44] 🏁 expOOO: F1=0.335  r8=0.77
[2026-04-26 18:56:44] 🏁 expPPP: F1=0.386  r8=0.69
[2026-04-26 18:56:44] 🏁 expQQQ: F1=0.340  r8=0.54
[2026-04-26 18:56:44] 🏁 expSSS: F1=0.364  r8=0.77
[2026-04-26 18:56:44] 🏁 expTTT: F1=0.426  r8=0.77
[2026-04-26 18:56:44] 🏁 expVVV: F1=0.413  r8=0.92
[2026-04-26 18:58:44] 🏁 expOOO: F1=0.335  r8=0.77
[2026-04-26 18:58:44] 🏁 expPPP: F1=0.386  r8=0.69
[2026-04-26 18:58:44] 🏁 expQQQ: F1=0.340  r8=0.54
[2026-04-26 18:58:44] 🏁 expSSS: F1=0.364  r8=0.77
[2026-04-26 18:58:44] 🏁 expTTT: F1=0.426  r8=0.77
[2026-04-26 18:58:44] 🏁 expVVV: F1=0.413  r8=0.92
[2026-04-26 19:00:44] 🏁 expOOO: F1=0.335  r8=0.77
[2026-04-26 19:00:44] 🏁 expPPP: F1=0.386  r8=0.69
[2026-04-26 19:00:44] 🏁 expQQQ: F1=0.340  r8=0.54
[2026-04-26 19:00:44] 🏁 expSSS: F1=0.364  r8=0.77
[2026-04-26 19:00:44] 🏁 expTTT: F1=0.426  r8=0.77
[2026-04-26 19:00:44] 🏁 expVVV: F1=0.413  r8=0.92
[2026-04-26 19:02:45] 🏁 expNNN: F1=0.347  r8=0.85
[2026-04-26 19:02:45] 🏁 expOOO: F1=0.335  r8=0.77
[2026-04-26 19:02:45] 🏁 expPPP: F1=0.386  r8=0.69
[2026-04-26 19:02:45] 🏁 expQQQ: F1=0.340  r8=0.54
[2026-04-26 19:02:45] 🏁 expSSS: F1=0.364  r8=0.77
[2026-04-26 19:02:45] 🏁 expTTT: F1=0.426  r8=0.77
[2026-04-26 19:02:45] 🏁 expVVV: F1=0.413  r8=0.92
[2026-04-26 19:04:45] 🏁 expNNN: F1=0.356  r8=0.85
[2026-04-26 19:04:45] 🏁 expOOO: F1=0.335  r8=0.77
[2026-04-26 19:04:45] 🏁 expPPP: F1=0.386  r8=0.69
[2026-04-26 19:04:45] 🏁 expQQQ: F1=0.340  r8=0.54
[2026-04-26 19:04:45] 🏁 expSSS: F1=0.364  r8=0.77
[2026-04-26 19:04:45] 🏁 expTTT: F1=0.426  r8=0.77
[2026-04-26 19:04:45] 🏁 expVVV: F1=0.413  r8=0.92
[2026-04-26 19:06:45] 🏁 expNNN: F1=0.356  r8=0.85
[2026-04-26 19:06:45] 🏁 expOOO: F1=0.335  r8=0.77
[2026-04-26 19:06:45] 🏁 expPPP: F1=0.386  r8=0.69
[2026-04-26 19:06:45] 🏁 expQQQ: F1=0.340  r8=0.54
[2026-04-26 19:06:45] 🏁 expSSS: F1=0.364  r8=0.77
[2026-04-26 19:06:45] 🏁 expTTT: F1=0.426  r8=0.77
[2026-04-26 19:06:45] 🏁 expVVV: F1=0.413  r8=0.92
[2026-04-26 19:08:45] 🏁 expNNN: F1=0.356  r8=0.85
[2026-04-26 19:08:45] 🏁 expOOO: F1=0.335  r8=0.77
[2026-04-26 19:08:45] 🏁 expPPP: F1=0.386  r8=0.69
[2026-04-26 19:08:45] 🏁 expQQQ: F1=0.340  r8=0.54
[2026-04-26 19:08:45] 🏁 expSSS: F1=0.364  r8=0.77
[2026-04-26 19:08:45] 🏁 expTTT: F1=0.426  r8=0.77
[2026-04-26 19:08:45] 🏁 expVVV: F1=0.413  r8=0.92
[2026-04-26 19:10:45] 🏁 expNNN: F1=0.356  r8=0.85
[2026-04-26 19:10:45] 🏁 expOOO: F1=0.335  r8=0.77
[2026-04-26 19:10:45] 🏁 expPPP: F1=0.386  r8=0.69
[2026-04-26 19:10:45] 🏁 expQQQ: F1=0.340  r8=0.54
[2026-04-26 19:10:45] 🏁 expSSS: F1=0.364  r8=0.77
[2026-04-26 19:10:45] 🏁 expTTT: F1=0.426  r8=0.77
[2026-04-26 19:10:45] 🏁 expVVV: F1=0.413  r8=0.92
[2026-04-26 19:12:45] 🏁 expNNN: F1=0.356  r8=0.85
[2026-04-26 19:12:45] 🏁 expOOO: F1=0.335  r8=0.77
[2026-04-26 19:12:45] 🏁 expPPP: F1=0.386  r8=0.69
[2026-04-26 19:12:45] 🏁 expQQQ: F1=0.340  r8=0.54
[2026-04-26 19:12:45] 🏁 expSSS: F1=0.364  r8=0.77
[2026-04-26 19:12:45] 🏁 expTTT: F1=0.426  r8=0.77
[2026-04-26 19:12:45] 🏁 expVVV: F1=0.413  r8=0.92
[2026-04-26 19:14:45] 🏁 expNNN: F1=0.356  r8=0.85
[2026-04-26 19:14:45] 🏁 expOOO: F1=0.335  r8=0.77
[2026-04-26 19:14:45] 🏁 expPPP: F1=0.386  r8=0.69
[2026-04-26 19:14:45] 🏁 expQQQ: F1=0.340  r8=0.54
[2026-04-26 19:14:45] 🏁 expSSS: F1=0.364  r8=0.77
[2026-04-26 19:14:45] 🏁 expTTT: F1=0.426  r8=0.77
[2026-04-26 19:14:45] 🏁 expVVV: F1=0.413  r8=0.92
[2026-04-26 19:16:45] 🏁 expNNN: F1=0.356  r8=0.85
[2026-04-26 19:16:45] 🏁 expOOO: F1=0.335  r8=0.77
[2026-04-26 19:16:45] 🏁 expPPP: F1=0.386  r8=0.69
[2026-04-26 19:16:45] 🏁 expQQQ: F1=0.340  r8=0.54
[2026-04-26 19:16:45] 🏁 expSSS: F1=0.364  r8=0.77
[2026-04-26 19:16:45] 🏁 expTTT: F1=0.426  r8=0.77
[2026-04-26 19:16:46] 🏁 expVVV: F1=0.413  r8=0.92
[2026-04-26 19:18:46] 🏁 expNNN: F1=0.356  r8=0.85
[2026-04-26 19:18:46] 🏁 expOOO: F1=0.335  r8=0.77
[2026-04-26 19:18:46] 🏁 expPPP: F1=0.386  r8=0.69
[2026-04-26 19:18:46] 🏁 expQQQ: F1=0.340  r8=0.54
[2026-04-26 19:18:46] 🏁 expSSS: F1=0.364  r8=0.77
[2026-04-26 19:18:46] 🏁 expTTT: F1=0.426  r8=0.77
[2026-04-26 19:18:46] 🏁 expVVV: F1=0.413  r8=0.92
[2026-04-26 19:20:46] 🏁 expNNN: F1=0.356  r8=0.85
[2026-04-26 19:20:46] 🏁 expOOO: F1=0.335  r8=0.77
[2026-04-26 19:20:46] 🏁 expPPP: F1=0.386  r8=0.69
[2026-04-26 19:20:46] 🏁 expQQQ: F1=0.340  r8=0.54
[2026-04-26 19:20:46] 🏁 expSSS: F1=0.364  r8=0.77
[2026-04-26 19:20:46] 🏁 expTTT: F1=0.426  r8=0.77
[2026-04-26 19:20:46] 🏁 expVVV: F1=0.413  r8=0.92
[2026-04-26 19:22:46] 🏁 expNNN: F1=0.356  r8=0.85
[2026-04-26 19:22:46] 🏁 expOOO: F1=0.335  r8=0.77
[2026-04-26 19:22:46] 🏁 expPPP: F1=0.386  r8=0.69
[2026-04-26 19:22:46] 🏁 expQQQ: F1=0.340  r8=0.54
[2026-04-26 19:22:46] 🏁 expSSS: F1=0.364  r8=0.77
[2026-04-26 19:22:46] 🏁 expTTT: F1=0.426  r8=0.77
[2026-04-26 19:22:46] 🏁 expVVV: F1=0.413  r8=0.92
[2026-04-26 19:24:46] 🏁 expNNN: F1=0.356  r8=0.85
[2026-04-26 19:24:46] 🏁 expOOO: F1=0.335  r8=0.77
[2026-04-26 19:24:46] 🏁 expPPP: F1=0.386  r8=0.69
[2026-04-26 19:24:46] 🏁 expQQQ: F1=0.340  r8=0.54
[2026-04-26 19:24:46] 🏁 expSSS: F1=0.364  r8=0.77
[2026-04-26 19:24:46] 🏁 expTTT: F1=0.426  r8=0.77
[2026-04-26 19:24:46] 🏁 expVVV: F1=0.413  r8=0.92
[2026-04-26 19:26:46] 🏁 expNNN: F1=0.356  r8=0.85
[2026-04-26 19:26:46] 🏁 expOOO: F1=0.335  r8=0.77
[2026-04-26 19:26:46] 🏁 expPPP: F1=0.386  r8=0.69
[2026-04-26 19:26:46] 🏁 expQQQ: F1=0.340  r8=0.54
[2026-04-26 19:26:46] 🏁 expSSS: F1=0.364  r8=0.77
[2026-04-26 19:26:46] 🏁 expTTT: F1=0.426  r8=0.77
[2026-04-26 19:26:46] 🏁 expVVV: F1=0.413  r8=0.92
[2026-04-26 19:28:46] 🏁 expNNN: F1=0.356  r8=0.85
[2026-04-26 19:28:46] 🏁 expOOO: F1=0.335  r8=0.77
[2026-04-26 19:28:46] 🏁 expPPP: F1=0.386  r8=0.69
[2026-04-26 19:28:46] 🏁 expQQQ: F1=0.340  r8=0.54
[2026-04-26 19:28:46] 🏁 expSSS: F1=0.364  r8=0.77
[2026-04-26 19:28:46] 🏁 expTTT: F1=0.426  r8=0.77
[2026-04-26 19:28:46] 🏁 expVVV: F1=0.413  r8=0.92
[2026-04-26 19:30:46] 🏁 expNNN: F1=0.356  r8=0.85
[2026-04-26 19:30:46] 🏁 expOOO: F1=0.335  r8=0.77
[2026-04-26 19:30:46] 🏁 expPPP: F1=0.386  r8=0.69
[2026-04-26 19:30:46] 🏁 expQQQ: F1=0.340  r8=0.54
[2026-04-26 19:30:46] 🏁 expSSS: F1=0.364  r8=0.77
[2026-04-26 19:30:46] 🏁 expTTT: F1=0.426  r8=0.77
[2026-04-26 19:30:46] 🏁 expVVV: F1=0.413  r8=0.92
[2026-04-26 19:32:47] 🏁 expNNN: F1=0.356  r8=0.85
[2026-04-26 19:32:47] 🏁 expOOO: F1=0.335  r8=0.77
[2026-04-26 19:32:47] 🏁 expPPP: F1=0.386  r8=0.69
[2026-04-26 19:32:47] 🏁 expQQQ: F1=0.340  r8=0.54
[2026-04-26 19:32:47] 🏁 expSSS: F1=0.364  r8=0.77
[2026-04-26 19:32:47] 🏁 expTTT: F1=0.426  r8=0.77
[2026-04-26 19:32:47] 🏁 expVVV: F1=0.413  r8=0.92
[2026-04-26 19:34:47] 🏁 expNNN: F1=0.356  r8=0.85
[2026-04-26 19:34:47] 🏁 expOOO: F1=0.335  r8=0.77
[2026-04-26 19:34:47] 🏁 expPPP: F1=0.386  r8=0.69
[2026-04-26 19:34:47] 🏁 expQQQ: F1=0.340  r8=0.54
[2026-04-26 19:34:47] 🏁 expSSS: F1=0.364  r8=0.77
[2026-04-26 19:34:47] 🏁 expTTT: F1=0.426  r8=0.77
[2026-04-26 19:34:47] 🏁 expVVV: F1=0.413  r8=0.92
[2026-04-26 19:36:47] 🏁 expNNN: F1=0.356  r8=0.85
[2026-04-26 19:36:47] 🏁 expOOO: F1=0.335  r8=0.77
[2026-04-26 19:36:47] 🏁 expPPP: F1=0.386  r8=0.69
[2026-04-26 19:36:47] 🏁 expQQQ: F1=0.340  r8=0.54
[2026-04-26 19:36:47] 🏁 expSSS: F1=0.364  r8=0.77
[2026-04-26 19:36:47] 🏁 expTTT: F1=0.426  r8=0.77
[2026-04-26 19:36:47] 🏁 expVVV: F1=0.413  r8=0.92
[2026-04-26 19:38:47] 🏁 expNNN: F1=0.356  r8=0.85
[2026-04-26 19:38:47] 🏁 expOOO: F1=0.335  r8=0.77
[2026-04-26 19:38:47] 🏁 expPPP: F1=0.386  r8=0.69
[2026-04-26 19:38:47] 🏁 expQQQ: F1=0.340  r8=0.54
[2026-04-26 19:38:47] 🏁 expSSS: F1=0.364  r8=0.77
[2026-04-26 19:38:47] 🏁 expTTT: F1=0.426  r8=0.77
[2026-04-26 19:38:47] 🏁 expVVV: F1=0.413  r8=0.92
[2026-04-26 19:40:47] 🏁 expNNN: F1=0.356  r8=0.85
[2026-04-26 19:40:47] 🏁 expOOO: F1=0.335  r8=0.77
[2026-04-26 19:40:47] 🏁 expPPP: F1=0.386  r8=0.69
[2026-04-26 19:40:47] 🏁 expQQQ: F1=0.340  r8=0.54
[2026-04-26 19:40:47] 🏁 expSSS: F1=0.364  r8=0.77
[2026-04-26 19:40:47] 🏁 expTTT: F1=0.426  r8=0.77
[2026-04-26 19:40:47] 🏁 expVVV: F1=0.413  r8=0.92
[2026-04-26 19:42:47] 🏁 expNNN: F1=0.356  r8=0.85
[2026-04-26 19:42:47] 🏁 expOOO: F1=0.335  r8=0.77
[2026-04-26 19:42:47] 🏁 expPPP: F1=0.386  r8=0.69
[2026-04-26 19:42:47] 🏁 expQQQ: F1=0.340  r8=0.54
[2026-04-26 19:42:47] 🏁 expSSS: F1=0.364  r8=0.77
[2026-04-26 19:42:47] 🏁 expTTT: F1=0.426  r8=0.77
[2026-04-26 19:42:47] 🏁 expVVV: F1=0.413  r8=0.92
[2026-04-26 19:44:47] 🏁 expNNN: F1=0.356  r8=0.85
[2026-04-26 19:44:47] 🏁 expOOO: F1=0.335  r8=0.77
[2026-04-26 19:44:47] 🏁 expPPP: F1=0.386  r8=0.69
[2026-04-26 19:44:47] 🏁 expQQQ: F1=0.340  r8=0.54
[2026-04-26 19:44:47] 🏁 expSSS: F1=0.364  r8=0.77
[2026-04-26 19:44:47] 🏁 expTTT: F1=0.426  r8=0.77
[2026-04-26 19:44:47] 🏁 expVVV: F1=0.413  r8=0.92
[2026-04-26 19:46:47] 🏁 expNNN: F1=0.356  r8=0.85
[2026-04-26 19:46:47] 🏁 expOOO: F1=0.335  r8=0.77
[2026-04-26 19:46:47] 🏁 expPPP: F1=0.386  r8=0.69
[2026-04-26 19:46:47] 🏁 expQQQ: F1=0.340  r8=0.54
[2026-04-26 19:46:47] 🏁 expSSS: F1=0.364  r8=0.77
[2026-04-26 19:46:47] 🏁 expTTT: F1=0.426  r8=0.77
[2026-04-26 19:46:47] 🏁 expVVV: F1=0.413  r8=0.92
[2026-04-26 19:48:48] 🏁 expNNN: F1=0.356  r8=0.85
[2026-04-26 19:48:48] 🏁 expOOO: F1=0.335  r8=0.77
[2026-04-26 19:48:48] 🏁 expPPP: F1=0.386  r8=0.69
[2026-04-26 19:48:48] 🏁 expQQQ: F1=0.340  r8=0.54
[2026-04-26 19:48:48] 🏁 expSSS: F1=0.364  r8=0.77
[2026-04-26 19:48:48] 🏁 expTTT: F1=0.426  r8=0.77
[2026-04-26 19:48:48] 🏁 expVVV: F1=0.413  r8=0.92
[2026-04-26 19:50:48] 🏁 expNNN: F1=0.356  r8=0.85
[2026-04-26 19:50:48] 🏁 expOOO: F1=0.335  r8=0.77
[2026-04-26 19:50:48] 🏁 expPPP: F1=0.386  r8=0.69
[2026-04-26 19:50:48] 🏁 expQQQ: F1=0.340  r8=0.54
[2026-04-26 19:50:48] 🏁 expSSS: F1=0.364  r8=0.77
[2026-04-26 19:50:48] 🏁 expTTT: F1=0.426  r8=0.77
[2026-04-26 19:50:48] 🏁 expVVV: F1=0.413  r8=0.92
[2026-04-26 19:52:48] 🏁 expNNN: F1=0.356  r8=0.85
[2026-04-26 19:52:48] 🏁 expOOO: F1=0.335  r8=0.77
[2026-04-26 19:52:48] 🏁 expPPP: F1=0.386  r8=0.69
[2026-04-26 19:52:48] 🏁 expQQQ: F1=0.340  r8=0.54
[2026-04-26 19:52:48] 🏁 expSSS: F1=0.364  r8=0.77
[2026-04-26 19:52:48] 🏁 expTTT: F1=0.426  r8=0.77
[2026-04-26 19:52:48] 🏁 expVVV: F1=0.413  r8=0.92
[2026-04-26 19:54:48] 🏁 expNNN: F1=0.356  r8=0.85
[2026-04-26 19:54:48] 🏁 expOOO: F1=0.335  r8=0.77
[2026-04-26 19:54:48] 🏁 expPPP: F1=0.386  r8=0.69
[2026-04-26 19:54:48] 🏁 expQQQ: F1=0.340  r8=0.54
[2026-04-26 19:54:48] 🏁 expSSS: F1=0.364  r8=0.77
[2026-04-26 19:54:48] 🏁 expTTT: F1=0.426  r8=0.77
[2026-04-26 19:54:48] 🏁 expVVV: F1=0.413  r8=0.92
[2026-04-26 19:56:48] 🏁 expNNN: F1=0.356  r8=0.85
[2026-04-26 19:56:48] 🏁 expOOO: F1=0.335  r8=0.77
[2026-04-26 19:56:48] 🏁 expPPP: F1=0.386  r8=0.69
[2026-04-26 19:56:48] 🏁 expQQQ: F1=0.340  r8=0.54
[2026-04-26 19:56:48] 🏁 expSSS: F1=0.364  r8=0.77
[2026-04-26 19:56:48] 🏁 expTTT: F1=0.426  r8=0.77
[2026-04-26 19:56:48] 🏁 expVVV: F1=0.413  r8=0.92
[2026-04-26 19:58:48] 🏁 expNNN: F1=0.356  r8=0.85
[2026-04-26 19:58:48] 🏁 expOOO: F1=0.335  r8=0.77
[2026-04-26 19:58:48] 🏁 expPPP: F1=0.386  r8=0.69
[2026-04-26 19:58:48] 🏁 expQQQ: F1=0.340  r8=0.54
[2026-04-26 19:58:48] 🏁 expSSS: F1=0.364  r8=0.77
[2026-04-26 19:58:48] 🏁 expTTT: F1=0.426  r8=0.77
[2026-04-26 19:58:48] 🏁 expVVV: F1=0.413  r8=0.92
[2026-04-26 20:00:49] 🏁 expNNN: F1=0.356  r8=0.85
[2026-04-26 20:00:49] 🏁 expOOO: F1=0.335  r8=0.77
[2026-04-26 20:00:49] 🏁 expPPP: F1=0.386  r8=0.69
[2026-04-26 20:00:49] 🏁 expQQQ: F1=0.340  r8=0.54
[2026-04-26 20:00:49] 🏁 expSSS: F1=0.364  r8=0.77
[2026-04-26 20:00:49] 🏁 expTTT: F1=0.426  r8=0.77
[2026-04-26 20:00:49] 🏁 expVVV: F1=0.413  r8=0.92
[2026-04-26 20:02:49] 🏁 expNNN: F1=0.356  r8=0.85
[2026-04-26 20:02:49] 🏁 expOOO: F1=0.335  r8=0.77
[2026-04-26 20:02:49] 🏁 expPPP: F1=0.386  r8=0.69
[2026-04-26 20:02:49] 🏁 expQQQ: F1=0.340  r8=0.54
[2026-04-26 20:02:49] 🏁 expSSS: F1=0.364  r8=0.77
[2026-04-26 20:02:49] 🏁 expTTT: F1=0.426  r8=0.77
[2026-04-26 20:02:49] 🏁 expVVV: F1=0.413  r8=0.92
[2026-04-26 20:04:49] 🏁 expNNN: F1=0.356  r8=0.85
[2026-04-26 20:04:49] 🏁 expOOO: F1=0.335  r8=0.77
[2026-04-26 20:04:49] 🏁 expPPP: F1=0.386  r8=0.69
[2026-04-26 20:04:49] 🏁 expQQQ: F1=0.340  r8=0.54
[2026-04-26 20:04:49] 🏁 expSSS: F1=0.364  r8=0.77
[2026-04-26 20:04:49] 🏁 expTTT: F1=0.426  r8=0.77
[2026-04-26 20:04:49] 🏁 expVVV: F1=0.413  r8=0.92
[2026-04-26 20:06:49] 🏁 expNNN: F1=0.356  r8=0.85
[2026-04-26 20:06:49] 🏁 expOOO: F1=0.335  r8=0.77
[2026-04-26 20:06:49] 🏁 expPPP: F1=0.386  r8=0.69
[2026-04-26 20:06:49] 🏁 expQQQ: F1=0.340  r8=0.54
[2026-04-26 20:06:49] 🏁 expSSS: F1=0.364  r8=0.77
[2026-04-26 20:06:49] 🏁 expTTT: F1=0.426  r8=0.77
[2026-04-26 20:06:49] 🏁 expVVV: F1=0.413  r8=0.92
[2026-04-26 20:08:49] 🏁 expNNN: F1=0.356  r8=0.85
[2026-04-26 20:08:49] 🏁 expOOO: F1=0.335  r8=0.77
[2026-04-26 20:08:49] 🏁 expPPP: F1=0.386  r8=0.69
[2026-04-26 20:08:49] 🏁 expQQQ: F1=0.340  r8=0.54
[2026-04-26 20:08:49] 🏁 expSSS: F1=0.364  r8=0.77
[2026-04-26 20:08:49] 🏁 expTTT: F1=0.426  r8=0.77
[2026-04-26 20:08:49] 🏁 expVVV: F1=0.413  r8=0.92
[2026-04-26 20:10:49] 🏁 expNNN: F1=0.356  r8=0.85
[2026-04-26 20:10:49] 🏁 expOOO: F1=0.335  r8=0.77
[2026-04-26 20:10:49] 🏁 expPPP: F1=0.386  r8=0.69
[2026-04-26 20:10:49] 🏁 expQQQ: F1=0.340  r8=0.54
[2026-04-26 20:10:49] 🏁 expSSS: F1=0.364  r8=0.77
[2026-04-26 20:10:49] 🏁 expTTT: F1=0.426  r8=0.77
[2026-04-26 20:10:49] 🏁 expVVV: F1=0.413  r8=0.92
[2026-04-26 20:12:49] 🏁 expNNN: F1=0.356  r8=0.85
[2026-04-26 20:12:49] 🏁 expOOO: F1=0.335  r8=0.77
[2026-04-26 20:12:49] 🏁 expPPP: F1=0.386  r8=0.69
[2026-04-26 20:12:49] 🏁 expQQQ: F1=0.340  r8=0.54
[2026-04-26 20:12:49] 🏁 expSSS: F1=0.364  r8=0.77
[2026-04-26 20:12:49] 🏁 expTTT: F1=0.426  r8=0.77
[2026-04-26 20:12:49] 🏁 expVVV: F1=0.413  r8=0.92
[2026-04-26 20:14:49] 🏁 expNNN: F1=0.356  r8=0.85
[2026-04-26 20:14:49] 🏁 expOOO: F1=0.335  r8=0.77
[2026-04-26 20:14:49] 🏁 expPPP: F1=0.386  r8=0.69
[2026-04-26 20:14:49] 🏁 expQQQ: F1=0.340  r8=0.54
[2026-04-26 20:14:49] 🏁 expSSS: F1=0.364  r8=0.77
[2026-04-26 20:14:49] 🏁 expTTT: F1=0.426  r8=0.77
[2026-04-26 20:14:50] 🏁 expVVV: F1=0.413  r8=0.92
[2026-04-26 20:16:50] 🏁 expNNN: F1=0.356  r8=0.85
[2026-04-26 20:16:50] 🏁 expOOO: F1=0.335  r8=0.77
[2026-04-26 20:16:50] 🏁 expPPP: F1=0.386  r8=0.69
[2026-04-26 20:16:50] 🏁 expQQQ: F1=0.340  r8=0.54
[2026-04-26 20:16:50] 🏁 expSSS: F1=0.364  r8=0.77
[2026-04-26 20:16:50] 🏁 expTTT: F1=0.426  r8=0.77
[2026-04-26 20:16:50] 🏁 expVVV: F1=0.413  r8=0.92
[2026-04-26 20:18:50] 🏁 expNNN: F1=0.356  r8=0.85
[2026-04-26 20:18:50] 🏁 expOOO: F1=0.335  r8=0.77
[2026-04-26 20:18:50] 🏁 expPPP: F1=0.386  r8=0.69
[2026-04-26 20:18:50] 🏁 expQQQ: F1=0.340  r8=0.54
[2026-04-26 20:18:50] 🏁 expSSS: F1=0.364  r8=0.77
[2026-04-26 20:18:50] 🏁 expTTT: F1=0.426  r8=0.77
[2026-04-26 20:18:50] 🏁 expVVV: F1=0.413  r8=0.92
[2026-04-26 20:20:50] 🏁 expNNN: F1=0.356  r8=0.85
[2026-04-26 20:20:50] 🏁 expOOO: F1=0.335  r8=0.77
[2026-04-26 20:20:50] 🏁 expPPP: F1=0.386  r8=0.69
[2026-04-26 20:20:50] 🏁 expQQQ: F1=0.340  r8=0.54
[2026-04-26 20:20:50] 🏁 expSSS: F1=0.364  r8=0.77
[2026-04-26 20:20:50] 🏁 expTTT: F1=0.426  r8=0.77
[2026-04-26 20:20:50] 🏁 expVVV: F1=0.413  r8=0.92
[2026-04-26 20:22:50] 🏁 expNNN: F1=0.356  r8=0.85
[2026-04-26 20:22:50] 🏁 expOOO: F1=0.335  r8=0.77
[2026-04-26 20:22:50] 🏁 expPPP: F1=0.386  r8=0.69
[2026-04-26 20:22:50] 🏁 expQQQ: F1=0.340  r8=0.54
[2026-04-26 20:22:50] 🏁 expSSS: F1=0.364  r8=0.77
[2026-04-26 20:22:50] 🏁 expTTT: F1=0.426  r8=0.77
[2026-04-26 20:22:50] 🏁 expVVV: F1=0.413  r8=0.92
[2026-04-26 20:24:50] 🏁 expNNN: F1=0.356  r8=0.85
[2026-04-26 20:24:50] 🏁 expOOO: F1=0.335  r8=0.77
[2026-04-26 20:24:50] 🏁 expPPP: F1=0.386  r8=0.69
[2026-04-26 20:24:50] 🏁 expQQQ: F1=0.340  r8=0.54
[2026-04-26 20:24:50] 🏁 expSSS: F1=0.364  r8=0.77
[2026-04-26 20:24:50] 🏁 expTTT: F1=0.426  r8=0.77
[2026-04-26 20:24:50] 🏁 expVVV: F1=0.413  r8=0.92
[2026-04-26 20:26:50] 🏁 expNNN: F1=0.356  r8=0.85
[2026-04-26 20:26:50] 🏁 expOOO: F1=0.335  r8=0.77
[2026-04-26 20:26:50] 🏁 expPPP: F1=0.386  r8=0.69
[2026-04-26 20:26:50] 🏁 expQQQ: F1=0.340  r8=0.54
[2026-04-26 20:26:50] 🏁 expSSS: F1=0.364  r8=0.77
[2026-04-26 20:26:50] 🏁 expTTT: F1=0.426  r8=0.77
[2026-04-26 20:26:50] 🏁 expUUU: F1=0.391  r8=0.69
[2026-04-26 20:26:50] 🏁 expVVV: F1=0.413  r8=0.92
[2026-04-26 20:26:50] ✅ Batch 10 complete!
[2026-04-26 20:26:50] === Batch 10 Final Results ===
[2026-04-26 20:26:50]   expNNN: F1=0.356  cpk=1.00  r8=0.85
[2026-04-26 20:26:50]   expOOO: F1=0.335  cpk=1.00  r8=0.77
[2026-04-26 20:26:50]   expPPP: F1=0.386  cpk=1.00  r8=0.69
[2026-04-26 20:26:50]   expQQQ: F1=0.340  cpk=1.00  r8=0.54
[2026-04-26 20:26:50]   expSSS: F1=0.364  cpk=0.99  r8=0.77
[2026-04-26 20:26:50]   expTTT: F1=0.426  cpk=1.00  r8=0.77
[2026-04-26 20:26:50]   expUUU: F1=0.391  cpk=1.00  r8=0.69
[2026-04-26 20:26:50]   expVVV: F1=0.413  cpk=1.00  r8=0.92
[2026-04-26 20:26:50] Agent-Beta B10 planner exiting.
