[2026-04-25 21:22:23] Agent-Beta B11 Planner started. Waiting for B10 results...
[2026-04-25 21:22:23] Waiting... B10 missing=['expNNN', 'expOOO', 'expPPP', 'expQQQ', 'expSSS', 'expTTT', 'expUUU', 'expVVV']
[2026-04-25 21:22:23]   ⏳ expNNN: step ?
[2026-04-25 21:22:23]   ⏳ expOOO: step ?
[2026-04-25 21:22:23]   ⏳ expPPP: step ?
[2026-04-25 21:22:23]   ⏳ expQQQ: step ?
[2026-04-25 21:22:23]   ⏳ expSSS: step ?
[2026-04-25 21:22:23]   ⏳ expTTT: step ?
[2026-04-25 21:22:23]   ⏳ expUUU: step ?
[2026-04-25 21:22:23]   ⏳ expVVV: step ?
[2026-04-25 21:24:23] Waiting... B10 missing=['expNNN', 'expOOO', 'expPPP', 'expQQQ', 'expSSS', 'expTTT', 'expUUU', 'expVVV']
[2026-04-25 21:24:23]   ⏳ expNNN: step ?
[2026-04-25 21:24:23]   ⏳ expOOO: step ?
[2026-04-25 21:24:23]   ⏳ expPPP: step ?
[2026-04-25 21:24:23]   ⏳ expQQQ: step ?
[2026-04-25 21:24:23]   ⏳ expSSS: step ?
[2026-04-25 21:24:23]   ⏳ expTTT: step ?
[2026-04-25 21:24:23]   ⏳ expUUU: step ?
[2026-04-25 21:24:23]   ⏳ expVVV: step ?
[2026-04-25 21:26:23] Waiting... B10 missing=['expNNN', 'expOOO', 'expPPP', 'expQQQ', 'expSSS', 'expTTT', 'expUUU', 'expVVV']
[2026-04-25 21:26:23]   ⏳ expNNN: step ?
[2026-04-25 21:26:23]   ⏳ expOOO: step ?
[2026-04-25 21:26:23]   ⏳ expPPP: step ?
[2026-04-25 21:26:23]   ⏳ expQQQ: step ?
[2026-04-25 21:26:23]   ⏳ expSSS: step ?
[2026-04-25 21:26:23]   ⏳ expTTT: step ?
[2026-04-25 21:26:23]   ⏳ expUUU: step ?
[2026-04-25 21:26:23]   ⏳ expVVV: step ?
[2026-04-25 21:28:23] Waiting... B10 missing=['expNNN', 'expOOO', 'expPPP', 'expQQQ', 'expSSS', 'expTTT', 'expUUU', 'expVVV']
[2026-04-25 21:28:23]   ⏳ expNNN: step ?
[2026-04-25 21:28:23]   ⏳ expOOO: step ?
[2026-04-25 21:28:23]   ⏳ expPPP: step ?
[2026-04-25 21:28:23]   ⏳ expQQQ: step ?
[2026-04-25 21:28:23]   ⏳ expSSS: step ?
[2026-04-25 21:28:23]   ⏳ expTTT: step ?
[2026-04-25 21:28:23]   ⏳ expUUU: step ?
[2026-04-25 21:28:23]   ⏳ expVVV: step ?
[2026-04-25 21:30:23] Waiting... B10 missing=['expNNN', 'expOOO', 'expPPP', 'expQQQ', 'expSSS', 'expTTT', 'expUUU', 'expVVV']
[2026-04-25 21:30:23]   ⏳ expNNN: step ?
[2026-04-25 21:30:23]   ⏳ expOOO: step ?
[2026-04-25 21:30:23]   ⏳ expPPP: step ?
[2026-04-25 21:30:23]   ⏳ expQQQ: step ?
[2026-04-25 21:30:23]   ⏳ expSSS: step ?
[2026-04-25 21:30:23]   ⏳ expTTT: step ?
[2026-04-25 21:30:23]   ⏳ expUUU: step ?
[2026-04-25 21:30:23]   ⏳ expVVV: step ?
[2026-04-25 21:32:24] Waiting... B10 missing=['expNNN', 'expOOO', 'expPPP', 'expQQQ', 'expSSS', 'expTTT', 'expUUU', 'expVVV']
[2026-04-25 21:32:24]   ⏳ expNNN: step ?
[2026-04-25 21:32:24]   ⏳ expOOO: step ?
[2026-04-25 21:32:24]   ⏳ expPPP: step ?
[2026-04-25 21:32:24]   ⏳ expQQQ: step ?
[2026-04-25 21:32:24]   ⏳ expSSS: step ?
[2026-04-25 21:32:24]   ⏳ expTTT: step ?
[2026-04-25 21:32:24]   ⏳ expUUU: step ?
[2026-04-25 21:32:24]   ⏳ expVVV: step ?
[2026-04-25 21:34:24] Waiting... B10 missing=['expNNN', 'expOOO', 'expPPP', 'expQQQ', 'expSSS', 'expTTT', 'expUUU', 'expVVV']
[2026-04-25 21:34:24]   ⏳ expNNN: step ?
[2026-04-25 21:34:24]   ⏳ expOOO: step ?
[2026-04-25 21:34:24]   ⏳ expPPP: step ?
[2026-04-25 21:34:24]   ⏳ expQQQ: step ?
[2026-04-25 21:34:24]   ⏳ expSSS: step ?
[2026-04-25 21:34:24]   ⏳ expTTT: step ?
[2026-04-25 21:34:24]   ⏳ expUUU: step ?
[2026-04-25 21:34:24]   ⏳ expVVV: step ?
[2026-04-25 21:36:24] Waiting... B10 missing=['expNNN', 'expOOO', 'expPPP', 'expQQQ', 'expSSS', 'expTTT', 'expUUU', 'expVVV']
[2026-04-25 21:36:24]   ⏳ expNNN: step ?
[2026-04-25 21:36:24]   ⏳ expOOO: step ?
[2026-04-25 21:36:24]   ⏳ expPPP: step ?
[2026-04-25 21:36:24]   ⏳ expQQQ: step ?
[2026-04-25 21:36:24]   ⏳ expSSS: step ?
[2026-04-25 21:36:24]   ⏳ expTTT: step ?
[2026-04-25 21:36:24]   ⏳ expUUU: step ?
[2026-04-25 21:36:24]   ⏳ expVVV: step ?
[2026-04-25 21:38:24] Waiting... B10 missing=['expNNN', 'expOOO', 'expPPP', 'expQQQ', 'expSSS', 'expTTT', 'expUUU', 'expVVV']
[2026-04-25 21:38:24]   ⏳ expNNN: step ?
[2026-04-25 21:38:24]   ⏳ expOOO: step ?
[2026-04-25 21:38:24]   ⏳ expPPP: step ?
[2026-04-25 21:38:24]   ⏳ expQQQ: step ?
[2026-04-25 21:38:24]   ⏳ expSSS: step ?
[2026-04-25 21:38:24]   ⏳ expTTT: step ?
[2026-04-25 21:38:24]   ⏳ expUUU: step ?
[2026-04-25 21:38:24]   ⏳ expVVV: step ?
[2026-04-25 21:40:24] Waiting... B10 missing=['expNNN', 'expOOO', 'expPPP', 'expQQQ', 'expSSS', 'expTTT', 'expUUU', 'expVVV']
[2026-04-25 21:40:24]   ⏳ expNNN: step ?
[2026-04-25 21:40:24]   ⏳ expOOO: step ?
[2026-04-25 21:40:24]   ⏳ expPPP: step ?
[2026-04-25 21:40:24]   ⏳ expQQQ: step ?
[2026-04-25 21:40:24]   ⏳ expSSS: step ?
[2026-04-25 21:40:24]   ⏳ expTTT: step ?
[2026-04-25 21:40:24]   ⏳ expUUU: step ?
[2026-04-25 21:40:24]   ⏳ expVVV: step ?
[2026-04-25 21:42:24] Waiting... B10 missing=['expNNN', 'expOOO', 'expPPP', 'expQQQ', 'expSSS', 'expTTT', 'expUUU', 'expVVV']
[2026-04-25 21:42:24]   ⏳ expNNN: step ?
[2026-04-25 21:42:24]   ⏳ expOOO: step ?
[2026-04-25 21:42:24]   ⏳ expPPP: step ?
[2026-04-25 21:42:24]   ⏳ expQQQ: step ?
[2026-04-25 21:42:24]   ⏳ expSSS: step ?
[2026-04-25 21:42:24]   ⏳ expTTT: step ?
[2026-04-25 21:42:24]   ⏳ expUUU: step ?
[2026-04-25 21:42:24]   ⏳ expVVV: step ?
[2026-04-25 21:44:25] Waiting... B10 missing=['expNNN', 'expOOO', 'expPPP', 'expQQQ', 'expSSS', 'expTTT', 'expUUU', 'expVVV']
[2026-04-25 21:44:25]   ⏳ expNNN: step ?
[2026-04-25 21:44:25]   ⏳ expOOO: step ?
[2026-04-25 21:44:25]   ⏳ expPPP: step ?
[2026-04-25 21:44:25]   ⏳ expQQQ: step ?
[2026-04-25 21:44:25]   ⏳ expSSS: step ?
[2026-04-25 21:44:25]   ⏳ expTTT: step ?
[2026-04-25 21:44:25]   ⏳ expUUU: step ?
[2026-04-25 21:44:25]   ⏳ expVVV: step ?
[2026-04-25 21:46:25] Waiting... B10 missing=['expNNN', 'expOOO', 'expPPP', 'expQQQ', 'expSSS', 'expTTT', 'expUUU', 'expVVV']
[2026-04-25 21:46:25]   ⏳ expNNN: step ?
[2026-04-25 21:46:25]   ⏳ expOOO: step ?
[2026-04-25 21:46:25]   ⏳ expPPP: step ?
[2026-04-25 21:46:25]   ⏳ expQQQ: step ?
[2026-04-25 21:46:25]   ⏳ expSSS: step ?
[2026-04-25 21:46:25]   ⏳ expTTT: step ?
[2026-04-25 21:46:25]   ⏳ expUUU: step ?
[2026-04-25 21:46:25]   ⏳ expVVV: step ?
[2026-04-25 21:48:25] Waiting... B10 missing=['expNNN', 'expOOO', 'expPPP', 'expQQQ', 'expSSS', 'expTTT', 'expUUU', 'expVVV']
[2026-04-25 21:48:25]   ⏳ expNNN: step ?
[2026-04-25 21:48:25]   ⏳ expOOO: step ?
[2026-04-25 21:48:25]   ⏳ expPPP: step ?
[2026-04-25 21:48:25]   ⏳ expQQQ: step ?
[2026-04-25 21:48:25]   ⏳ expSSS: step ?
[2026-04-25 21:48:25]   ⏳ expTTT: step ?
[2026-04-25 21:48:25]   ⏳ expUUU: step ?
[2026-04-25 21:48:25]   ⏳ expVVV: step ?
[2026-04-25 21:50:25] Waiting... B10 missing=['expNNN', 'expOOO', 'expPPP', 'expQQQ', 'expSSS', 'expTTT', 'expUUU', 'expVVV']
[2026-04-25 21:50:25]   ⏳ expNNN: step ?
[2026-04-25 21:50:25]   ⏳ expOOO: step ?
[2026-04-25 21:50:25]   ⏳ expPPP: step ?
[2026-04-25 21:50:25]   ⏳ expQQQ: step ?
[2026-04-25 21:50:25]   ⏳ expSSS: step ?
[2026-04-25 21:50:25]   ⏳ expTTT: step ?
[2026-04-25 21:50:25]   ⏳ expUUU: step ?
[2026-04-25 21:50:25]   ⏳ expVVV: step ?
[2026-04-25 21:52:25] Waiting... B10 missing=['expNNN', 'expOOO', 'expPPP', 'expQQQ', 'expSSS', 'expTTT', 'expUUU', 'expVVV']
[2026-04-25 21:52:25]   ⏳ expNNN: step ?
[2026-04-25 21:52:25]   ⏳ expOOO: step ?
[2026-04-25 21:52:25]   ⏳ expPPP: step ?
[2026-04-25 21:52:25]   ⏳ expQQQ: step ?
[2026-04-25 21:52:25]   ⏳ expSSS: step ?
[2026-04-25 21:52:25]   ⏳ expTTT: step ?
[2026-04-25 21:52:25]   ⏳ expUUU: step ?
[2026-04-25 21:52:25]   ⏳ expVVV: step ?
[2026-04-25 21:54:25] Waiting... B10 missing=['expNNN', 'expOOO', 'expPPP', 'expQQQ', 'expSSS', 'expTTT', 'expUUU', 'expVVV']
[2026-04-25 21:54:25]   ⏳ expNNN: step ?
[2026-04-25 21:54:25]   ⏳ expOOO: step ?
[2026-04-25 21:54:25]   ⏳ expPPP: step ?
[2026-04-25 21:54:25]   ⏳ expQQQ: step ?
[2026-04-25 21:54:25]   ⏳ expSSS: step ?
[2026-04-25 21:54:25]   ⏳ expTTT: step ?
[2026-04-25 21:54:26]   ⏳ expUUU: step ?
[2026-04-25 21:54:26]   ⏳ expVVV: step ?
[2026-04-25 21:56:26] Waiting... B10 missing=['expNNN', 'expOOO', 'expPPP', 'expQQQ', 'expSSS', 'expTTT', 'expUUU', 'expVVV']
[2026-04-25 21:56:26]   ⏳ expNNN: step ?
[2026-04-25 21:56:26]   ⏳ expOOO: step ?
[2026-04-25 21:56:26]   ⏳ expPPP: step ?
[2026-04-25 21:56:26]   ⏳ expQQQ: step ?
[2026-04-25 21:56:26]   ⏳ expSSS: step ?
[2026-04-25 21:56:26]   ⏳ expTTT: step ?
[2026-04-25 21:56:26]   ⏳ expUUU: step ?
[2026-04-25 21:56:26]   ⏳ expVVV: step ?
[2026-04-25 21:58:26] Waiting... B10 missing=['expNNN', 'expOOO', 'expPPP', 'expQQQ', 'expSSS', 'expTTT', 'expUUU', 'expVVV']
[2026-04-25 21:58:26]   ⏳ expNNN: step ?
[2026-04-25 21:58:26]   ⏳ expOOO: step ?
[2026-04-25 21:58:26]   ⏳ expPPP: step ?
[2026-04-25 21:58:26]   ⏳ expQQQ: step ?
[2026-04-25 21:58:26]   ⏳ expSSS: step ?
[2026-04-25 21:58:26]   ⏳ expTTT: step ?
[2026-04-25 21:58:26]   ⏳ expUUU: step ?
[2026-04-25 21:58:26]   ⏳ expVVV: step ?
[2026-04-25 22:00:26] Waiting... B10 missing=['expNNN', 'expOOO', 'expPPP', 'expQQQ', 'expSSS', 'expTTT', 'expUUU', 'expVVV']
[2026-04-25 22:00:26]   ⏳ expNNN: step ?
[2026-04-25 22:00:26]   ⏳ expOOO: step ?
[2026-04-25 22:00:26]   ⏳ expPPP: step ?
[2026-04-25 22:00:26]   ⏳ expQQQ: step ?
[2026-04-25 22:00:26]   ⏳ expSSS: step ?
[2026-04-25 22:00:26]   ⏳ expTTT: step ?
[2026-04-25 22:00:26]   ⏳ expUUU: step ?
[2026-04-25 22:00:26]   ⏳ expVVV: step ?
[2026-04-25 22:02:26] Waiting... B10 missing=['expNNN', 'expOOO', 'expPPP', 'expQQQ', 'expSSS', 'expTTT', 'expUUU', 'expVVV']
[2026-04-25 22:02:26]   ⏳ expNNN: step ?
[2026-04-25 22:02:26]   ⏳ expOOO: step ?
[2026-04-25 22:02:26]   ⏳ expPPP: step ?
[2026-04-25 22:02:26]   ⏳ expQQQ: step ?
[2026-04-25 22:02:26]   ⏳ expSSS: step ?
[2026-04-25 22:02:26]   ⏳ expTTT: step ?
[2026-04-25 22:02:26]   ⏳ expUUU: step ?
[2026-04-25 22:02:26]   ⏳ expVVV: step ?
[2026-04-25 22:04:26] Waiting... B10 missing=['expNNN', 'expOOO', 'expPPP', 'expQQQ', 'expSSS', 'expTTT', 'expUUU', 'expVVV']
[2026-04-25 22:04:26]   ⏳ expNNN: step ?
[2026-04-25 22:04:26]   ⏳ expOOO: step ?
[2026-04-25 22:04:26]   ⏳ expPPP: step ?
[2026-04-25 22:04:26]   ⏳ expQQQ: step ?
[2026-04-25 22:04:26]   ⏳ expSSS: step ?
[2026-04-25 22:04:26]   ⏳ expTTT: step ?
[2026-04-25 22:04:26]   ⏳ expUUU: step ?
[2026-04-25 22:04:26]   ⏳ expVVV: step ?
[2026-04-25 22:06:27] Waiting... B10 missing=['expNNN', 'expOOO', 'expPPP', 'expQQQ', 'expSSS', 'expTTT', 'expUUU', 'expVVV']
[2026-04-25 22:06:27]   ⏳ expNNN: step ?
[2026-04-25 22:06:27]   ⏳ expOOO: step ?
[2026-04-25 22:06:27]   ⏳ expPPP: step ?
[2026-04-25 22:06:27]   ⏳ expQQQ: step ?
[2026-04-25 22:06:27]   ⏳ expSSS: step ?
[2026-04-25 22:06:27]   ⏳ expTTT: step ?
[2026-04-25 22:06:27]   ⏳ expUUU: step ?
[2026-04-25 22:06:27]   ⏳ expVVV: step ?
[2026-04-25 22:08:27] Waiting... B10 missing=['expNNN', 'expOOO', 'expPPP', 'expQQQ', 'expSSS', 'expTTT', 'expUUU', 'expVVV']
[2026-04-25 22:08:27]   ⏳ expNNN: step ?
[2026-04-25 22:08:27]   ⏳ expOOO: step ?
[2026-04-25 22:08:27]   ⏳ expPPP: step ?
[2026-04-25 22:08:27]   ⏳ expQQQ: step ?
[2026-04-25 22:08:27]   ⏳ expSSS: step ?
[2026-04-25 22:08:27]   ⏳ expTTT: step ?
[2026-04-25 22:08:27]   ⏳ expUUU: step ?
[2026-04-25 22:08:27]   ⏳ expVVV: step ?
[2026-04-25 22:10:27] Waiting... B10 missing=['expNNN', 'expOOO', 'expPPP', 'expQQQ', 'expSSS', 'expTTT', 'expUUU', 'expVVV']
[2026-04-25 22:10:27]   ⏳ expNNN: step ?
[2026-04-25 22:10:27]   ⏳ expOOO: step ?
[2026-04-25 22:10:27]   ⏳ expPPP: step ?
[2026-04-25 22:10:27]   ⏳ expQQQ: step ?
[2026-04-25 22:10:27]   ⏳ expSSS: step ?
[2026-04-25 22:10:27]   ⏳ expTTT: step ?
[2026-04-25 22:10:27]   ⏳ expUUU: step ?
[2026-04-25 22:10:27]   ⏳ expVVV: step ?
[2026-04-25 22:12:27] Waiting... B10 missing=['expNNN', 'expOOO', 'expPPP', 'expQQQ', 'expSSS', 'expTTT', 'expUUU', 'expVVV']
[2026-04-25 22:12:27]   ⏳ expNNN: step ?
[2026-04-25 22:12:27]   ⏳ expOOO: step ?
[2026-04-25 22:12:27]   ⏳ expPPP: step ?
[2026-04-25 22:12:27]   ⏳ expQQQ: step ?
[2026-04-25 22:12:27]   ⏳ expSSS: step ?
[2026-04-25 22:12:27]   ⏳ expTTT: step ?
[2026-04-25 22:12:27]   ⏳ expUUU: step ?
[2026-04-25 22:12:27]   ⏳ expVVV: step ?
[2026-04-25 22:14:27] Waiting... B10 missing=['expNNN', 'expOOO', 'expPPP', 'expQQQ', 'expSSS', 'expTTT', 'expUUU', 'expVVV']
[2026-04-25 22:14:27]   ⏳ expNNN: step ?
[2026-04-25 22:14:27]   ⏳ expOOO: step ?
[2026-04-25 22:14:27]   ⏳ expPPP: step ?
[2026-04-25 22:14:27]   ⏳ expQQQ: step ?
[2026-04-25 22:14:27]   ⏳ expSSS: step ?
[2026-04-25 22:14:27]   ⏳ expTTT: step ?
[2026-04-25 22:14:27]   ⏳ expUUU: step ?
[2026-04-25 22:14:27]   ⏳ expVVV: step ?
[2026-04-25 22:16:27] Waiting... B10 missing=['expNNN', 'expOOO', 'expPPP', 'expQQQ', 'expSSS', 'expTTT', 'expUUU', 'expVVV']
[2026-04-25 22:16:27]   ⏳ expNNN: step ?
[2026-04-25 22:16:27]   ⏳ expOOO: step ?
[2026-04-25 22:16:27]   ⏳ expPPP: step ?
[2026-04-25 22:16:27]   ⏳ expQQQ: step ?
[2026-04-25 22:16:27]   ⏳ expSSS: step ?
[2026-04-25 22:16:27]   ⏳ expTTT: step ?
[2026-04-25 22:16:27]   ⏳ expUUU: step ?
[2026-04-25 22:16:27]   ⏳ expVVV: step ?
[2026-04-25 22:18:28] Waiting... B10 missing=['expNNN', 'expOOO', 'expPPP', 'expQQQ', 'expSSS', 'expTTT', 'expUUU', 'expVVV']
[2026-04-25 22:18:28]   ⏳ expNNN: step ?
[2026-04-25 22:18:28]   ⏳ expOOO: step ?
[2026-04-25 22:18:28]   ⏳ expPPP: step ?
[2026-04-25 22:18:28]   ⏳ expQQQ: step ?
[2026-04-25 22:18:28]   ⏳ expSSS: step ?
[2026-04-25 22:18:28]   ⏳ expTTT: step ?
[2026-04-25 22:18:28]   ⏳ expUUU: step ?
[2026-04-25 22:18:28]   ⏳ expVVV: step ?
[2026-04-25 22:20:28] Waiting... B10 missing=['expNNN', 'expOOO', 'expPPP', 'expQQQ', 'expSSS', 'expTTT', 'expUUU', 'expVVV']
[2026-04-25 22:20:28]   ⏳ expNNN: step ?
[2026-04-25 22:20:28]   ⏳ expOOO: step ?
[2026-04-25 22:20:28]   ⏳ expPPP: step ?
[2026-04-25 22:20:28]   ⏳ expQQQ: step ?
[2026-04-25 22:20:28]   ⏳ expSSS: step ?
[2026-04-25 22:20:28]   ⏳ expTTT: step ?
[2026-04-25 22:20:28]   ⏳ expUUU: step ?
[2026-04-25 22:20:28]   ⏳ expVVV: step ?
[2026-04-25 22:22:28] Waiting... B10 missing=['expNNN', 'expOOO', 'expPPP', 'expQQQ', 'expSSS', 'expTTT', 'expUUU', 'expVVV']
[2026-04-25 22:22:28]   ⏳ expNNN: step ?
[2026-04-25 22:22:28]   ⏳ expOOO: step ?
[2026-04-25 22:22:28]   ⏳ expPPP: step ?
[2026-04-25 22:22:28]   ⏳ expQQQ: step ?
[2026-04-25 22:22:28]   ⏳ expSSS: step ?
[2026-04-25 22:22:28]   ⏳ expTTT: step ?
[2026-04-25 22:22:28]   ⏳ expUUU: step ?
[2026-04-25 22:22:28]   ⏳ expVVV: step ?
[2026-04-25 22:24:28] Waiting... B10 missing=['expNNN', 'expOOO', 'expPPP', 'expQQQ', 'expSSS', 'expTTT', 'expUUU', 'expVVV']
[2026-04-25 22:24:28]   ⏳ expNNN: step ?
[2026-04-25 22:24:28]   ⏳ expOOO: step ?
[2026-04-25 22:24:28]   ⏳ expPPP: step ?
[2026-04-25 22:24:28]   ⏳ expQQQ: step ?
[2026-04-25 22:24:28]   ⏳ expSSS: step ?
[2026-04-25 22:24:28]   ⏳ expTTT: step ?
[2026-04-25 22:24:28]   ⏳ expUUU: step ?
[2026-04-25 22:24:28]   ⏳ expVVV: step ?
[2026-04-25 22:26:28] Waiting... B10 missing=['expNNN', 'expOOO', 'expPPP', 'expQQQ', 'expSSS', 'expTTT', 'expUUU', 'expVVV']
[2026-04-25 22:26:28]   ⏳ expNNN: step ?
[2026-04-25 22:26:28]   ⏳ expOOO: step ?
[2026-04-25 22:26:28]   ⏳ expPPP: step ?
[2026-04-25 22:26:28]   ⏳ expQQQ: step ?
[2026-04-25 22:26:28]   ⏳ expSSS: step ?
[2026-04-25 22:26:28]   ⏳ expTTT: step ?
[2026-04-25 22:26:28]   ⏳ expUUU: step ?
[2026-04-25 22:26:28]   ⏳ expVVV: step ?
[2026-04-25 22:28:29] Waiting... B10 missing=['expNNN', 'expOOO', 'expPPP', 'expQQQ', 'expSSS', 'expTTT', 'expUUU', 'expVVV']
[2026-04-25 22:28:29]   ⏳ expNNN: step ?
[2026-04-25 22:28:29]   ⏳ expOOO: step ?
[2026-04-25 22:28:29]   ⏳ expPPP: step ?
[2026-04-25 22:28:29]   ⏳ expQQQ: step ?
[2026-04-25 22:28:29]   ⏳ expSSS: step ?
[2026-04-25 22:28:29]   ⏳ expTTT: step ?
[2026-04-25 22:28:29]   ⏳ expUUU: step ?
[2026-04-25 22:28:29]   ⏳ expVVV: step ?
[2026-04-25 22:30:29] Waiting... B10 missing=['expNNN', 'expOOO', 'expPPP', 'expQQQ', 'expSSS', 'expTTT', 'expUUU', 'expVVV']
[2026-04-25 22:30:29]   ⏳ expNNN: step ?
[2026-04-25 22:30:29]   ⏳ expOOO: step ?
[2026-04-25 22:30:29]   ⏳ expPPP: step ?
[2026-04-25 22:30:29]   ⏳ expQQQ: step ?
[2026-04-25 22:30:29]   ⏳ expSSS: step ?
[2026-04-25 22:30:29]   ⏳ expTTT: step ?
[2026-04-25 22:30:29]   ⏳ expUUU: step ?
[2026-04-25 22:30:29]   ⏳ expVVV: step ?
[2026-04-25 22:32:29] Waiting... B10 missing=['expNNN', 'expOOO', 'expPPP', 'expQQQ', 'expSSS', 'expTTT', 'expUUU', 'expVVV']
[2026-04-25 22:32:29]   ⏳ expNNN: step ?
[2026-04-25 22:32:29]   ⏳ expOOO: step ?
[2026-04-25 22:32:29]   ⏳ expPPP: step ?
[2026-04-25 22:32:29]   ⏳ expQQQ: step ?
[2026-04-25 22:32:29]   ⏳ expSSS: step ?
[2026-04-25 22:32:29]   ⏳ expTTT: step ?
[2026-04-25 22:32:29]   ⏳ expUUU: step ?
[2026-04-25 22:32:29]   ⏳ expVVV: step ?
[2026-04-25 22:34:29] Waiting... B10 missing=['expNNN', 'expOOO', 'expPPP', 'expQQQ', 'expSSS', 'expTTT', 'expUUU', 'expVVV']
[2026-04-25 22:34:29]   ⏳ expNNN: step ?
[2026-04-25 22:34:29]   ⏳ expOOO: step ?
[2026-04-25 22:34:29]   ⏳ expPPP: step ?
[2026-04-25 22:34:29]   ⏳ expQQQ: step ?
[2026-04-25 22:34:29]   ⏳ expSSS: step ?
[2026-04-25 22:34:29]   ⏳ expTTT: step ?
[2026-04-25 22:34:29]   ⏳ expUUU: step ?
[2026-04-25 22:34:29]   ⏳ expVVV: step ?
[2026-04-25 22:36:29] Waiting... B10 missing=['expNNN', 'expOOO', 'expPPP', 'expQQQ', 'expSSS', 'expTTT', 'expUUU', 'expVVV']
[2026-04-25 22:36:29]   ⏳ expNNN: step ?
[2026-04-25 22:36:29]   ⏳ expOOO: step ?
[2026-04-25 22:36:29]   ⏳ expPPP: step ?
[2026-04-25 22:36:29]   ⏳ expQQQ: step ?
[2026-04-25 22:36:29]   ⏳ expSSS: step ?
[2026-04-25 22:36:29]   ⏳ expTTT: step ?
[2026-04-25 22:36:29]   ⏳ expUUU: step ?
[2026-04-25 22:36:29]   ⏳ expVVV: step ?
[2026-04-25 22:38:29] Waiting... B10 missing=['expNNN', 'expOOO', 'expPPP', 'expQQQ', 'expSSS', 'expTTT', 'expUUU', 'expVVV']
[2026-04-25 22:38:29]   ⏳ expNNN: step ?
[2026-04-25 22:38:29]   ⏳ expOOO: step ?
[2026-04-25 22:38:29]   ⏳ expPPP: step ?
[2026-04-25 22:38:29]   ⏳ expQQQ: step ?
[2026-04-25 22:38:29]   ⏳ expSSS: step ?
[2026-04-25 22:38:29]   ⏳ expTTT: step ?
[2026-04-25 22:38:29]   ⏳ expUUU: step ?
[2026-04-25 22:38:29]   ⏳ expVVV: step ?
[2026-04-25 22:40:30] Waiting... B10 missing=['expNNN', 'expOOO', 'expPPP', 'expQQQ', 'expSSS', 'expTTT', 'expUUU', 'expVVV']
[2026-04-25 22:40:30]   ⏳ expNNN: step ?
[2026-04-25 22:40:30]   ⏳ expOOO: step ?
[2026-04-25 22:40:30]   ⏳ expPPP: step ?
[2026-04-25 22:40:30]   ⏳ expQQQ: step ?
[2026-04-25 22:40:30]   ⏳ expSSS: step ?
[2026-04-25 22:40:30]   ⏳ expTTT: step ?
[2026-04-25 22:40:30]   ⏳ expUUU: step ?
[2026-04-25 22:40:30]   ⏳ expVVV: step ?
[2026-04-25 22:42:30] Waiting... B10 missing=['expNNN', 'expOOO', 'expPPP', 'expQQQ', 'expSSS', 'expTTT', 'expUUU', 'expVVV']
[2026-04-25 22:42:30]   ⏳ expNNN: step ?
[2026-04-25 22:42:30]   ⏳ expOOO: step ?
[2026-04-25 22:42:30]   ⏳ expPPP: step ?
[2026-04-25 22:42:30]   ⏳ expQQQ: step ?
[2026-04-25 22:42:30]   ⏳ expSSS: step ?
[2026-04-25 22:42:30]   ⏳ expTTT: step ?
[2026-04-25 22:42:30]   ⏳ expUUU: step ?
[2026-04-25 22:42:30]   ⏳ expVVV: step ?
[2026-04-25 22:44:30] Waiting... B10 missing=['expNNN', 'expOOO', 'expPPP', 'expQQQ', 'expSSS', 'expTTT', 'expUUU', 'expVVV']
[2026-04-25 22:44:30]   ⏳ expNNN: step ?
[2026-04-25 22:44:30]   ⏳ expOOO: step ?
[2026-04-25 22:44:30]   ⏳ expPPP: step ?
[2026-04-25 22:44:30]   ⏳ expQQQ: step ?
[2026-04-25 22:44:30]   ⏳ expSSS: step ?
[2026-04-25 22:44:30]   ⏳ expTTT: step ?
[2026-04-25 22:44:30]   ⏳ expUUU: step ?
[2026-04-25 22:44:30]   ⏳ expVVV: step ?
[2026-04-25 22:46:30] Waiting... B10 missing=['expNNN', 'expOOO', 'expPPP', 'expQQQ', 'expSSS', 'expTTT', 'expUUU', 'expVVV']
[2026-04-25 22:46:30]   ⏳ expNNN: step ?
[2026-04-25 22:46:30]   ⏳ expOOO: step ?
[2026-04-25 22:46:30]   ⏳ expPPP: step ?
[2026-04-25 22:46:30]   ⏳ expQQQ: step ?
[2026-04-25 22:46:30]   ⏳ expSSS: step ?
[2026-04-25 22:46:30]   ⏳ expTTT: step ?
[2026-04-25 22:46:30]   ⏳ expUUU: step ?
[2026-04-25 22:46:30]   ⏳ expVVV: step ?
[2026-04-25 22:48:30] Waiting... B10 missing=['expNNN', 'expOOO', 'expPPP', 'expQQQ', 'expSSS', 'expTTT', 'expUUU', 'expVVV']
[2026-04-25 22:48:30]   ⏳ expNNN: step ?
[2026-04-25 22:48:30]   ⏳ expOOO: step ?
[2026-04-25 22:48:30]   ⏳ expPPP: step ?
[2026-04-25 22:48:30]   ⏳ expQQQ: step ?
[2026-04-25 22:48:30]   ⏳ expSSS: step ?
[2026-04-25 22:48:30]   ⏳ expTTT: step ?
[2026-04-25 22:48:30]   ⏳ expUUU: step ?
[2026-04-25 22:48:30]   ⏳ expVVV: step ?
[2026-04-25 22:50:31] Waiting... B10 missing=['expNNN', 'expOOO', 'expPPP', 'expQQQ', 'expSSS', 'expTTT', 'expUUU', 'expVVV']
[2026-04-25 22:50:31]   ⏳ expNNN: step ?
[2026-04-25 22:50:31]   ⏳ expOOO: step ?
[2026-04-25 22:50:31]   ⏳ expPPP: step ?
[2026-04-25 22:50:31]   ⏳ expQQQ: step ?
[2026-04-25 22:50:31]   ⏳ expSSS: step ?
[2026-04-25 22:50:31]   ⏳ expTTT: step ?
[2026-04-25 22:50:31]   ⏳ expUUU: step ?
[2026-04-25 22:50:31]   ⏳ expVVV: step ?
[2026-04-25 22:52:31] Waiting... B10 missing=['expNNN', 'expOOO', 'expPPP', 'expQQQ', 'expSSS', 'expTTT', 'expUUU', 'expVVV']
[2026-04-25 22:52:31]   ⏳ expNNN: step ?
[2026-04-25 22:52:31]   ⏳ expOOO: step ?
[2026-04-25 22:52:31]   ⏳ expPPP: step ?
[2026-04-25 22:52:31]   ⏳ expQQQ: step ?
[2026-04-25 22:52:31]   ⏳ expSSS: step ?
[2026-04-25 22:52:31]   ⏳ expTTT: step ?
[2026-04-25 22:52:31]   ⏳ expUUU: step ?
[2026-04-25 22:52:31]   ⏳ expVVV: step ?
[2026-04-25 22:54:31] Waiting... B10 missing=['expNNN', 'expOOO', 'expPPP', 'expQQQ', 'expSSS', 'expTTT', 'expUUU', 'expVVV']
[2026-04-25 22:54:31]   ⏳ expNNN: step ?
[2026-04-25 22:54:31]   ⏳ expOOO: step ?
[2026-04-25 22:54:31]   ⏳ expPPP: step ?
[2026-04-25 22:54:31]   ⏳ expQQQ: step ?
[2026-04-25 22:54:31]   ⏳ expSSS: step ?
[2026-04-25 22:54:31]   ⏳ expTTT: step ?
[2026-04-25 22:54:31]   ⏳ expUUU: step ?
[2026-04-25 22:54:31]   ⏳ expVVV: step ?
[2026-04-25 22:56:31] Waiting... B10 missing=['expNNN', 'expOOO', 'expPPP', 'expQQQ', 'expSSS', 'expTTT', 'expUUU', 'expVVV']
[2026-04-25 22:56:31]   ⏳ expNNN: step ?
[2026-04-25 22:56:31]   ⏳ expOOO: step ?
[2026-04-25 22:56:31]   ⏳ expPPP: step ?
[2026-04-25 22:56:31]   ⏳ expQQQ: step ?
[2026-04-25 22:56:31]   ⏳ expSSS: step ?
[2026-04-25 22:56:31]   ⏳ expTTT: step ?
[2026-04-25 22:56:31]   ⏳ expUUU: step ?
[2026-04-25 22:56:31]   ⏳ expVVV: step ?
[2026-04-25 22:58:31] Waiting... B10 missing=['expNNN', 'expOOO', 'expPPP', 'expQQQ', 'expSSS', 'expTTT', 'expUUU', 'expVVV']
[2026-04-25 22:58:31]   ⏳ expNNN: step ?
[2026-04-25 22:58:31]   ⏳ expOOO: step ?
[2026-04-25 22:58:31]   ⏳ expPPP: step ?
[2026-04-25 22:58:31]   ⏳ expQQQ: step ?
[2026-04-25 22:58:31]   ⏳ expSSS: step ?
[2026-04-25 22:58:31]   ⏳ expTTT: step ?
[2026-04-25 22:58:31]   ⏳ expUUU: step ?
[2026-04-25 22:58:31]   ⏳ expVVV: step ?
[2026-04-25 23:00:31] Waiting... B10 missing=['expNNN', 'expOOO', 'expPPP', 'expQQQ', 'expSSS', 'expTTT', 'expUUU', 'expVVV']
[2026-04-25 23:00:31]   ⏳ expNNN: step ?
[2026-04-25 23:00:31]   ⏳ expOOO: step ?
[2026-04-25 23:00:31]   ⏳ expPPP: step ?
[2026-04-25 23:00:31]   ⏳ expQQQ: step ?
[2026-04-25 23:00:31]   ⏳ expSSS: step ?
[2026-04-25 23:00:31]   ⏳ expTTT: step ?
[2026-04-25 23:00:31]   ⏳ expUUU: step ?
[2026-04-25 23:00:31]   ⏳ expVVV: step ?
[2026-04-25 23:02:32] Waiting... B10 missing=['expNNN', 'expOOO', 'expPPP', 'expQQQ', 'expSSS', 'expTTT', 'expUUU', 'expVVV']
[2026-04-25 23:02:32]   ⏳ expNNN: step ?
[2026-04-25 23:02:32]   ⏳ expOOO: step ?
[2026-04-25 23:02:32]   ⏳ expPPP: step ?
[2026-04-25 23:02:32]   ⏳ expQQQ: step ?
[2026-04-25 23:02:32]   ⏳ expSSS: step ?
[2026-04-25 23:02:32]   ⏳ expTTT: step ?
[2026-04-25 23:02:32]   ⏳ expUUU: step ?
[2026-04-25 23:02:32]   ⏳ expVVV: step ?
[2026-04-25 23:04:32] Waiting... B10 missing=['expNNN', 'expOOO', 'expPPP', 'expQQQ', 'expSSS', 'expTTT', 'expUUU', 'expVVV']
[2026-04-25 23:04:32]   ⏳ expNNN: step ?
[2026-04-25 23:04:32]   ⏳ expOOO: step ?
[2026-04-25 23:04:32]   ⏳ expPPP: step ?
[2026-04-25 23:04:32]   ⏳ expQQQ: step ?
[2026-04-25 23:04:32]   ⏳ expSSS: step ?
[2026-04-25 23:04:32]   ⏳ expTTT: step ?
[2026-04-25 23:04:32]   ⏳ expUUU: step ?
[2026-04-25 23:04:32]   ⏳ expVVV: step ?
[2026-04-25 23:06:32] Waiting... B10 missing=['expNNN', 'expOOO', 'expPPP', 'expQQQ', 'expSSS', 'expTTT', 'expUUU', 'expVVV']
[2026-04-25 23:06:32]   ⏳ expNNN: step ?
[2026-04-25 23:06:32]   ⏳ expOOO: step ?
[2026-04-25 23:06:32]   ⏳ expPPP: step ?
[2026-04-25 23:06:32]   ⏳ expQQQ: step ?
[2026-04-25 23:06:32]   ⏳ expSSS: step ?
[2026-04-25 23:06:32]   ⏳ expTTT: step ?
[2026-04-25 23:06:32]   ⏳ expUUU: step ?
[2026-04-25 23:06:32]   ⏳ expVVV: step ?
[2026-04-25 23:08:32] Waiting... B10 missing=['expNNN', 'expOOO', 'expPPP', 'expQQQ', 'expSSS', 'expTTT', 'expUUU', 'expVVV']
[2026-04-25 23:08:32]   ⏳ expNNN: step ?
[2026-04-25 23:08:32]   ⏳ expOOO: step ?
[2026-04-25 23:08:32]   ⏳ expPPP: step ?
[2026-04-25 23:08:32]   ⏳ expQQQ: step ?
[2026-04-25 23:08:32]   ⏳ expSSS: step ?
[2026-04-25 23:08:32]   ⏳ expTTT: step ?
[2026-04-25 23:08:32]   ⏳ expUUU: step ?
[2026-04-25 23:08:32]   ⏳ expVVV: step ?
[2026-04-25 23:10:32] Waiting... B10 missing=['expNNN', 'expOOO', 'expPPP', 'expQQQ', 'expSSS', 'expTTT', 'expUUU', 'expVVV']
[2026-04-25 23:10:32]   ⏳ expNNN: step ?
[2026-04-25 23:10:32]   ⏳ expOOO: step ?
[2026-04-25 23:10:32]   ⏳ expPPP: step ?
[2026-04-25 23:10:32]   ⏳ expQQQ: step ?
[2026-04-25 23:10:32]   ⏳ expSSS: step ?
[2026-04-25 23:10:32]   ⏳ expTTT: step ?
[2026-04-25 23:10:32]   ⏳ expUUU: step ?
[2026-04-25 23:10:32]   ⏳ expVVV: step ?
[2026-04-25 23:12:32] Waiting... B10 missing=['expNNN', 'expOOO', 'expPPP', 'expQQQ', 'expSSS', 'expTTT', 'expUUU', 'expVVV']
[2026-04-25 23:12:32]   ⏳ expNNN: step ?
[2026-04-25 23:12:32]   ⏳ expOOO: step ?
[2026-04-25 23:12:32]   ⏳ expPPP: step ?
[2026-04-25 23:12:32]   ⏳ expQQQ: step ?
[2026-04-25 23:12:32]   ⏳ expSSS: step ?
[2026-04-25 23:12:32]   ⏳ expTTT: step ?
[2026-04-25 23:12:32]   ⏳ expUUU: step ?
[2026-04-25 23:12:32]   ⏳ expVVV: step ?
[2026-04-25 23:14:32] Waiting... B10 missing=['expNNN', 'expOOO', 'expPPP', 'expQQQ', 'expSSS', 'expTTT', 'expUUU', 'expVVV']
[2026-04-25 23:14:32]   ⏳ expNNN: step ?
[2026-04-25 23:14:32]   ⏳ expOOO: step ?
[2026-04-25 23:14:32]   ⏳ expPPP: step ?
[2026-04-25 23:14:32]   ⏳ expQQQ: step ?
[2026-04-25 23:14:33]   ⏳ expSSS: step ?
[2026-04-25 23:14:33]   ⏳ expTTT: step ?
[2026-04-25 23:14:33]   ⏳ expUUU: step ?
[2026-04-25 23:14:33]   ⏳ expVVV: step ?
[2026-04-25 23:16:33] Waiting... B10 missing=['expNNN', 'expOOO', 'expPPP', 'expQQQ', 'expSSS', 'expTTT', 'expUUU', 'expVVV']
[2026-04-25 23:16:33]   ⏳ expNNN: step ?
[2026-04-25 23:16:33]   ⏳ expOOO: step ?
[2026-04-25 23:16:33]   ⏳ expPPP: step ?
[2026-04-25 23:16:33]   ⏳ expQQQ: step ?
[2026-04-25 23:16:33]   ⏳ expSSS: step ?
[2026-04-25 23:16:33]   ⏳ expTTT: step ?
[2026-04-25 23:16:33]   ⏳ expUUU: step ?
[2026-04-25 23:16:33]   ⏳ expVVV: step ?
[2026-04-25 23:18:33] Waiting... B10 missing=['expNNN', 'expOOO', 'expPPP', 'expQQQ', 'expSSS', 'expTTT', 'expUUU', 'expVVV']
[2026-04-25 23:18:33]   ⏳ expNNN: step ?
[2026-04-25 23:18:33]   ⏳ expOOO: step ?
[2026-04-25 23:18:33]   ⏳ expPPP: step ?
[2026-04-25 23:18:33]   ⏳ expQQQ: step ?
[2026-04-25 23:18:33]   ⏳ expSSS: step ?
[2026-04-25 23:18:33]   ⏳ expTTT: step ?
[2026-04-25 23:18:33]   ⏳ expUUU: step ?
[2026-04-25 23:18:33]   ⏳ expVVV: step ?
[2026-04-25 23:20:33] Waiting... B10 missing=['expNNN', 'expOOO', 'expPPP', 'expQQQ', 'expSSS', 'expTTT', 'expUUU', 'expVVV']
[2026-04-25 23:20:33]   ⏳ expNNN: step ?
[2026-04-25 23:20:33]   ⏳ expOOO: step ?
[2026-04-25 23:20:33]   ⏳ expPPP: step ?
[2026-04-25 23:20:33]   ⏳ expQQQ: step ?
[2026-04-25 23:20:33]   ⏳ expSSS: step ?
[2026-04-25 23:20:33]   ⏳ expTTT: step ?
[2026-04-25 23:20:33]   ⏳ expUUU: step ?
[2026-04-25 23:20:33]   ⏳ expVVV: step ?
[2026-04-25 23:22:33] Waiting... B10 missing=['expNNN', 'expOOO', 'expPPP', 'expQQQ', 'expSSS', 'expTTT', 'expUUU', 'expVVV']
[2026-04-25 23:22:33]   ⏳ expNNN: step ?
[2026-04-25 23:22:33]   ⏳ expOOO: step ?
[2026-04-25 23:22:33]   ⏳ expPPP: step ?
[2026-04-25 23:22:33]   ⏳ expQQQ: step ?
[2026-04-25 23:22:33]   ⏳ expSSS: step ?
[2026-04-25 23:22:33]   ⏳ expTTT: step ?
[2026-04-25 23:22:33]   ⏳ expUUU: step ?
[2026-04-25 23:22:33]   ⏳ expVVV: step ?
[2026-04-25 23:24:33] Waiting... B10 missing=['expNNN', 'expOOO', 'expPPP', 'expQQQ', 'expSSS', 'expTTT', 'expUUU', 'expVVV']
[2026-04-25 23:24:33]   ⏳ expNNN: step ?
[2026-04-25 23:24:33]   ⏳ expOOO: step ?
[2026-04-25 23:24:33]   ⏳ expPPP: step ?
[2026-04-25 23:24:33]   ⏳ expQQQ: step ?
[2026-04-25 23:24:33]   ⏳ expSSS: step ?
[2026-04-25 23:24:33]   ⏳ expTTT: step ?
[2026-04-25 23:24:33]   ⏳ expUUU: step ?
[2026-04-25 23:24:33]   ⏳ expVVV: step ?
[2026-04-25 23:26:33] Waiting... B10 missing=['expNNN', 'expOOO', 'expPPP', 'expQQQ', 'expSSS', 'expTTT', 'expUUU', 'expVVV']
[2026-04-25 23:26:33]   ⏳ expNNN: step ?
[2026-04-25 23:26:33]   ⏳ expOOO: step ?
[2026-04-25 23:26:33]   ⏳ expPPP: step ?
[2026-04-25 23:26:33]   ⏳ expQQQ: step ?
[2026-04-25 23:26:33]   ⏳ expSSS: step ?
[2026-04-25 23:26:33]   ⏳ expTTT: step ?
[2026-04-25 23:26:33]   ⏳ expUUU: step ?
[2026-04-25 23:26:33]   ⏳ expVVV: step ?
[2026-04-25 23:28:33] Waiting... B10 missing=['expNNN', 'expOOO', 'expPPP', 'expQQQ', 'expSSS', 'expTTT', 'expUUU', 'expVVV']
[2026-04-25 23:28:33]   ⏳ expNNN: step ?
[2026-04-25 23:28:33]   ⏳ expOOO: step ?
[2026-04-25 23:28:33]   ⏳ expPPP: step ?
[2026-04-25 23:28:33]   ⏳ expQQQ: step ?
[2026-04-25 23:28:33]   ⏳ expSSS: step ?
[2026-04-25 23:28:34]   ⏳ expTTT: step ?
[2026-04-25 23:28:34]   ⏳ expUUU: step ?
[2026-04-25 23:28:34]   ⏳ expVVV: step ?
[2026-04-25 23:30:34] Waiting... B10 missing=['expNNN', 'expOOO', 'expPPP', 'expQQQ', 'expSSS', 'expTTT', 'expUUU', 'expVVV']
[2026-04-25 23:30:34]   ⏳ expNNN: step ?
[2026-04-25 23:30:34]   ⏳ expOOO: step ?
[2026-04-25 23:30:34]   ⏳ expPPP: step ?
[2026-04-25 23:30:34]   ⏳ expQQQ: step ?
[2026-04-25 23:30:34]   ⏳ expSSS: step ?
[2026-04-25 23:30:34]   ⏳ expTTT: step ?
[2026-04-25 23:30:34]   ⏳ expUUU: step ?
[2026-04-25 23:30:34]   ⏳ expVVV: step ?
[2026-04-25 23:32:34] Waiting... B10 missing=['expNNN', 'expOOO', 'expPPP', 'expQQQ', 'expSSS', 'expTTT', 'expUUU', 'expVVV']
[2026-04-25 23:32:34]   ⏳ expNNN: step ?
[2026-04-25 23:32:34]   ⏳ expOOO: step ?
[2026-04-25 23:32:34]   ⏳ expPPP: step ?
[2026-04-25 23:32:34]   ⏳ expQQQ: step ?
[2026-04-25 23:32:34]   ⏳ expSSS: step ?
[2026-04-25 23:32:34]   ⏳ expTTT: step ?
[2026-04-25 23:32:34]   ⏳ expUUU: step ?
[2026-04-25 23:32:34]   ⏳ expVVV: step ?
[2026-04-25 23:34:34] Waiting... B10 missing=['expNNN', 'expOOO', 'expPPP', 'expQQQ', 'expSSS', 'expTTT', 'expUUU', 'expVVV']
[2026-04-25 23:34:34]   ⏳ expNNN: step ?
[2026-04-25 23:34:34]   ⏳ expOOO: step ?
[2026-04-25 23:34:34]   ⏳ expPPP: step ?
[2026-04-25 23:34:34]   ⏳ expQQQ: step ?
[2026-04-25 23:34:34]   ⏳ expSSS: step ?
[2026-04-25 23:34:34]   ⏳ expTTT: step ?
[2026-04-25 23:34:34]   ⏳ expUUU: step ?
[2026-04-25 23:34:34]   ⏳ expVVV: step ?
[2026-04-25 23:36:34] Waiting... B10 missing=['expNNN', 'expOOO', 'expPPP', 'expQQQ', 'expSSS', 'expTTT', 'expUUU', 'expVVV']
[2026-04-25 23:36:34]   ⏳ expNNN: step ?
[2026-04-25 23:36:34]   ⏳ expOOO: step ?
[2026-04-25 23:36:34]   ⏳ expPPP: step ?
[2026-04-25 23:36:34]   ⏳ expQQQ: step ?
[2026-04-25 23:36:34]   ⏳ expSSS: step ?
[2026-04-25 23:36:34]   ⏳ expTTT: step ?
[2026-04-25 23:36:34]   ⏳ expUUU: step ?
[2026-04-25 23:36:34]   ⏳ expVVV: step ?
[2026-04-25 23:38:34] Waiting... B10 missing=['expNNN', 'expOOO', 'expPPP', 'expQQQ', 'expSSS', 'expTTT', 'expUUU', 'expVVV']
[2026-04-25 23:38:34]   ⏳ expNNN: step ?
[2026-04-25 23:38:34]   ⏳ expOOO: step ?
[2026-04-25 23:38:34]   ⏳ expPPP: step ?
[2026-04-25 23:38:34]   ⏳ expQQQ: step ?
[2026-04-25 23:38:34]   ⏳ expSSS: step ?
[2026-04-25 23:38:34]   ⏳ expTTT: step ?
[2026-04-25 23:38:34]   ⏳ expUUU: step ?
[2026-04-25 23:38:34]   ⏳ expVVV: step ?
[2026-04-25 23:40:34] Waiting... B10 missing=['expNNN', 'expOOO', 'expPPP', 'expQQQ', 'expSSS', 'expTTT', 'expUUU', 'expVVV']
[2026-04-25 23:40:34]   ⏳ expNNN: step ?
[2026-04-25 23:40:34]   ⏳ expOOO: step ?
[2026-04-25 23:40:34]   ⏳ expPPP: step ?
[2026-04-25 23:40:34]   ⏳ expQQQ: step ?
[2026-04-25 23:40:34]   ⏳ expSSS: step ?
[2026-04-25 23:40:35]   ⏳ expTTT: step ?
[2026-04-25 23:40:35]   ⏳ expUUU: step ?
[2026-04-25 23:40:35]   ⏳ expVVV: step ?
[2026-04-25 23:42:35] Waiting... B10 missing=['expNNN', 'expOOO', 'expPPP', 'expQQQ', 'expSSS', 'expTTT', 'expUUU', 'expVVV']
[2026-04-25 23:42:35]   ⏳ expNNN: step ?
[2026-04-25 23:42:35]   ⏳ expOOO: step ?
[2026-04-25 23:42:35]   ⏳ expPPP: step ?
[2026-04-25 23:42:35]   ⏳ expQQQ: step ?
[2026-04-25 23:42:35]   ⏳ expSSS: step ?
[2026-04-25 23:42:35]   ⏳ expTTT: step ?
[2026-04-25 23:42:35]   ⏳ expUUU: step ?
[2026-04-25 23:42:35]   ⏳ expVVV: step ?
[2026-04-25 23:44:35] Waiting... B10 missing=['expNNN', 'expOOO', 'expPPP', 'expQQQ', 'expSSS', 'expTTT', 'expUUU', 'expVVV']
[2026-04-25 23:44:35]   ⏳ expNNN: step ?
[2026-04-25 23:44:35]   ⏳ expOOO: step ?
[2026-04-25 23:44:35]   ⏳ expPPP: step ?
[2026-04-25 23:44:35]   ⏳ expQQQ: step ?
[2026-04-25 23:44:35]   ⏳ expSSS: step ?
[2026-04-25 23:44:35]   ⏳ expTTT: step ?
[2026-04-25 23:44:35]   ⏳ expUUU: step ?
[2026-04-25 23:44:35]   ⏳ expVVV: step ?
[2026-04-25 23:46:35] Waiting... B10 missing=['expNNN', 'expOOO', 'expPPP', 'expQQQ', 'expSSS', 'expTTT', 'expUUU', 'expVVV']
[2026-04-25 23:46:35]   ⏳ expNNN: step ?
[2026-04-25 23:46:35]   ⏳ expOOO: step ?
[2026-04-25 23:46:35]   ⏳ expPPP: step ?
[2026-04-25 23:46:35]   ⏳ expQQQ: step ?
[2026-04-25 23:46:35]   ⏳ expSSS: step ?
[2026-04-25 23:46:35]   ⏳ expTTT: step ?
[2026-04-25 23:46:35]   ⏳ expUUU: step ?
[2026-04-25 23:46:35]   ⏳ expVVV: step ?
[2026-04-25 23:48:35] Waiting... B10 missing=['expNNN', 'expOOO', 'expPPP', 'expQQQ', 'expSSS', 'expTTT', 'expUUU', 'expVVV']
[2026-04-25 23:48:35]   ⏳ expNNN: step ?
[2026-04-25 23:48:35]   ⏳ expOOO: step ?
[2026-04-25 23:48:35]   ⏳ expPPP: step ?
[2026-04-25 23:48:35]   ⏳ expQQQ: step ?
[2026-04-25 23:48:35]   ⏳ expSSS: step ?
[2026-04-25 23:48:35]   ⏳ expTTT: step ?
[2026-04-25 23:48:35]   ⏳ expUUU: step ?
[2026-04-25 23:48:35]   ⏳ expVVV: step ?
[2026-04-25 23:50:35] Waiting... B10 missing=['expNNN', 'expOOO', 'expPPP', 'expQQQ', 'expSSS', 'expTTT', 'expUUU', 'expVVV']
[2026-04-25 23:50:35]   ⏳ expNNN: step ?
[2026-04-25 23:50:35]   ⏳ expOOO: step ?
[2026-04-25 23:50:35]   ⏳ expPPP: step ?
[2026-04-25 23:50:35]   ⏳ expQQQ: step ?
[2026-04-25 23:50:35]   ⏳ expSSS: step ?
[2026-04-25 23:50:35]   ⏳ expTTT: step ?
[2026-04-25 23:50:35]   ⏳ expUUU: step ?
[2026-04-25 23:50:35]   ⏳ expVVV: step ?
[2026-04-25 23:52:35] Waiting... B10 missing=['expNNN', 'expOOO', 'expPPP', 'expQQQ', 'expSSS', 'expTTT', 'expUUU', 'expVVV']
[2026-04-25 23:52:35]   ⏳ expNNN: step ?
[2026-04-25 23:52:35]   ⏳ expOOO: step ?
[2026-04-25 23:52:35]   ⏳ expPPP: step ?
[2026-04-25 23:52:36]   ⏳ expQQQ: step ?
[2026-04-25 23:52:36]   ⏳ expSSS: step ?
[2026-04-25 23:52:36]   ⏳ expTTT: step ?
[2026-04-25 23:52:36]   ⏳ expUUU: step ?
[2026-04-25 23:52:36]   ⏳ expVVV: step ?
[2026-04-25 23:54:36] Waiting... B10 missing=['expNNN', 'expOOO', 'expPPP', 'expQQQ', 'expSSS', 'expTTT', 'expUUU', 'expVVV']
[2026-04-25 23:54:36]   ⏳ expNNN: step ?
[2026-04-25 23:54:36]   ⏳ expOOO: step ?
[2026-04-25 23:54:36]   ⏳ expPPP: step ?
[2026-04-25 23:54:36]   ⏳ expQQQ: step ?
[2026-04-25 23:54:36]   ⏳ expSSS: step ?
[2026-04-25 23:54:36]   ⏳ expTTT: step ?
[2026-04-25 23:54:36]   ⏳ expUUU: step ?
[2026-04-25 23:54:36]   ⏳ expVVV: step ?
[2026-04-25 23:56:36] Waiting... B10 missing=['expNNN', 'expOOO', 'expPPP', 'expQQQ', 'expSSS', 'expTTT', 'expUUU', 'expVVV']
[2026-04-25 23:56:36]   ⏳ expNNN: step ?
[2026-04-25 23:56:36]   ⏳ expOOO: step ?
[2026-04-25 23:56:36]   ⏳ expPPP: step ?
[2026-04-25 23:56:36]   ⏳ expQQQ: step ?
[2026-04-25 23:56:36]   ⏳ expSSS: step ?
[2026-04-25 23:56:36]   ⏳ expTTT: step ?
[2026-04-25 23:56:36]   ⏳ expUUU: step ?
[2026-04-25 23:56:36]   ⏳ expVVV: step ?
[2026-04-25 23:58:36] Waiting... B10 missing=['expNNN', 'expOOO', 'expPPP', 'expQQQ', 'expSSS', 'expTTT', 'expUUU', 'expVVV']
[2026-04-25 23:58:36]   ⏳ expNNN: step ?
[2026-04-25 23:58:36]   ⏳ expOOO: step ?
[2026-04-25 23:58:36]   ⏳ expPPP: step ?
[2026-04-25 23:58:36]   ⏳ expQQQ: step ?
[2026-04-25 23:58:36]   ⏳ expSSS: step ?
[2026-04-25 23:58:36]   ⏳ expTTT: step ?
[2026-04-25 23:58:36]   ⏳ expUUU: step ?
[2026-04-25 23:58:36]   ⏳ expVVV: step ?
[2026-04-26 00:00:36] Waiting... B10 missing=['expNNN', 'expOOO', 'expPPP', 'expQQQ', 'expSSS', 'expTTT', 'expUUU', 'expVVV']
[2026-04-26 00:00:36]   ⏳ expNNN: step ?
[2026-04-26 00:00:36]   ⏳ expOOO: step ?
[2026-04-26 00:00:36]   ⏳ expPPP: step ?
[2026-04-26 00:00:36]   ⏳ expQQQ: step ?
[2026-04-26 00:00:36]   ⏳ expSSS: step ?
[2026-04-26 00:00:36]   ⏳ expTTT: step ?
[2026-04-26 00:00:36]   ⏳ expUUU: step ?
[2026-04-26 00:00:36]   ⏳ expVVV: step ?
[2026-04-26 00:02:36] Waiting... B10 missing=['expNNN', 'expOOO', 'expPPP', 'expQQQ', 'expSSS', 'expTTT', 'expUUU', 'expVVV']
[2026-04-26 00:02:36]   ⏳ expNNN: step ?
[2026-04-26 00:02:36]   ⏳ expOOO: step ?
[2026-04-26 00:02:36]   ⏳ expPPP: step ?
[2026-04-26 00:02:36]   ⏳ expQQQ: step ?
[2026-04-26 00:02:36]   ⏳ expSSS: step ?
[2026-04-26 00:02:36]   ⏳ expTTT: step ?
[2026-04-26 00:02:36]   ⏳ expUUU: step ?
[2026-04-26 00:02:36]   ⏳ expVVV: step ?
[2026-04-26 00:04:37] Waiting... B10 missing=['expNNN', 'expOOO', 'expPPP', 'expQQQ', 'expSSS', 'expTTT', 'expUUU', 'expVVV']
[2026-04-26 00:04:37]   ⏳ expNNN: step ?
[2026-04-26 00:04:37]   ⏳ expOOO: step ?
[2026-04-26 00:04:37]   ⏳ expPPP: step ?
[2026-04-26 00:04:37]   ⏳ expQQQ: step ?
[2026-04-26 00:04:37]   ⏳ expSSS: step ?
[2026-04-26 00:04:37]   ⏳ expTTT: step ?
[2026-04-26 00:04:37]   ⏳ expUUU: step ?
[2026-04-26 00:04:37]   ⏳ expVVV: step ?
[2026-04-26 00:06:37] Waiting... B10 missing=['expNNN', 'expOOO', 'expPPP', 'expQQQ', 'expSSS', 'expTTT', 'expUUU', 'expVVV']
[2026-04-26 00:06:37]   ⏳ expNNN: step ?
[2026-04-26 00:06:37]   ⏳ expOOO: step ?
[2026-04-26 00:06:37]   ⏳ expPPP: step ?
[2026-04-26 00:06:37]   ⏳ expQQQ: step ?
[2026-04-26 00:06:37]   ⏳ expSSS: step ?
[2026-04-26 00:06:37]   ⏳ expTTT: step ?
[2026-04-26 00:06:37]   ⏳ expUUU: step ?
[2026-04-26 00:06:37]   ⏳ expVVV: step ?
[2026-04-26 00:08:37] Waiting... B10 missing=['expNNN', 'expOOO', 'expPPP', 'expQQQ', 'expSSS', 'expTTT', 'expUUU', 'expVVV']
[2026-04-26 00:08:37]   ⏳ expNNN: step ?
[2026-04-26 00:08:37]   ⏳ expOOO: step ?
[2026-04-26 00:08:37]   ⏳ expPPP: step ?
[2026-04-26 00:08:37]   ⏳ expQQQ: step ?
[2026-04-26 00:08:37]   ⏳ expSSS: step ?
[2026-04-26 00:08:37]   ⏳ expTTT: step ?
[2026-04-26 00:08:37]   ⏳ expUUU: step ?
[2026-04-26 00:08:37]   ⏳ expVVV: step ?
[2026-04-26 00:10:37] Waiting... B10 missing=['expNNN', 'expOOO', 'expPPP', 'expQQQ', 'expSSS', 'expTTT', 'expUUU', 'expVVV']
[2026-04-26 00:10:37]   ⏳ expNNN: step ?
[2026-04-26 00:10:37]   ⏳ expOOO: step ?
[2026-04-26 00:10:37]   ⏳ expPPP: step ?
[2026-04-26 00:10:37]   ⏳ expQQQ: step ?
[2026-04-26 00:10:37]   ⏳ expSSS: step ?
[2026-04-26 00:10:37]   ⏳ expTTT: step ?
[2026-04-26 00:10:37]   ⏳ expUUU: step ?
[2026-04-26 00:10:37]   ⏳ expVVV: step ?
[2026-04-26 00:12:37] Waiting... B10 missing=['expNNN', 'expOOO', 'expPPP', 'expQQQ', 'expSSS', 'expTTT', 'expUUU', 'expVVV']
[2026-04-26 00:12:37]   ⏳ expNNN: step ?
[2026-04-26 00:12:37]   ⏳ expOOO: step ?
[2026-04-26 00:12:37]   ⏳ expPPP: step ?
[2026-04-26 00:12:37]   ⏳ expQQQ: step ?
[2026-04-26 00:12:37]   ⏳ expSSS: step ?
[2026-04-26 00:12:37]   ⏳ expTTT: step ?
[2026-04-26 00:12:37]   ⏳ expUUU: step ?
[2026-04-26 00:12:37]   ⏳ expVVV: step ?
[2026-04-26 00:14:37] Waiting... B10 missing=['expNNN', 'expOOO', 'expPPP', 'expQQQ', 'expSSS', 'expTTT', 'expUUU', 'expVVV']
[2026-04-26 00:14:37]   ⏳ expNNN: step ?
[2026-04-26 00:14:37]   ⏳ expOOO: step ?
[2026-04-26 00:14:37]   ⏳ expPPP: step ?
[2026-04-26 00:14:37]   ⏳ expQQQ: step ?
[2026-04-26 00:14:37]   ⏳ expSSS: step ?
[2026-04-26 00:14:37]   ⏳ expTTT: step ?
[2026-04-26 00:14:37]   ⏳ expUUU: step ?
[2026-04-26 00:14:37]   ⏳ expVVV: step ?
[2026-04-26 00:16:37] Waiting... B10 missing=['expNNN', 'expOOO', 'expPPP', 'expQQQ', 'expSSS', 'expTTT', 'expUUU', 'expVVV']
[2026-04-26 00:16:37]   ⏳ expNNN: step ?
[2026-04-26 00:16:37]   ⏳ expOOO: step ?
[2026-04-26 00:16:37]   ⏳ expPPP: step ?
[2026-04-26 00:16:37]   ⏳ expQQQ: step ?
[2026-04-26 00:16:37]   ⏳ expSSS: step ?
[2026-04-26 00:16:37]   ⏳ expTTT: step ?
[2026-04-26 00:16:38]   ⏳ expUUU: step ?
[2026-04-26 00:16:38]   ⏳ expVVV: step ?
[2026-04-26 00:18:38] Waiting... B10 missing=['expNNN', 'expOOO', 'expPPP', 'expQQQ', 'expSSS', 'expTTT', 'expUUU', 'expVVV']
[2026-04-26 00:18:38]   ⏳ expNNN: step ?
[2026-04-26 00:18:38]   ⏳ expOOO: step ?
[2026-04-26 00:18:38]   ⏳ expPPP: step ?
[2026-04-26 00:18:38]   ⏳ expQQQ: step ?
[2026-04-26 00:18:38]   ⏳ expSSS: step ?
[2026-04-26 00:18:38]   ⏳ expTTT: step ?
[2026-04-26 00:18:38]   ⏳ expUUU: step ?
[2026-04-26 00:18:38]   ⏳ expVVV: step ?
[2026-04-26 00:20:38] Waiting... B10 missing=['expNNN', 'expOOO', 'expPPP', 'expQQQ', 'expSSS', 'expTTT', 'expUUU', 'expVVV']
[2026-04-26 00:20:38]   ⏳ expNNN: step ?
[2026-04-26 00:20:38]   ⏳ expOOO: step ?
[2026-04-26 00:20:38]   ⏳ expPPP: step ?
[2026-04-26 00:20:38]   ⏳ expQQQ: step ?
[2026-04-26 00:20:38]   ⏳ expSSS: step ?
[2026-04-26 00:20:38]   ⏳ expTTT: step ?
[2026-04-26 00:20:38]   ⏳ expUUU: step ?
[2026-04-26 00:20:38]   ⏳ expVVV: step ?
[2026-04-26 00:22:38] Waiting... B10 missing=['expNNN', 'expOOO', 'expPPP', 'expQQQ', 'expSSS', 'expTTT', 'expUUU', 'expVVV']
[2026-04-26 00:22:38]   ⏳ expNNN: step ?
[2026-04-26 00:22:38]   ⏳ expOOO: step ?
[2026-04-26 00:22:38]   ⏳ expPPP: step ?
[2026-04-26 00:22:38]   ⏳ expQQQ: step ?
[2026-04-26 00:22:38]   ⏳ expSSS: step ?
[2026-04-26 00:22:38]   ⏳ expTTT: step ?
[2026-04-26 00:22:38]   ⏳ expUUU: step ?
[2026-04-26 00:22:38]   ⏳ expVVV: step ?
[2026-04-26 00:24:38] Waiting... B10 missing=['expNNN', 'expOOO', 'expPPP', 'expQQQ', 'expSSS', 'expTTT', 'expUUU', 'expVVV']
[2026-04-26 00:24:38]   ⏳ expNNN: step ?
[2026-04-26 00:24:38]   ⏳ expOOO: step ?
[2026-04-26 00:24:38]   ⏳ expPPP: step ?
[2026-04-26 00:24:38]   ⏳ expQQQ: step ?
[2026-04-26 00:24:38]   ⏳ expSSS: step ?
[2026-04-26 00:24:38]   ⏳ expTTT: step ?
[2026-04-26 00:24:38]   ⏳ expUUU: step ?
[2026-04-26 00:24:38]   ⏳ expVVV: step ?
[2026-04-26 00:26:38] Waiting... B10 missing=['expNNN', 'expOOO', 'expPPP', 'expQQQ', 'expSSS', 'expTTT', 'expUUU', 'expVVV']
[2026-04-26 00:26:38]   ⏳ expNNN: step ?
[2026-04-26 00:26:38]   ⏳ expOOO: step ?
[2026-04-26 00:26:38]   ⏳ expPPP: step ?
[2026-04-26 00:26:38]   ⏳ expQQQ: step ?
[2026-04-26 00:26:38]   ⏳ expSSS: step ?
[2026-04-26 00:26:38]   ⏳ expTTT: step ?
[2026-04-26 00:26:38]   ⏳ expUUU: step ?
[2026-04-26 00:26:38]   ⏳ expVVV: step ?
[2026-04-26 00:28:38] Waiting... B10 missing=['expNNN', 'expOOO', 'expPPP', 'expQQQ', 'expSSS', 'expTTT', 'expUUU', 'expVVV']
[2026-04-26 00:28:38]   ⏳ expNNN: step ?
[2026-04-26 00:28:38]   ⏳ expOOO: step ?
[2026-04-26 00:28:38]   ⏳ expPPP: step ?
[2026-04-26 00:28:38]   ⏳ expQQQ: step ?
[2026-04-26 00:28:38]   ⏳ expSSS: step ?
[2026-04-26 00:28:38]   ⏳ expTTT: step ?
[2026-04-26 00:28:38]   ⏳ expUUU: step ?
[2026-04-26 00:28:38]   ⏳ expVVV: step ?
[2026-04-26 00:30:39] Waiting... B10 missing=['expNNN', 'expOOO', 'expPPP', 'expQQQ', 'expSSS', 'expTTT', 'expUUU', 'expVVV']
[2026-04-26 00:30:39]   ⏳ expNNN: step ?
[2026-04-26 00:30:39]   ⏳ expOOO: step ?
[2026-04-26 00:30:39]   ⏳ expPPP: step ?
[2026-04-26 00:30:39]   ⏳ expQQQ: step ?
[2026-04-26 00:30:39]   ⏳ expSSS: step ?
[2026-04-26 00:30:39]   ⏳ expTTT: step ?
[2026-04-26 00:30:39]   ⏳ expUUU: step ?
[2026-04-26 00:30:39]   ⏳ expVVV: step ?
[2026-04-26 00:32:39] Waiting... B10 missing=['expNNN', 'expOOO', 'expPPP', 'expQQQ', 'expSSS', 'expTTT', 'expUUU', 'expVVV']
[2026-04-26 00:32:39]   ⏳ expNNN: step ?
[2026-04-26 00:32:39]   ⏳ expOOO: step ?
[2026-04-26 00:32:39]   ⏳ expPPP: step ?
[2026-04-26 00:32:39]   ⏳ expQQQ: step ?
[2026-04-26 00:32:39]   ⏳ expSSS: step ?
[2026-04-26 00:32:39]   ⏳ expTTT: step ?
[2026-04-26 00:32:39]   ⏳ expUUU: step ?
[2026-04-26 00:32:39]   ⏳ expVVV: step ?
[2026-04-26 00:34:39] Waiting... B10 missing=['expNNN', 'expOOO', 'expPPP', 'expQQQ', 'expSSS', 'expTTT', 'expUUU', 'expVVV']
[2026-04-26 00:34:39]   ⏳ expNNN: step ?
[2026-04-26 00:34:39]   ⏳ expOOO: step ?
[2026-04-26 00:34:39]   ⏳ expPPP: step ?
[2026-04-26 00:34:39]   ⏳ expQQQ: step ?
[2026-04-26 00:34:39]   ⏳ expSSS: step ?
[2026-04-26 00:34:39]   ⏳ expTTT: step ?
[2026-04-26 00:34:39]   ⏳ expUUU: step ?
[2026-04-26 00:34:39]   ⏳ expVVV: step ?
[2026-04-26 00:36:39] Waiting... B10 missing=['expNNN', 'expOOO', 'expPPP', 'expQQQ', 'expSSS', 'expTTT', 'expUUU', 'expVVV']
[2026-04-26 00:36:39]   ⏳ expNNN: step ?
[2026-04-26 00:36:39]   ⏳ expOOO: step ?
[2026-04-26 00:36:39]   ⏳ expPPP: step ?
[2026-04-26 00:36:39]   ⏳ expQQQ: step ?
[2026-04-26 00:36:39]   ⏳ expSSS: step ?
[2026-04-26 00:36:39]   ⏳ expTTT: step ?
[2026-04-26 00:36:39]   ⏳ expUUU: step ?
[2026-04-26 00:36:39]   ⏳ expVVV: step ?
[2026-04-26 00:38:39] Waiting... B10 missing=['expNNN', 'expOOO', 'expPPP', 'expQQQ', 'expSSS', 'expTTT', 'expUUU', 'expVVV']
[2026-04-26 00:38:39]   ⏳ expNNN: step ?
[2026-04-26 00:38:39]   ⏳ expOOO: step ?
[2026-04-26 00:38:39]   ⏳ expPPP: step ?
[2026-04-26 00:38:39]   ⏳ expQQQ: step ?
[2026-04-26 00:38:39]   ⏳ expSSS: step ?
[2026-04-26 00:38:39]   ⏳ expTTT: step ?
[2026-04-26 00:38:39]   ⏳ expUUU: step ?
[2026-04-26 00:38:39]   ⏳ expVVV: step ?
[2026-04-26 00:40:39] Waiting... B10 missing=['expNNN', 'expOOO', 'expPPP', 'expQQQ', 'expSSS', 'expTTT', 'expUUU', 'expVVV']
[2026-04-26 00:40:39]   ⏳ expNNN: step ?
[2026-04-26 00:40:39]   ⏳ expOOO: step ?
[2026-04-26 00:40:39]   ⏳ expPPP: step ?
[2026-04-26 00:40:39]   ⏳ expQQQ: step ?
[2026-04-26 00:40:40]   ⏳ expSSS: step ?
[2026-04-26 00:40:40]   ⏳ expTTT: step ?
[2026-04-26 00:40:40]   ⏳ expUUU: step ?
[2026-04-26 00:40:40]   ⏳ expVVV: step ?
[2026-04-26 00:42:40] Waiting... B10 missing=['expNNN', 'expOOO', 'expPPP', 'expQQQ', 'expSSS', 'expTTT', 'expUUU', 'expVVV']
[2026-04-26 00:42:40]   ⏳ expNNN: step ?
[2026-04-26 00:42:40]   ⏳ expOOO: step ?
[2026-04-26 00:42:40]   ⏳ expPPP: step ?
[2026-04-26 00:42:40]   ⏳ expQQQ: step ?
[2026-04-26 00:42:40]   ⏳ expSSS: step ?
[2026-04-26 00:42:40]   ⏳ expTTT: step ?
[2026-04-26 00:42:40]   ⏳ expUUU: step ?
[2026-04-26 00:42:40]   ⏳ expVVV: step ?
[2026-04-26 00:44:40] Waiting... B10 missing=['expNNN', 'expOOO', 'expPPP', 'expQQQ', 'expSSS', 'expTTT', 'expUUU', 'expVVV']
[2026-04-26 00:44:40]   ⏳ expNNN: step ?
[2026-04-26 00:44:40]   ⏳ expOOO: step ?
[2026-04-26 00:44:40]   ⏳ expPPP: step ?
[2026-04-26 00:44:40]   ⏳ expQQQ: step ?
[2026-04-26 00:44:40]   ⏳ expSSS: step ?
[2026-04-26 00:44:40]   ⏳ expTTT: step ?
[2026-04-26 00:44:40]   ⏳ expUUU: step ?
[2026-04-26 00:44:40]   ⏳ expVVV: step ?
[2026-04-26 00:46:40] Waiting... B10 missing=['expNNN', 'expOOO', 'expPPP', 'expQQQ', 'expSSS', 'expTTT', 'expUUU', 'expVVV']
[2026-04-26 00:46:40]   ⏳ expNNN: step ?
[2026-04-26 00:46:40]   ⏳ expOOO: step ?
[2026-04-26 00:46:40]   ⏳ expPPP: step ?
[2026-04-26 00:46:40]   ⏳ expQQQ: step ?
[2026-04-26 00:46:40]   ⏳ expSSS: step ?
[2026-04-26 00:46:40]   ⏳ expTTT: step ?
[2026-04-26 00:46:40]   ⏳ expUUU: step ?
[2026-04-26 00:46:40]   ⏳ expVVV: step ?
[2026-04-26 00:48:40] Waiting... B10 missing=['expNNN', 'expOOO', 'expPPP', 'expQQQ', 'expSSS', 'expTTT', 'expUUU', 'expVVV']
[2026-04-26 00:48:40]   ⏳ expNNN: step ?
[2026-04-26 00:48:40]   ⏳ expOOO: step ?
[2026-04-26 00:48:40]   ⏳ expPPP: step ?
[2026-04-26 00:48:40]   ⏳ expQQQ: step ?
[2026-04-26 00:48:40]   ⏳ expSSS: step ?
[2026-04-26 00:48:40]   ⏳ expTTT: step ?
[2026-04-26 00:48:40]   ⏳ expUUU: step ?
[2026-04-26 00:48:40]   ⏳ expVVV: step ?
[2026-04-26 00:50:40] Waiting... B10 missing=['expNNN', 'expOOO', 'expPPP', 'expQQQ', 'expSSS', 'expTTT', 'expUUU', 'expVVV']
[2026-04-26 00:50:40]   ⏳ expNNN: step ?
[2026-04-26 00:50:40]   ⏳ expOOO: step ?
[2026-04-26 00:50:40]   ⏳ expPPP: step ?
[2026-04-26 00:50:40]   ⏳ expQQQ: step ?
[2026-04-26 00:50:40]   ⏳ expSSS: step ?
[2026-04-26 00:50:40]   ⏳ expTTT: step ?
[2026-04-26 00:50:40]   ⏳ expUUU: step ?
[2026-04-26 00:50:40]   ⏳ expVVV: step ?
[2026-04-26 00:52:40] Waiting... B10 missing=['expNNN', 'expOOO', 'expPPP', 'expQQQ', 'expSSS', 'expTTT', 'expUUU', 'expVVV']
[2026-04-26 00:52:40]   ⏳ expNNN: step ?
[2026-04-26 00:52:40]   ⏳ expOOO: step ?
[2026-04-26 00:52:40]   ⏳ expPPP: step ?
[2026-04-26 00:52:40]   ⏳ expQQQ: step ?
[2026-04-26 00:52:40]   ⏳ expSSS: step ?
[2026-04-26 00:52:40]   ⏳ expTTT: step ?
[2026-04-26 00:52:40]   ⏳ expUUU: step ?
[2026-04-26 00:52:40]   ⏳ expVVV: step ?
[2026-04-26 00:54:41] Waiting... B10 missing=['expNNN', 'expOOO', 'expPPP', 'expQQQ', 'expSSS', 'expTTT', 'expUUU', 'expVVV']
[2026-04-26 00:54:41]   ⏳ expNNN: step ?
[2026-04-26 00:54:41]   ⏳ expOOO: step ?
[2026-04-26 00:54:41]   ⏳ expPPP: step ?
[2026-04-26 00:54:41]   ⏳ expQQQ: step ?
[2026-04-26 00:54:41]   ⏳ expSSS: step ?
[2026-04-26 00:54:41]   ⏳ expTTT: step ?
[2026-04-26 00:54:41]   ⏳ expUUU: step ?
[2026-04-26 00:54:41]   ⏳ expVVV: step ?
[2026-04-26 00:56:41] Waiting... B10 missing=['expNNN', 'expOOO', 'expPPP', 'expQQQ', 'expSSS', 'expTTT', 'expUUU', 'expVVV']
[2026-04-26 00:56:41]   ⏳ expNNN: step ?
[2026-04-26 00:56:41]   ⏳ expOOO: step ?
[2026-04-26 00:56:41]   ⏳ expPPP: step ?
[2026-04-26 00:56:41]   ⏳ expQQQ: step ?
[2026-04-26 00:56:41]   ⏳ expSSS: step ?
[2026-04-26 00:56:41]   ⏳ expTTT: step ?
[2026-04-26 00:56:41]   ⏳ expUUU: step ?
[2026-04-26 00:56:41]   ⏳ expVVV: step ?
[2026-04-26 00:58:41] Waiting... B10 missing=['expNNN', 'expOOO', 'expPPP', 'expQQQ', 'expSSS', 'expTTT', 'expUUU', 'expVVV']
[2026-04-26 00:58:41]   ⏳ expNNN: step ?
[2026-04-26 00:58:41]   ⏳ expOOO: step ?
[2026-04-26 00:58:41]   ⏳ expPPP: step ?
[2026-04-26 00:58:41]   ⏳ expQQQ: step ?
[2026-04-26 00:58:41]   ⏳ expSSS: step ?
[2026-04-26 00:58:41]   ⏳ expTTT: step ?
[2026-04-26 00:58:41]   ⏳ expUUU: step ?
[2026-04-26 00:58:41]   ⏳ expVVV: step ?
[2026-04-26 01:00:41] Waiting... B10 missing=['expNNN', 'expOOO', 'expPPP', 'expQQQ', 'expSSS', 'expTTT', 'expUUU', 'expVVV']
[2026-04-26 01:00:41]   ⏳ expNNN: step ?
[2026-04-26 01:00:41]   ⏳ expOOO: step ?
[2026-04-26 01:00:41]   ⏳ expPPP: step ?
[2026-04-26 01:00:41]   ⏳ expQQQ: step ?
[2026-04-26 01:00:41]   ⏳ expSSS: step ?
[2026-04-26 01:00:41]   ⏳ expTTT: step ?
[2026-04-26 01:00:41]   ⏳ expUUU: step ?
[2026-04-26 01:00:41]   ⏳ expVVV: step ?
[2026-04-26 01:02:41] Waiting... B10 missing=['expNNN', 'expOOO', 'expPPP', 'expQQQ', 'expSSS', 'expTTT', 'expUUU', 'expVVV']
[2026-04-26 01:02:41]   ⏳ expNNN: step ?
[2026-04-26 01:02:41]   ⏳ expOOO: step ?
[2026-04-26 01:02:41]   ⏳ expPPP: step ?
[2026-04-26 01:02:41]   ⏳ expQQQ: step ?
[2026-04-26 01:02:41]   ⏳ expSSS: step ?
[2026-04-26 01:02:41]   ⏳ expTTT: step ?
[2026-04-26 01:02:41]   ⏳ expUUU: step ?
[2026-04-26 01:02:41]   ⏳ expVVV: step ?
[2026-04-26 01:04:41] Waiting... B10 missing=['expNNN', 'expOOO', 'expPPP', 'expQQQ', 'expSSS', 'expTTT', 'expUUU', 'expVVV']
[2026-04-26 01:04:41]   ⏳ expNNN: step ?
[2026-04-26 01:04:41]   ⏳ expOOO: step ?
[2026-04-26 01:04:41]   ⏳ expPPP: step ?
[2026-04-26 01:04:41]   ⏳ expQQQ: step ?
[2026-04-26 01:04:42]   ⏳ expSSS: step ?
[2026-04-26 01:04:42]   ⏳ expTTT: step ?
[2026-04-26 01:04:42]   ⏳ expUUU: step ?
[2026-04-26 01:04:42]   ⏳ expVVV: step ?
[2026-04-26 01:06:42] Waiting... B10 missing=['expNNN', 'expOOO', 'expPPP', 'expQQQ', 'expSSS', 'expTTT', 'expUUU', 'expVVV']
[2026-04-26 01:06:42]   ⏳ expNNN: step ?
[2026-04-26 01:06:42]   ⏳ expOOO: step ?
[2026-04-26 01:06:42]   ⏳ expPPP: step ?
[2026-04-26 01:06:42]   ⏳ expQQQ: step ?
[2026-04-26 01:06:42]   ⏳ expSSS: step ?
[2026-04-26 01:06:42]   ⏳ expTTT: step ?
[2026-04-26 01:06:42]   ⏳ expUUU: step ?
[2026-04-26 01:06:42]   ⏳ expVVV: step ?
[2026-04-26 01:08:42] Waiting... B10 missing=['expNNN', 'expOOO', 'expPPP', 'expQQQ', 'expSSS', 'expTTT', 'expUUU', 'expVVV']
[2026-04-26 01:08:42]   ⏳ expNNN: step ?
[2026-04-26 01:08:42]   ⏳ expOOO: step ?
[2026-04-26 01:08:42]   ⏳ expPPP: step ?
[2026-04-26 01:08:42]   ⏳ expQQQ: step ?
[2026-04-26 01:08:42]   ⏳ expSSS: step ?
[2026-04-26 01:08:42]   ⏳ expTTT: step ?
[2026-04-26 01:08:42]   ⏳ expUUU: step ?
[2026-04-26 01:08:42]   ⏳ expVVV: step ?
[2026-04-26 01:10:42] Waiting... B10 missing=['expNNN', 'expOOO', 'expPPP', 'expQQQ', 'expSSS', 'expTTT', 'expUUU', 'expVVV']
[2026-04-26 01:10:42]   ⏳ expNNN: step ?
[2026-04-26 01:10:42]   ⏳ expOOO: step ?
[2026-04-26 01:10:42]   ⏳ expPPP: step ?
[2026-04-26 01:10:42]   ⏳ expQQQ: step ?
[2026-04-26 01:10:42]   ⏳ expSSS: step ?
[2026-04-26 01:10:42]   ⏳ expTTT: step ?
[2026-04-26 01:10:42]   ⏳ expUUU: step ?
[2026-04-26 01:10:42]   ⏳ expVVV: step ?
[2026-04-26 01:12:42] Waiting... B10 missing=['expNNN', 'expOOO', 'expPPP', 'expQQQ', 'expSSS', 'expTTT', 'expUUU', 'expVVV']
[2026-04-26 01:12:42]   ⏳ expNNN: step ?
[2026-04-26 01:12:42]   ⏳ expOOO: step ?
[2026-04-26 01:12:42]   ⏳ expPPP: step ?
[2026-04-26 01:12:42]   ⏳ expQQQ: step ?
[2026-04-26 01:12:42]   ⏳ expSSS: step ?
[2026-04-26 01:12:42]   ⏳ expTTT: step ?
[2026-04-26 01:12:42]   ⏳ expUUU: step ?
[2026-04-26 01:12:42]   ⏳ expVVV: step ?
[2026-04-26 01:14:42] Waiting... B10 missing=['expNNN', 'expOOO', 'expPPP', 'expQQQ', 'expSSS', 'expTTT', 'expUUU', 'expVVV']
[2026-04-26 01:14:42]   ⏳ expNNN: step ?
[2026-04-26 01:14:42]   ⏳ expOOO: step ?
[2026-04-26 01:14:42]   ⏳ expPPP: step ?
[2026-04-26 01:14:42]   ⏳ expQQQ: step ?
[2026-04-26 01:14:42]   ⏳ expSSS: step ?
[2026-04-26 01:14:42]   ⏳ expTTT: step ?
[2026-04-26 01:14:42]   ⏳ expUUU: step ?
[2026-04-26 01:14:42]   ⏳ expVVV: step ?
[2026-04-26 01:16:43] Waiting... B10 missing=['expNNN', 'expOOO', 'expPPP', 'expQQQ', 'expSSS', 'expTTT', 'expUUU', 'expVVV']
[2026-04-26 01:16:43]   ⏳ expNNN: step ?
[2026-04-26 01:16:43]   ⏳ expOOO: step ?
[2026-04-26 01:16:43]   ⏳ expPPP: step ?
[2026-04-26 01:16:43]   ⏳ expQQQ: step ?
[2026-04-26 01:16:43]   ⏳ expSSS: step ?
[2026-04-26 01:16:43]   ⏳ expTTT: step ?
[2026-04-26 01:16:43]   ⏳ expUUU: step ?
[2026-04-26 01:16:43]   ⏳ expVVV: step ?
[2026-04-26 01:18:43] Waiting... B10 missing=['expNNN', 'expOOO', 'expPPP', 'expQQQ', 'expSSS', 'expTTT', 'expUUU', 'expVVV']
[2026-04-26 01:18:43]   ⏳ expNNN: step ?
[2026-04-26 01:18:43]   ⏳ expOOO: step ?
[2026-04-26 01:18:43]   ⏳ expPPP: step ?
[2026-04-26 01:18:43]   ⏳ expQQQ: step ?
[2026-04-26 01:18:43]   ⏳ expSSS: step ?
[2026-04-26 01:18:43]   ⏳ expTTT: step ?
[2026-04-26 01:18:43]   ⏳ expUUU: step ?
[2026-04-26 01:18:43]   ⏳ expVVV: step ?
[2026-04-26 01:20:43] Waiting... B10 missing=['expNNN', 'expOOO', 'expPPP', 'expQQQ', 'expSSS', 'expTTT', 'expUUU', 'expVVV']
[2026-04-26 01:20:43]   ⏳ expNNN: step ?
[2026-04-26 01:20:43]   ⏳ expOOO: step ?
[2026-04-26 01:20:43]   ⏳ expPPP: step ?
[2026-04-26 01:20:43]   ⏳ expQQQ: step ?
[2026-04-26 01:20:43]   ⏳ expSSS: step ?
[2026-04-26 01:20:43]   ⏳ expTTT: step ?
[2026-04-26 01:20:43]   ⏳ expUUU: step ?
[2026-04-26 01:20:43]   ⏳ expVVV: step ?
[2026-04-26 01:22:43] Waiting... B10 missing=['expNNN', 'expOOO', 'expPPP', 'expQQQ', 'expSSS', 'expTTT', 'expUUU', 'expVVV']
[2026-04-26 01:22:43]   ⏳ expNNN: step ?
[2026-04-26 01:22:43]   ⏳ expOOO: step ?
[2026-04-26 01:22:43]   ⏳ expPPP: step ?
[2026-04-26 01:22:43]   ⏳ expQQQ: step ?
[2026-04-26 01:22:43]   ⏳ expSSS: step ?
[2026-04-26 01:22:43]   ⏳ expTTT: step ?
[2026-04-26 01:22:43]   ⏳ expUUU: step ?
[2026-04-26 01:22:43]   ⏳ expVVV: step ?
[2026-04-26 01:24:43] Waiting... B10 missing=['expNNN', 'expOOO', 'expPPP', 'expQQQ', 'expSSS', 'expTTT', 'expUUU', 'expVVV']
[2026-04-26 01:24:43]   ⏳ expNNN: step ?
[2026-04-26 01:24:43]   ⏳ expOOO: step ?
[2026-04-26 01:24:43]   ⏳ expPPP: step ?
[2026-04-26 01:24:43]   ⏳ expQQQ: step ?
[2026-04-26 01:24:43]   ⏳ expSSS: step ?
[2026-04-26 01:24:43]   ⏳ expTTT: step ?
[2026-04-26 01:24:43]   ⏳ expUUU: step ?
[2026-04-26 01:24:43]   ⏳ expVVV: step ?
[2026-04-26 01:26:44] Waiting... B10 missing=['expNNN', 'expOOO', 'expPPP', 'expQQQ', 'expSSS', 'expTTT', 'expUUU', 'expVVV']
[2026-04-26 01:26:44]   ⏳ expNNN: step ?
[2026-04-26 01:26:44]   ⏳ expOOO: step ?
[2026-04-26 01:26:44]   ⏳ expPPP: step ?
[2026-04-26 01:26:44]   ⏳ expQQQ: step ?
[2026-04-26 01:26:44]   ⏳ expSSS: step ?
[2026-04-26 01:26:44]   ⏳ expTTT: step ?
[2026-04-26 01:26:44]   ⏳ expUUU: step ?
[2026-04-26 01:26:44]   ⏳ expVVV: step ?
[2026-04-26 01:28:44] Waiting... B10 missing=['expNNN', 'expOOO', 'expPPP', 'expQQQ', 'expSSS', 'expTTT', 'expUUU', 'expVVV']
[2026-04-26 01:28:44]   ⏳ expNNN: step ?
[2026-04-26 01:28:44]   ⏳ expOOO: step ?
[2026-04-26 01:28:44]   ⏳ expPPP: step ?
[2026-04-26 01:28:44]   ⏳ expQQQ: step ?
[2026-04-26 01:28:44]   ⏳ expSSS: step ?
[2026-04-26 01:28:44]   ⏳ expTTT: step ?
[2026-04-26 01:28:44]   ⏳ expUUU: step ?
[2026-04-26 01:28:44]   ⏳ expVVV: step ?
[2026-04-26 01:30:44] Waiting... B10 missing=['expNNN', 'expOOO', 'expPPP', 'expQQQ', 'expSSS', 'expTTT', 'expUUU', 'expVVV']
[2026-04-26 01:30:44]   ⏳ expNNN: step ?
[2026-04-26 01:30:44]   ⏳ expOOO: step ?
[2026-04-26 01:30:44]   ⏳ expPPP: step ?
[2026-04-26 01:30:44]   ⏳ expQQQ: step ?
[2026-04-26 01:30:44]   ⏳ expSSS: step ?
[2026-04-26 01:30:44]   ⏳ expTTT: step ?
[2026-04-26 01:30:44]   ⏳ expUUU: step ?
[2026-04-26 01:30:44]   ⏳ expVVV: step ?
[2026-04-26 01:32:44] Waiting... B10 missing=['expNNN', 'expOOO', 'expPPP', 'expQQQ', 'expSSS', 'expTTT', 'expUUU', 'expVVV']
[2026-04-26 01:32:44]   ⏳ expNNN: step ?
[2026-04-26 01:32:44]   ⏳ expOOO: step ?
[2026-04-26 01:32:44]   ⏳ expPPP: step ?
[2026-04-26 01:32:44]   ⏳ expQQQ: step ?
[2026-04-26 01:32:44]   ⏳ expSSS: step ?
[2026-04-26 01:32:44]   ⏳ expTTT: step ?
[2026-04-26 01:32:44]   ⏳ expUUU: step ?
[2026-04-26 01:32:44]   ⏳ expVVV: step ?
[2026-04-26 01:34:44] Waiting... B10 missing=['expNNN', 'expOOO', 'expPPP', 'expQQQ', 'expSSS', 'expTTT', 'expUUU', 'expVVV']
[2026-04-26 01:34:44]   ⏳ expNNN: step ?
[2026-04-26 01:34:44]   ⏳ expOOO: step ?
[2026-04-26 01:34:44]   ⏳ expPPP: step ?
[2026-04-26 01:34:44]   ⏳ expQQQ: step ?
[2026-04-26 01:34:44]   ⏳ expSSS: step ?
[2026-04-26 01:34:44]   ⏳ expTTT: step ?
[2026-04-26 01:34:44]   ⏳ expUUU: step ?
[2026-04-26 01:34:44]   ⏳ expVVV: step ?
[2026-04-26 01:36:44] Waiting... B10 missing=['expNNN', 'expOOO', 'expPPP', 'expQQQ', 'expSSS', 'expTTT', 'expUUU', 'expVVV']
[2026-04-26 01:36:44]   ⏳ expNNN: step ?
[2026-04-26 01:36:44]   ⏳ expOOO: step ?
[2026-04-26 01:36:44]   ⏳ expPPP: step ?
[2026-04-26 01:36:44]   ⏳ expQQQ: step ?
[2026-04-26 01:36:44]   ⏳ expSSS: step ?
[2026-04-26 01:36:44]   ⏳ expTTT: step ?
[2026-04-26 01:36:44]   ⏳ expUUU: step ?
[2026-04-26 01:36:44]   ⏳ expVVV: step ?
[2026-04-26 01:38:44] Waiting... B10 missing=['expNNN', 'expOOO', 'expPPP', 'expQQQ', 'expSSS', 'expTTT', 'expUUU', 'expVVV']
[2026-04-26 01:38:44]   ⏳ expNNN: step ?
[2026-04-26 01:38:44]   ⏳ expOOO: step ?
[2026-04-26 01:38:44]   ⏳ expPPP: step ?
[2026-04-26 01:38:44]   ⏳ expQQQ: step ?
[2026-04-26 01:38:44]   ⏳ expSSS: step ?
[2026-04-26 01:38:44]   ⏳ expTTT: step ?
[2026-04-26 01:38:45]   ⏳ expUUU: step ?
[2026-04-26 01:38:45]   ⏳ expVVV: step ?
[2026-04-26 01:40:45] Waiting... B10 missing=['expNNN', 'expOOO', 'expPPP', 'expQQQ', 'expSSS', 'expTTT', 'expUUU', 'expVVV']
[2026-04-26 01:40:45]   ⏳ expNNN: step ?
[2026-04-26 01:40:45]   ⏳ expOOO: step ?
[2026-04-26 01:40:45]   ⏳ expPPP: step ?
[2026-04-26 01:40:45]   ⏳ expQQQ: step ?
[2026-04-26 01:40:45]   ⏳ expSSS: step ?
[2026-04-26 01:40:45]   ⏳ expTTT: step ?
[2026-04-26 01:40:45]   ⏳ expUUU: step ?
[2026-04-26 01:40:45]   ⏳ expVVV: step ?
[2026-04-26 01:42:45] Waiting... B10 missing=['expNNN', 'expOOO', 'expPPP', 'expQQQ', 'expSSS', 'expTTT', 'expUUU', 'expVVV']
[2026-04-26 01:42:45]   ⏳ expNNN: step ?
[2026-04-26 01:42:45]   ⏳ expOOO: step ?
[2026-04-26 01:42:45]   ⏳ expPPP: step ?
[2026-04-26 01:42:45]   ⏳ expQQQ: step ?
[2026-04-26 01:42:45]   ⏳ expSSS: step ?
[2026-04-26 01:42:45]   ⏳ expTTT: step ?
[2026-04-26 01:42:45]   ⏳ expUUU: step ?
[2026-04-26 01:42:45]   ⏳ expVVV: step ?
[2026-04-26 01:44:45] Waiting... B10 missing=['expNNN', 'expOOO', 'expPPP', 'expQQQ', 'expSSS', 'expTTT', 'expUUU', 'expVVV']
[2026-04-26 01:44:45]   ⏳ expNNN: step ?
[2026-04-26 01:44:45]   ⏳ expOOO: step ?
[2026-04-26 01:44:45]   ⏳ expPPP: step ?
[2026-04-26 01:44:45]   ⏳ expQQQ: step ?
[2026-04-26 01:44:45]   ⏳ expSSS: step ?
[2026-04-26 01:44:45]   ⏳ expTTT: step ?
[2026-04-26 01:44:45]   ⏳ expUUU: step ?
[2026-04-26 01:44:45]   ⏳ expVVV: step ?
[2026-04-26 01:46:45] Waiting... B10 missing=['expNNN', 'expOOO', 'expPPP', 'expQQQ', 'expSSS', 'expTTT', 'expUUU', 'expVVV']
[2026-04-26 01:46:45]   ⏳ expNNN: step ?
[2026-04-26 01:46:45]   ⏳ expOOO: step ?
[2026-04-26 01:46:45]   ⏳ expPPP: step ?
[2026-04-26 01:46:45]   ⏳ expQQQ: step ?
[2026-04-26 01:46:45]   ⏳ expSSS: step ?
[2026-04-26 01:46:45]   ⏳ expTTT: step ?
[2026-04-26 01:46:45]   ⏳ expUUU: step ?
[2026-04-26 01:46:45]   ⏳ expVVV: step ?
[2026-04-26 01:48:45] Waiting... B10 missing=['expNNN', 'expOOO', 'expPPP', 'expQQQ', 'expSSS', 'expTTT', 'expUUU', 'expVVV']
[2026-04-26 01:48:45]   ⏳ expNNN: step ?
[2026-04-26 01:48:45]   ⏳ expOOO: step ?
[2026-04-26 01:48:45]   ⏳ expPPP: step ?
[2026-04-26 01:48:45]   ⏳ expQQQ: step ?
[2026-04-26 01:48:45]   ⏳ expSSS: step ?
[2026-04-26 01:48:45]   ⏳ expTTT: step ?
[2026-04-26 01:48:45]   ⏳ expUUU: step ?
[2026-04-26 01:48:45]   ⏳ expVVV: step ?
[2026-04-26 01:50:46] Waiting... B10 missing=['expNNN', 'expOOO', 'expPPP', 'expQQQ', 'expSSS', 'expTTT', 'expUUU', 'expVVV']
[2026-04-26 01:50:46]   ⏳ expNNN: step ?
[2026-04-26 01:50:46]   ⏳ expOOO: step ?
[2026-04-26 01:50:46]   ⏳ expPPP: step ?
[2026-04-26 01:50:46]   ⏳ expQQQ: step ?
[2026-04-26 01:50:46]   ⏳ expSSS: step ?
[2026-04-26 01:50:46]   ⏳ expTTT: step ?
[2026-04-26 01:50:46]   ⏳ expUUU: step ?
[2026-04-26 01:50:46]   ⏳ expVVV: step ?
[2026-04-26 01:52:46] Waiting... B10 missing=['expNNN', 'expOOO', 'expPPP', 'expQQQ', 'expSSS', 'expTTT', 'expUUU', 'expVVV']
[2026-04-26 01:52:46]   ⏳ expNNN: step ?
[2026-04-26 01:52:46]   ⏳ expOOO: step ?
[2026-04-26 01:52:46]   ⏳ expPPP: step ?
[2026-04-26 01:52:46]   ⏳ expQQQ: step ?
[2026-04-26 01:52:46]   ⏳ expSSS: step ?
[2026-04-26 01:52:46]   ⏳ expTTT: step ?
[2026-04-26 01:52:46]   ⏳ expUUU: step ?
[2026-04-26 01:52:46]   ⏳ expVVV: step ?
[2026-04-26 01:54:46] Waiting... B10 missing=['expNNN', 'expOOO', 'expPPP', 'expQQQ', 'expSSS', 'expTTT', 'expUUU', 'expVVV']
[2026-04-26 01:54:46]   ⏳ expNNN: step ?
[2026-04-26 01:54:46]   ⏳ expOOO: step ?
[2026-04-26 01:54:46]   ⏳ expPPP: step ?
[2026-04-26 01:54:46]   ⏳ expQQQ: step ?
[2026-04-26 01:54:46]   ⏳ expSSS: step ?
[2026-04-26 01:54:46]   ⏳ expTTT: step ?
[2026-04-26 01:54:46]   ⏳ expUUU: step ?
[2026-04-26 01:54:46]   ⏳ expVVV: step ?
[2026-04-26 01:56:46] Waiting... B10 missing=['expNNN', 'expOOO', 'expPPP', 'expQQQ', 'expSSS', 'expTTT', 'expUUU', 'expVVV']
[2026-04-26 01:56:46]   ⏳ expNNN: step ?
[2026-04-26 01:56:46]   ⏳ expOOO: step ?
[2026-04-26 01:56:46]   ⏳ expPPP: step ?
[2026-04-26 01:56:46]   ⏳ expQQQ: step ?
[2026-04-26 01:56:46]   ⏳ expSSS: step ?
[2026-04-26 01:56:46]   ⏳ expTTT: step ?
[2026-04-26 01:56:46]   ⏳ expUUU: step ?
[2026-04-26 01:56:46]   ⏳ expVVV: step ?
[2026-04-26 01:58:46] Waiting... B10 missing=['expNNN', 'expOOO', 'expPPP', 'expQQQ', 'expSSS', 'expTTT', 'expUUU', 'expVVV']
[2026-04-26 01:58:46]   ⏳ expNNN: step ?
[2026-04-26 01:58:46]   ⏳ expOOO: step ?
[2026-04-26 01:58:46]   ⏳ expPPP: step ?
[2026-04-26 01:58:46]   ⏳ expQQQ: step ?
[2026-04-26 01:58:46]   ⏳ expSSS: step ?
[2026-04-26 01:58:46]   ⏳ expTTT: step ?
[2026-04-26 01:58:46]   ⏳ expUUU: step ?
[2026-04-26 01:58:46]   ⏳ expVVV: step ?
[2026-04-26 02:00:47] Waiting... B10 missing=['expNNN', 'expOOO', 'expPPP', 'expQQQ', 'expSSS', 'expTTT', 'expUUU', 'expVVV']
[2026-04-26 02:00:47]   ⏳ expNNN: step ?
[2026-04-26 02:00:47]   ⏳ expOOO: step ?
[2026-04-26 02:00:47]   ⏳ expPPP: step ?
[2026-04-26 02:00:47]   ⏳ expQQQ: step ?
[2026-04-26 02:00:47]   ⏳ expSSS: step ?
[2026-04-26 02:00:47]   ⏳ expTTT: step ?
[2026-04-26 02:00:47]   ⏳ expUUU: step ?
[2026-04-26 02:00:47]   ⏳ expVVV: step ?
[2026-04-26 02:02:47] Waiting... B10 missing=['expNNN', 'expOOO', 'expPPP', 'expQQQ', 'expSSS', 'expTTT', 'expUUU', 'expVVV']
[2026-04-26 02:02:47]   ⏳ expNNN: step ?
[2026-04-26 02:02:47]   ⏳ expOOO: step ?
[2026-04-26 02:02:47]   ⏳ expPPP: step ?
[2026-04-26 02:02:47]   ⏳ expQQQ: step ?
[2026-04-26 02:02:47]   ⏳ expSSS: step ?
[2026-04-26 02:02:47]   ⏳ expTTT: step ?
[2026-04-26 02:02:47]   ⏳ expUUU: step ?
[2026-04-26 02:02:47]   ⏳ expVVV: step ?
[2026-04-26 02:04:47] Waiting... B10 missing=['expNNN', 'expOOO', 'expPPP', 'expQQQ', 'expSSS', 'expTTT', 'expUUU', 'expVVV']
[2026-04-26 02:04:47]   ⏳ expNNN: step ?
[2026-04-26 02:04:47]   ⏳ expOOO: step ?
[2026-04-26 02:04:47]   ⏳ expPPP: step ?
[2026-04-26 02:04:47]   ⏳ expQQQ: step ?
[2026-04-26 02:04:47]   ⏳ expSSS: step ?
[2026-04-26 02:04:47]   ⏳ expTTT: step ?
[2026-04-26 02:04:47]   ⏳ expUUU: step ?
[2026-04-26 02:04:47]   ⏳ expVVV: step ?
[2026-04-26 02:06:47] Waiting... B10 missing=['expNNN', 'expOOO', 'expPPP', 'expQQQ', 'expSSS', 'expTTT', 'expUUU', 'expVVV']
[2026-04-26 02:06:47]   ⏳ expNNN: step ?
[2026-04-26 02:06:47]   ⏳ expOOO: step ?
[2026-04-26 02:06:47]   ⏳ expPPP: step ?
[2026-04-26 02:06:47]   ⏳ expQQQ: step ?
[2026-04-26 02:06:47]   ⏳ expSSS: step ?
[2026-04-26 02:06:47]   ⏳ expTTT: step ?
[2026-04-26 02:06:47]   ⏳ expUUU: step ?
[2026-04-26 02:06:47]   ⏳ expVVV: step ?
[2026-04-26 02:08:47] Waiting... B10 missing=['expNNN', 'expOOO', 'expPPP', 'expQQQ', 'expSSS', 'expTTT', 'expUUU', 'expVVV']
[2026-04-26 02:08:47]   ⏳ expNNN: step ?
[2026-04-26 02:08:47]   ⏳ expOOO: step ?
[2026-04-26 02:08:47]   ⏳ expPPP: step ?
[2026-04-26 02:08:47]   ⏳ expQQQ: step ?
[2026-04-26 02:08:47]   ⏳ expSSS: step ?
[2026-04-26 02:08:47]   ⏳ expTTT: step ?
[2026-04-26 02:08:47]   ⏳ expUUU: step ?
[2026-04-26 02:08:47]   ⏳ expVVV: step ?
[2026-04-26 02:10:48] Waiting... B10 missing=['expNNN', 'expOOO', 'expPPP', 'expQQQ', 'expSSS', 'expTTT', 'expUUU', 'expVVV']
[2026-04-26 02:10:48]   ⏳ expNNN: step ?
[2026-04-26 02:10:48]   ⏳ expOOO: step ?
[2026-04-26 02:10:48]   ⏳ expPPP: step ?
[2026-04-26 02:10:48]   ⏳ expQQQ: step ?
[2026-04-26 02:10:48]   ⏳ expSSS: step ?
[2026-04-26 02:10:48]   ⏳ expTTT: step ?
[2026-04-26 02:10:48]   ⏳ expUUU: step ?
[2026-04-26 02:10:48]   ⏳ expVVV: step ?
[2026-04-26 02:12:48] Waiting... B10 missing=['expNNN', 'expOOO', 'expPPP', 'expQQQ', 'expSSS', 'expTTT', 'expUUU', 'expVVV']
[2026-04-26 02:12:48]   ⏳ expNNN: step ?
[2026-04-26 02:12:48]   ⏳ expOOO: step ?
[2026-04-26 02:12:48]   ⏳ expPPP: step ?
[2026-04-26 02:12:48]   ⏳ expQQQ: step ?
[2026-04-26 02:12:48]   ⏳ expSSS: step ?
[2026-04-26 02:12:48]   ⏳ expTTT: step ?
[2026-04-26 02:12:48]   ⏳ expUUU: step ?
[2026-04-26 02:12:48]   ⏳ expVVV: step ?
[2026-04-26 02:14:48] Waiting... B10 missing=['expNNN', 'expOOO', 'expPPP', 'expQQQ', 'expSSS', 'expTTT', 'expUUU', 'expVVV']
[2026-04-26 02:14:48]   ⏳ expNNN: step ?
[2026-04-26 02:14:48]   ⏳ expOOO: step ?
[2026-04-26 02:14:48]   ⏳ expPPP: step ?
[2026-04-26 02:14:48]   ⏳ expQQQ: step ?
[2026-04-26 02:14:48]   ⏳ expSSS: step ?
[2026-04-26 02:14:48]   ⏳ expTTT: step ?
[2026-04-26 02:14:48]   ⏳ expUUU: step ?
[2026-04-26 02:14:48]   ⏳ expVVV: step ?
[2026-04-26 02:16:48] Waiting... B10 missing=['expNNN', 'expOOO', 'expPPP', 'expQQQ', 'expSSS', 'expTTT', 'expUUU', 'expVVV']
[2026-04-26 02:16:48]   ⏳ expNNN: step ?
[2026-04-26 02:16:48]   ⏳ expOOO: step ?
[2026-04-26 02:16:48]   ⏳ expPPP: step ?
[2026-04-26 02:16:48]   ⏳ expQQQ: step ?
[2026-04-26 02:16:48]   ⏳ expSSS: step ?
[2026-04-26 02:16:48]   ⏳ expTTT: step ?
[2026-04-26 02:16:48]   ⏳ expUUU: step ?
[2026-04-26 02:16:48]   ⏳ expVVV: step ?
[2026-04-26 02:18:48] Waiting... B10 missing=['expNNN', 'expOOO', 'expPPP', 'expQQQ', 'expSSS', 'expTTT', 'expUUU', 'expVVV']
[2026-04-26 02:18:48]   ⏳ expNNN: step ?
[2026-04-26 02:18:48]   ⏳ expOOO: step ?
[2026-04-26 02:18:48]   ⏳ expPPP: step ?
[2026-04-26 02:18:48]   ⏳ expQQQ: step ?
[2026-04-26 02:18:48]   ⏳ expSSS: step ?
[2026-04-26 02:18:48]   ⏳ expTTT: step ?
[2026-04-26 02:18:48]   ⏳ expUUU: step ?
[2026-04-26 02:18:48]   ⏳ expVVV: step ?
[2026-04-26 02:20:49] Waiting... B10 missing=['expNNN', 'expOOO', 'expPPP', 'expQQQ', 'expSSS', 'expTTT', 'expUUU', 'expVVV']
[2026-04-26 02:20:49]   ⏳ expNNN: step ?
[2026-04-26 02:20:49]   ⏳ expOOO: step ?
[2026-04-26 02:20:49]   ⏳ expPPP: step ?
[2026-04-26 02:20:49]   ⏳ expQQQ: step ?
[2026-04-26 02:20:49]   ⏳ expSSS: step ?
[2026-04-26 02:20:49]   ⏳ expTTT: step ?
[2026-04-26 02:20:49]   ⏳ expUUU: step ?
[2026-04-26 02:20:49]   ⏳ expVVV: step ?
[2026-04-26 02:22:49] Waiting... B10 missing=['expNNN', 'expOOO', 'expPPP', 'expQQQ', 'expSSS', 'expTTT', 'expUUU', 'expVVV']
[2026-04-26 02:22:49]   ⏳ expNNN: step ?
[2026-04-26 02:22:49]   ⏳ expOOO: step ?
[2026-04-26 02:22:49]   ⏳ expPPP: step ?
[2026-04-26 02:22:49]   ⏳ expQQQ: step ?
[2026-04-26 02:22:49]   ⏳ expSSS: step ?
[2026-04-26 02:22:49]   ⏳ expTTT: step ?
[2026-04-26 02:22:49]   ⏳ expUUU: step ?
[2026-04-26 02:22:49]   ⏳ expVVV: step ?
[2026-04-26 02:24:49] Waiting... B10 missing=['expNNN', 'expOOO', 'expPPP', 'expQQQ', 'expSSS', 'expTTT', 'expUUU', 'expVVV']
[2026-04-26 02:24:49]   ⏳ expNNN: step ?
[2026-04-26 02:24:49]   ⏳ expOOO: step ?
[2026-04-26 02:24:49]   ⏳ expPPP: step ?
[2026-04-26 02:24:49]   ⏳ expQQQ: step ?
[2026-04-26 02:24:49]   ⏳ expSSS: step ?
[2026-04-26 02:24:49]   ⏳ expTTT: step ?
[2026-04-26 02:24:49]   ⏳ expUUU: step ?
[2026-04-26 02:24:49]   ⏳ expVVV: step ?
[2026-04-26 02:26:49] Waiting... B10 missing=['expNNN', 'expOOO', 'expPPP', 'expQQQ', 'expSSS', 'expTTT', 'expUUU', 'expVVV']
[2026-04-26 02:26:49]   ⏳ expNNN: step ?
[2026-04-26 02:26:49]   ⏳ expOOO: step ?
[2026-04-26 02:26:49]   ⏳ expPPP: step ?
[2026-04-26 02:26:49]   ⏳ expQQQ: step ?
[2026-04-26 02:26:49]   ⏳ expSSS: step ?
[2026-04-26 02:26:49]   ⏳ expTTT: step ?
[2026-04-26 02:26:49]   ⏳ expUUU: step ?
[2026-04-26 02:26:49]   ⏳ expVVV: step ?
[2026-04-26 02:28:49] Waiting... B10 missing=['expNNN', 'expOOO', 'expPPP', 'expQQQ', 'expSSS', 'expTTT', 'expUUU', 'expVVV']
[2026-04-26 02:28:49]   ⏳ expNNN: step ?
[2026-04-26 02:28:49]   ⏳ expOOO: step ?
[2026-04-26 02:28:49]   ⏳ expPPP: step ?
[2026-04-26 02:28:49]   ⏳ expQQQ: step ?
[2026-04-26 02:28:49]   ⏳ expSSS: step ?
[2026-04-26 02:28:49]   ⏳ expTTT: step ?
[2026-04-26 02:28:49]   ⏳ expUUU: step ?
[2026-04-26 02:28:49]   ⏳ expVVV: step ?
[2026-04-26 02:30:49] Waiting... B10 missing=['expNNN', 'expOOO', 'expPPP', 'expQQQ', 'expSSS', 'expTTT', 'expUUU', 'expVVV']
[2026-04-26 02:30:50]   ⏳ expNNN: step ?
[2026-04-26 02:30:50]   ⏳ expOOO: step ?
[2026-04-26 02:30:50]   ⏳ expPPP: step ?
[2026-04-26 02:30:50]   ⏳ expQQQ: step ?
[2026-04-26 02:30:50]   ⏳ expSSS: step ?
[2026-04-26 02:30:50]   ⏳ expTTT: step ?
[2026-04-26 02:30:50]   ⏳ expUUU: step ?
[2026-04-26 02:30:50]   ⏳ expVVV: step ?
[2026-04-26 02:32:50] Waiting... B10 missing=['expNNN', 'expOOO', 'expPPP', 'expQQQ', 'expSSS', 'expTTT', 'expUUU', 'expVVV']
[2026-04-26 02:32:50]   ⏳ expNNN: step ?
[2026-04-26 02:32:50]   ⏳ expOOO: step ?
[2026-04-26 02:32:50]   ⏳ expPPP: step ?
[2026-04-26 02:32:50]   ⏳ expQQQ: step ?
[2026-04-26 02:32:50]   ⏳ expSSS: step ?
[2026-04-26 02:32:50]   ⏳ expTTT: step ?
[2026-04-26 02:32:50]   ⏳ expUUU: step ?
[2026-04-26 02:32:50]   ⏳ expVVV: step ?
[2026-04-26 02:34:50] Waiting... B10 missing=['expNNN', 'expOOO', 'expPPP', 'expQQQ', 'expSSS', 'expTTT', 'expUUU', 'expVVV']
[2026-04-26 02:34:50]   ⏳ expNNN: step ?
[2026-04-26 02:34:50]   ⏳ expOOO: step ?
[2026-04-26 02:34:50]   ⏳ expPPP: step ?
[2026-04-26 02:34:50]   ⏳ expQQQ: step ?
[2026-04-26 02:34:50]   ⏳ expSSS: step ?
[2026-04-26 02:34:50]   ⏳ expTTT: step ?
[2026-04-26 02:34:50]   ⏳ expUUU: step ?
[2026-04-26 02:34:50]   ⏳ expVVV: step ?
[2026-04-26 02:36:50] Waiting... B10 missing=['expNNN', 'expOOO', 'expPPP', 'expQQQ', 'expSSS', 'expTTT', 'expUUU', 'expVVV']
[2026-04-26 02:36:50]   ⏳ expNNN: step ?
[2026-04-26 02:36:50]   ⏳ expOOO: step ?
[2026-04-26 02:36:50]   ⏳ expPPP: step ?
[2026-04-26 02:36:50]   ⏳ expQQQ: step ?
[2026-04-26 02:36:50]   ⏳ expSSS: step ?
[2026-04-26 02:36:50]   ⏳ expTTT: step ?
[2026-04-26 02:36:50]   ⏳ expUUU: step ?
[2026-04-26 02:36:50]   ⏳ expVVV: step ?
[2026-04-26 02:38:50] Waiting... B10 missing=['expNNN', 'expOOO', 'expPPP', 'expQQQ', 'expSSS', 'expTTT', 'expUUU', 'expVVV']
[2026-04-26 02:38:50]   ⏳ expNNN: step ?
[2026-04-26 02:38:50]   ⏳ expOOO: step ?
[2026-04-26 02:38:50]   ⏳ expPPP: step ?
[2026-04-26 02:38:50]   ⏳ expQQQ: step ?
[2026-04-26 02:38:50]   ⏳ expSSS: step ?
[2026-04-26 02:38:50]   ⏳ expTTT: step ?
[2026-04-26 02:38:50]   ⏳ expUUU: step ?
[2026-04-26 02:38:50]   ⏳ expVVV: step ?
[2026-04-26 02:40:50] Waiting... B10 missing=['expNNN', 'expOOO', 'expPPP', 'expQQQ', 'expSSS', 'expTTT', 'expUUU', 'expVVV']
[2026-04-26 02:40:50]   ⏳ expNNN: step ?
[2026-04-26 02:40:50]   ⏳ expOOO: step ?
[2026-04-26 02:40:50]   ⏳ expPPP: step ?
[2026-04-26 02:40:50]   ⏳ expQQQ: step ?
[2026-04-26 02:40:50]   ⏳ expSSS: step ?
[2026-04-26 02:40:50]   ⏳ expTTT: step ?
[2026-04-26 02:40:50]   ⏳ expUUU: step ?
[2026-04-26 02:40:50]   ⏳ expVVV: step ?
[2026-04-26 02:42:51] Waiting... B10 missing=['expNNN', 'expOOO', 'expPPP', 'expQQQ', 'expSSS', 'expTTT', 'expUUU', 'expVVV']
[2026-04-26 02:42:51]   ⏳ expNNN: step ?
[2026-04-26 02:42:51]   ⏳ expOOO: step ?
[2026-04-26 02:42:51]   ⏳ expPPP: step ?
[2026-04-26 02:42:51]   ⏳ expQQQ: step ?
[2026-04-26 02:42:51]   ⏳ expSSS: step ?
[2026-04-26 02:42:51]   ⏳ expTTT: step ?
[2026-04-26 02:42:51]   ⏳ expUUU: step ?
[2026-04-26 02:42:51]   ⏳ expVVV: step ?
[2026-04-26 02:44:51] Waiting... B10 missing=['expNNN', 'expOOO', 'expPPP', 'expQQQ', 'expSSS', 'expTTT', 'expUUU', 'expVVV']
[2026-04-26 02:44:51]   ⏳ expNNN: step ?
[2026-04-26 02:44:51]   ⏳ expOOO: step ?
[2026-04-26 02:44:51]   ⏳ expPPP: step ?
[2026-04-26 02:44:51]   ⏳ expQQQ: step ?
[2026-04-26 02:44:51]   ⏳ expSSS: step ?
[2026-04-26 02:44:51]   ⏳ expTTT: step ?
[2026-04-26 02:44:51]   ⏳ expUUU: step ?
[2026-04-26 02:44:51]   ⏳ expVVV: step ?
[2026-04-26 02:46:51] Waiting... B10 missing=['expNNN', 'expOOO', 'expPPP', 'expQQQ', 'expSSS', 'expTTT', 'expUUU', 'expVVV']
[2026-04-26 02:46:51]   ⏳ expNNN: step ?
[2026-04-26 02:46:51]   ⏳ expOOO: step ?
[2026-04-26 02:46:51]   ⏳ expPPP: step ?
[2026-04-26 02:46:51]   ⏳ expQQQ: step ?
[2026-04-26 02:46:51]   ⏳ expSSS: step ?
[2026-04-26 02:46:51]   ⏳ expTTT: step ?
[2026-04-26 02:46:51]   ⏳ expUUU: step ?
[2026-04-26 02:46:51]   ⏳ expVVV: step ?
[2026-04-26 02:48:51] Waiting... B10 missing=['expNNN', 'expOOO', 'expPPP', 'expQQQ', 'expSSS', 'expTTT', 'expUUU', 'expVVV']
[2026-04-26 02:48:51]   ⏳ expNNN: step ?
[2026-04-26 02:48:51]   ⏳ expOOO: step ?
[2026-04-26 02:48:51]   ⏳ expPPP: step ?
[2026-04-26 02:48:51]   ⏳ expQQQ: step ?
[2026-04-26 02:48:51]   ⏳ expSSS: step ?
[2026-04-26 02:48:51]   ⏳ expTTT: step ?
[2026-04-26 02:48:51]   ⏳ expUUU: step ?
[2026-04-26 02:48:51]   ⏳ expVVV: step ?
[2026-04-26 02:50:51] Waiting... B10 missing=['expNNN', 'expOOO', 'expPPP', 'expQQQ', 'expSSS', 'expTTT', 'expUUU', 'expVVV']
[2026-04-26 02:50:51]   ⏳ expNNN: step ?
[2026-04-26 02:50:51]   ⏳ expOOO: step ?
[2026-04-26 02:50:51]   ⏳ expPPP: step ?
[2026-04-26 02:50:51]   ⏳ expQQQ: step ?
[2026-04-26 02:50:51]   ⏳ expSSS: step ?
[2026-04-26 02:50:51]   ⏳ expTTT: step ?
[2026-04-26 02:50:51]   ⏳ expUUU: step ?
[2026-04-26 02:50:51]   ⏳ expVVV: step ?
[2026-04-26 02:52:52] Waiting... B10 missing=['expNNN', 'expOOO', 'expPPP', 'expQQQ', 'expSSS', 'expTTT', 'expUUU', 'expVVV']
[2026-04-26 02:52:52]   ⏳ expNNN: step ?
[2026-04-26 02:52:52]   ⏳ expOOO: step ?
[2026-04-26 02:52:52]   ⏳ expPPP: step ?
[2026-04-26 02:52:52]   ⏳ expQQQ: step ?
[2026-04-26 02:52:52]   ⏳ expSSS: step ?
[2026-04-26 02:52:52]   ⏳ expTTT: step ?
[2026-04-26 02:52:52]   ⏳ expUUU: step ?
[2026-04-26 02:52:52]   ⏳ expVVV: step ?
[2026-04-26 02:54:52] Waiting... B10 missing=['expNNN', 'expOOO', 'expPPP', 'expQQQ', 'expSSS', 'expTTT', 'expUUU', 'expVVV']
[2026-04-26 02:54:52]   ⏳ expNNN: step ?
[2026-04-26 02:54:52]   ⏳ expOOO: step ?
[2026-04-26 02:54:52]   ⏳ expPPP: step ?
[2026-04-26 02:54:52]   ⏳ expQQQ: step ?
[2026-04-26 02:54:52]   ⏳ expSSS: step ?
[2026-04-26 02:54:52]   ⏳ expTTT: step ?
[2026-04-26 02:54:52]   ⏳ expUUU: step ?
[2026-04-26 02:54:52]   ⏳ expVVV: step ?
[2026-04-26 02:56:52] Waiting... B10 missing=['expNNN', 'expOOO', 'expPPP', 'expQQQ', 'expSSS', 'expTTT', 'expUUU', 'expVVV']
[2026-04-26 02:56:52]   ⏳ expNNN: step ?
[2026-04-26 02:56:52]   ⏳ expOOO: step ?
[2026-04-26 02:56:52]   ⏳ expPPP: step ?
[2026-04-26 02:56:52]   ⏳ expQQQ: step ?
[2026-04-26 02:56:52]   ⏳ expSSS: step ?
[2026-04-26 02:56:52]   ⏳ expTTT: step ?
[2026-04-26 02:56:52]   ⏳ expUUU: step ?
[2026-04-26 02:56:52]   ⏳ expVVV: step ?
[2026-04-26 02:58:52] Waiting... B10 missing=['expNNN', 'expOOO', 'expPPP', 'expQQQ', 'expSSS', 'expTTT', 'expUUU', 'expVVV']
[2026-04-26 02:58:52]   ⏳ expNNN: step ?
[2026-04-26 02:58:52]   ⏳ expOOO: step ?
[2026-04-26 02:58:52]   ⏳ expPPP: step ?
[2026-04-26 02:58:52]   ⏳ expQQQ: step ?
[2026-04-26 02:58:52]   ⏳ expSSS: step ?
[2026-04-26 02:58:52]   ⏳ expTTT: step ?
[2026-04-26 02:58:52]   ⏳ expUUU: step ?
[2026-04-26 02:58:52]   ⏳ expVVV: step ?
[2026-04-26 03:00:52] Waiting... B10 missing=['expNNN', 'expOOO', 'expPPP', 'expQQQ', 'expSSS', 'expTTT', 'expUUU', 'expVVV']
[2026-04-26 03:00:52]   ⏳ expNNN: step ?
[2026-04-26 03:00:52]   ⏳ expOOO: step ?
[2026-04-26 03:00:52]   ⏳ expPPP: step ?
[2026-04-26 03:00:52]   ⏳ expQQQ: step ?
[2026-04-26 03:00:52]   ⏳ expSSS: step ?
[2026-04-26 03:00:52]   ⏳ expTTT: step ?
[2026-04-26 03:00:52]   ⏳ expUUU: step ?
[2026-04-26 03:00:52]   ⏳ expVVV: step ?
[2026-04-26 03:02:53] Waiting... B10 missing=['expNNN', 'expOOO', 'expPPP', 'expQQQ', 'expSSS', 'expTTT', 'expUUU', 'expVVV']
[2026-04-26 03:02:53]   ⏳ expNNN: step ?
[2026-04-26 03:02:53]   ⏳ expOOO: step ?
[2026-04-26 03:02:53]   ⏳ expPPP: step ?
[2026-04-26 03:02:53]   ⏳ expQQQ: step ?
[2026-04-26 03:02:53]   ⏳ expSSS: step ?
[2026-04-26 03:02:53]   ⏳ expTTT: step ?
[2026-04-26 03:02:53]   ⏳ expUUU: step ?
[2026-04-26 03:02:53]   ⏳ expVVV: step ?
[2026-04-26 03:04:53] Waiting... B10 missing=['expNNN', 'expOOO', 'expPPP', 'expQQQ', 'expSSS', 'expTTT', 'expUUU', 'expVVV']
[2026-04-26 03:04:53]   ⏳ expNNN: step ?
[2026-04-26 03:04:53]   ⏳ expOOO: step ?
[2026-04-26 03:04:53]   ⏳ expPPP: step ?
[2026-04-26 03:04:53]   ⏳ expQQQ: step ?
[2026-04-26 03:04:53]   ⏳ expSSS: step ?
[2026-04-26 03:04:53]   ⏳ expTTT: step ?
[2026-04-26 03:04:53]   ⏳ expUUU: step ?
[2026-04-26 03:04:53]   ⏳ expVVV: step ?
[2026-04-26 03:06:53] Waiting... B10 missing=['expNNN', 'expOOO', 'expPPP', 'expQQQ', 'expSSS', 'expTTT', 'expUUU', 'expVVV']
[2026-04-26 03:06:53]   ⏳ expNNN: step ?
[2026-04-26 03:06:53]   ⏳ expOOO: step ?
[2026-04-26 03:06:53]   ⏳ expPPP: step ?
[2026-04-26 03:06:53]   ⏳ expQQQ: step ?
[2026-04-26 03:06:53]   ⏳ expSSS: step ?
[2026-04-26 03:06:53]   ⏳ expTTT: step ?
[2026-04-26 03:06:53]   ⏳ expUUU: step ?
[2026-04-26 03:06:53]   ⏳ expVVV: step ?
[2026-04-26 03:08:53] Waiting... B10 missing=['expNNN', 'expOOO', 'expPPP', 'expQQQ', 'expSSS', 'expTTT', 'expUUU', 'expVVV']
[2026-04-26 03:08:53]   ⏳ expNNN: step ?
[2026-04-26 03:08:53]   ⏳ expOOO: step ?
[2026-04-26 03:08:53]   ⏳ expPPP: step ?
[2026-04-26 03:08:53]   ⏳ expQQQ: step ?
[2026-04-26 03:08:53]   ⏳ expSSS: step ?
[2026-04-26 03:08:53]   ⏳ expTTT: step ?
[2026-04-26 03:08:53]   ⏳ expUUU: step ?
[2026-04-26 03:08:53]   ⏳ expVVV: step ?
[2026-04-26 03:10:53] Waiting... B10 missing=['expNNN', 'expOOO', 'expPPP', 'expQQQ', 'expSSS', 'expTTT', 'expUUU', 'expVVV']
[2026-04-26 03:10:53]   ⏳ expNNN: step ?
[2026-04-26 03:10:53]   ⏳ expOOO: step ?
[2026-04-26 03:10:53]   ⏳ expPPP: step ?
[2026-04-26 03:10:53]   ⏳ expQQQ: step ?
[2026-04-26 03:10:53]   ⏳ expSSS: step ?
[2026-04-26 03:10:53]   ⏳ expTTT: step ?
[2026-04-26 03:10:53]   ⏳ expUUU: step ?
[2026-04-26 03:10:53]   ⏳ expVVV: step ?
[2026-04-26 03:12:54] Waiting... B10 missing=['expNNN', 'expOOO', 'expPPP', 'expQQQ', 'expSSS', 'expTTT', 'expUUU', 'expVVV']
[2026-04-26 03:12:54]   ⏳ expNNN: step ?
[2026-04-26 03:12:54]   ⏳ expOOO: step ?
[2026-04-26 03:12:54]   ⏳ expPPP: step ?
[2026-04-26 03:12:54]   ⏳ expQQQ: step ?
[2026-04-26 03:12:54]   ⏳ expSSS: step ?
[2026-04-26 03:12:54]   ⏳ expTTT: step ?
[2026-04-26 03:12:54]   ⏳ expUUU: step ?
[2026-04-26 03:12:54]   ⏳ expVVV: step ?
[2026-04-26 03:14:54] Waiting... B10 missing=['expNNN', 'expOOO', 'expPPP', 'expQQQ', 'expSSS', 'expTTT', 'expUUU', 'expVVV']
[2026-04-26 03:14:54]   ⏳ expNNN: step ?
[2026-04-26 03:14:54]   ⏳ expOOO: step ?
[2026-04-26 03:14:54]   ⏳ expPPP: step ?
[2026-04-26 03:14:54]   ⏳ expQQQ: step ?
[2026-04-26 03:14:54]   ⏳ expSSS: step ?
[2026-04-26 03:14:54]   ⏳ expTTT: step ?
[2026-04-26 03:14:54]   ⏳ expUUU: step ?
[2026-04-26 03:14:54]   ⏳ expVVV: step ?
[2026-04-26 03:16:54] Waiting... B10 missing=['expNNN', 'expOOO', 'expPPP', 'expQQQ', 'expSSS', 'expTTT', 'expUUU', 'expVVV']
[2026-04-26 03:16:54]   ⏳ expNNN: step ?
[2026-04-26 03:16:54]   ⏳ expOOO: step ?
[2026-04-26 03:16:54]   ⏳ expPPP: step ?
[2026-04-26 03:16:54]   ⏳ expQQQ: step ?
[2026-04-26 03:16:54]   ⏳ expSSS: step ?
[2026-04-26 03:16:54]   ⏳ expTTT: step ?
[2026-04-26 03:16:54]   ⏳ expUUU: step ?
[2026-04-26 03:16:54]   ⏳ expVVV: step ?
[2026-04-26 03:18:54] Waiting... B10 missing=['expNNN', 'expOOO', 'expPPP', 'expQQQ', 'expSSS', 'expTTT', 'expUUU', 'expVVV']
[2026-04-26 03:18:54]   ⏳ expNNN: step ?
[2026-04-26 03:18:54]   ⏳ expOOO: step ?
[2026-04-26 03:18:54]   ⏳ expPPP: step ?
[2026-04-26 03:18:54]   ⏳ expQQQ: step ?
[2026-04-26 03:18:54]   ⏳ expSSS: step ?
[2026-04-26 03:18:54]   ⏳ expTTT: step ?
[2026-04-26 03:18:54]   ⏳ expUUU: step ?
[2026-04-26 03:18:54]   ⏳ expVVV: step ?
[2026-04-26 03:20:54] Waiting... B10 missing=['expNNN', 'expOOO', 'expPPP', 'expQQQ', 'expSSS', 'expTTT', 'expUUU', 'expVVV']
[2026-04-26 03:20:54]   ⏳ expNNN: step ?
[2026-04-26 03:20:54]   ⏳ expOOO: step ?
[2026-04-26 03:20:54]   ⏳ expPPP: step ?
[2026-04-26 03:20:54]   ⏳ expQQQ: step ?
[2026-04-26 03:20:54]   ⏳ expSSS: step ?
[2026-04-26 03:20:54]   ⏳ expTTT: step ?
[2026-04-26 03:20:54]   ⏳ expUUU: step ?
[2026-04-26 03:20:54]   ⏳ expVVV: step ?
[2026-04-26 03:22:55] Waiting... B10 missing=['expNNN', 'expOOO', 'expPPP', 'expQQQ', 'expSSS', 'expTTT', 'expUUU', 'expVVV']
[2026-04-26 03:22:55]   ⏳ expNNN: step ?
[2026-04-26 03:22:55]   ⏳ expOOO: step ?
[2026-04-26 03:22:55]   ⏳ expPPP: step ?
[2026-04-26 03:22:55]   ⏳ expQQQ: step ?
[2026-04-26 03:22:55]   ⏳ expSSS: step ?
[2026-04-26 03:22:55]   ⏳ expTTT: step ?
[2026-04-26 03:22:55]   ⏳ expUUU: step ?
[2026-04-26 03:22:55]   ⏳ expVVV: step ?
[2026-04-26 03:24:55] Waiting... B10 missing=['expNNN', 'expOOO', 'expPPP', 'expQQQ', 'expSSS', 'expTTT', 'expUUU', 'expVVV']
[2026-04-26 03:24:55]   ⏳ expNNN: step ?
[2026-04-26 03:24:55]   ⏳ expOOO: step ?
[2026-04-26 03:24:55]   ⏳ expPPP: step ?
[2026-04-26 03:24:55]   ⏳ expQQQ: step ?
[2026-04-26 03:24:55]   ⏳ expSSS: step ?
[2026-04-26 03:24:55]   ⏳ expTTT: step ?
[2026-04-26 03:24:55]   ⏳ expUUU: step ?
[2026-04-26 03:24:55]   ⏳ expVVV: step ?
[2026-04-26 03:26:55] Waiting... B10 missing=['expNNN', 'expOOO', 'expPPP', 'expQQQ', 'expSSS', 'expTTT', 'expUUU', 'expVVV']
[2026-04-26 03:26:55]   ⏳ expNNN: step ?
[2026-04-26 03:26:55]   ⏳ expOOO: step ?
[2026-04-26 03:26:55]   ⏳ expPPP: step ?
[2026-04-26 03:26:55]   ⏳ expQQQ: step ?
[2026-04-26 03:26:55]   ⏳ expSSS: step ?
[2026-04-26 03:26:55]   ⏳ expTTT: step ?
[2026-04-26 03:26:55]   ⏳ expUUU: step ?
[2026-04-26 03:26:55]   ⏳ expVVV: step ?
[2026-04-26 03:28:55] Waiting... B10 missing=['expNNN', 'expOOO', 'expPPP', 'expQQQ', 'expSSS', 'expTTT', 'expUUU', 'expVVV']
[2026-04-26 03:28:55]   ⏳ expNNN: step ?
[2026-04-26 03:28:55]   ⏳ expOOO: step ?
[2026-04-26 03:28:55]   ⏳ expPPP: step ?
[2026-04-26 03:28:55]   ⏳ expQQQ: step ?
[2026-04-26 03:28:55]   ⏳ expSSS: step ?
[2026-04-26 03:28:55]   ⏳ expTTT: step ?
[2026-04-26 03:28:55]   ⏳ expUUU: step ?
[2026-04-26 03:28:55]   ⏳ expVVV: step ?
[2026-04-26 03:30:55] Waiting... B10 missing=['expNNN', 'expOOO', 'expPPP', 'expQQQ', 'expSSS', 'expTTT', 'expUUU', 'expVVV']
[2026-04-26 03:30:55]   ⏳ expNNN: step ?
[2026-04-26 03:30:55]   ⏳ expOOO: step ?
[2026-04-26 03:30:55]   ⏳ expPPP: step ?
[2026-04-26 03:30:55]   ⏳ expQQQ: step ?
[2026-04-26 03:30:55]   ⏳ expSSS: step ?
[2026-04-26 03:30:55]   ⏳ expTTT: step ?
[2026-04-26 03:30:55]   ⏳ expUUU: step ?
[2026-04-26 03:30:55]   ⏳ expVVV: step ?
[2026-04-26 03:32:56] Waiting... B10 missing=['expNNN', 'expOOO', 'expPPP', 'expQQQ', 'expSSS', 'expTTT', 'expUUU', 'expVVV']
[2026-04-26 03:32:56]   ⏳ expNNN: step ?
[2026-04-26 03:32:56]   ⏳ expOOO: step ?
[2026-04-26 03:32:56]   ⏳ expPPP: step ?
[2026-04-26 03:32:56]   ⏳ expQQQ: step ?
[2026-04-26 03:32:56]   ⏳ expSSS: step ?
[2026-04-26 03:32:56]   ⏳ expTTT: step ?
[2026-04-26 03:32:56]   ⏳ expUUU: step ?
[2026-04-26 03:32:56]   ⏳ expVVV: step ?
[2026-04-26 03:34:56] Waiting... B10 missing=['expNNN', 'expOOO', 'expPPP', 'expQQQ', 'expSSS', 'expTTT', 'expUUU', 'expVVV']
[2026-04-26 03:34:56]   ⏳ expNNN: step ?
[2026-04-26 03:34:56]   ⏳ expOOO: step ?
[2026-04-26 03:34:56]   ⏳ expPPP: step ?
[2026-04-26 03:34:56]   ⏳ expQQQ: step ?
[2026-04-26 03:34:56]   ⏳ expSSS: step ?
[2026-04-26 03:34:56]   ⏳ expTTT: step ?
[2026-04-26 03:34:56]   ⏳ expUUU: step ?
[2026-04-26 03:34:56]   ⏳ expVVV: step ?
[2026-04-26 03:36:56] Waiting... B10 missing=['expNNN', 'expOOO', 'expPPP', 'expQQQ', 'expSSS', 'expTTT', 'expUUU', 'expVVV']
[2026-04-26 03:36:56]   ⏳ expNNN: step ?
[2026-04-26 03:36:56]   ⏳ expOOO: step ?
[2026-04-26 03:36:56]   ⏳ expPPP: step ?
[2026-04-26 03:36:56]   ⏳ expQQQ: step ?
[2026-04-26 03:36:56]   ⏳ expSSS: step ?
[2026-04-26 03:36:56]   ⏳ expTTT: step ?
[2026-04-26 03:36:56]   ⏳ expUUU: step ?
[2026-04-26 03:36:56]   ⏳ expVVV: step ?
[2026-04-26 03:38:56] Waiting... B10 missing=['expNNN', 'expOOO', 'expPPP', 'expQQQ', 'expSSS', 'expTTT', 'expUUU', 'expVVV']
[2026-04-26 03:38:56]   ⏳ expNNN: step ?
[2026-04-26 03:38:56]   ⏳ expOOO: step ?
[2026-04-26 03:38:56]   ⏳ expPPP: step ?
[2026-04-26 03:38:56]   ⏳ expQQQ: step ?
[2026-04-26 03:38:56]   ⏳ expSSS: step ?
[2026-04-26 03:38:56]   ⏳ expTTT: step ?
[2026-04-26 03:38:56]   ⏳ expUUU: step ?
[2026-04-26 03:38:56]   ⏳ expVVV: step ?
[2026-04-26 03:40:56] Waiting... B10 missing=['expNNN', 'expOOO', 'expPPP', 'expQQQ', 'expSSS', 'expTTT', 'expUUU', 'expVVV']
[2026-04-26 03:40:56]   ⏳ expNNN: step ?
[2026-04-26 03:40:56]   ⏳ expOOO: step ?
[2026-04-26 03:40:56]   ⏳ expPPP: step ?
[2026-04-26 03:40:56]   ⏳ expQQQ: step ?
[2026-04-26 03:40:56]   ⏳ expSSS: step ?
[2026-04-26 03:40:56]   ⏳ expTTT: step ?
[2026-04-26 03:40:56]   ⏳ expUUU: step ?
[2026-04-26 03:40:56]   ⏳ expVVV: step ?
[2026-04-26 03:42:56] Waiting... B10 missing=['expNNN', 'expOOO', 'expPPP', 'expQQQ', 'expSSS', 'expTTT', 'expUUU', 'expVVV']
[2026-04-26 03:42:56]   ⏳ expNNN: step ?
[2026-04-26 03:42:56]   ⏳ expOOO: step ?
[2026-04-26 03:42:56]   ⏳ expPPP: step ?
[2026-04-26 03:42:56]   ⏳ expQQQ: step ?
[2026-04-26 03:42:56]   ⏳ expSSS: step ?
[2026-04-26 03:42:57]   ⏳ expTTT: step ?
[2026-04-26 03:42:57]   ⏳ expUUU: step ?
[2026-04-26 03:42:57]   ⏳ expVVV: step ?
[2026-04-26 03:44:57] Waiting... B10 missing=['expNNN', 'expOOO', 'expPPP', 'expQQQ', 'expSSS', 'expTTT', 'expUUU', 'expVVV']
[2026-04-26 03:44:57]   ⏳ expNNN: step ?
[2026-04-26 03:44:57]   ⏳ expOOO: step ?
[2026-04-26 03:44:57]   ⏳ expPPP: step ?
[2026-04-26 03:44:57]   ⏳ expQQQ: step ?
[2026-04-26 03:44:57]   ⏳ expSSS: step ?
[2026-04-26 03:44:57]   ⏳ expTTT: step ?
[2026-04-26 03:44:57]   ⏳ expUUU: step ?
[2026-04-26 03:44:57]   ⏳ expVVV: step ?
[2026-04-26 03:46:57] Waiting... B10 missing=['expNNN', 'expOOO', 'expPPP', 'expQQQ', 'expSSS', 'expTTT', 'expUUU', 'expVVV']
[2026-04-26 03:46:57]   ⏳ expNNN: step ?
[2026-04-26 03:46:57]   ⏳ expOOO: step ?
[2026-04-26 03:46:57]   ⏳ expPPP: step ?
[2026-04-26 03:46:57]   ⏳ expQQQ: step ?
[2026-04-26 03:46:57]   ⏳ expSSS: step ?
[2026-04-26 03:46:57]   ⏳ expTTT: step ?
[2026-04-26 03:46:57]   ⏳ expUUU: step ?
[2026-04-26 03:46:57]   ⏳ expVVV: step ?
[2026-04-26 03:48:57] Waiting... B10 missing=['expNNN', 'expOOO', 'expPPP', 'expQQQ', 'expSSS', 'expTTT', 'expUUU', 'expVVV']
[2026-04-26 03:48:57]   ⏳ expNNN: step ?
[2026-04-26 03:48:57]   ⏳ expOOO: step ?
[2026-04-26 03:48:57]   ⏳ expPPP: step ?
[2026-04-26 03:48:57]   ⏳ expQQQ: step ?
[2026-04-26 03:48:57]   ⏳ expSSS: step ?
[2026-04-26 03:48:57]   ⏳ expTTT: step ?
[2026-04-26 03:48:57]   ⏳ expUUU: step ?
[2026-04-26 03:48:57]   ⏳ expVVV: step ?
[2026-04-26 03:50:57] Waiting... B10 missing=['expNNN', 'expOOO', 'expPPP', 'expQQQ', 'expSSS', 'expTTT', 'expUUU', 'expVVV']
[2026-04-26 03:50:57]   ⏳ expNNN: step ?
[2026-04-26 03:50:57]   ⏳ expOOO: step ?
[2026-04-26 03:50:57]   ⏳ expPPP: step ?
[2026-04-26 03:50:57]   ⏳ expQQQ: step ?
[2026-04-26 03:50:57]   ⏳ expSSS: step ?
[2026-04-26 03:50:57]   ⏳ expTTT: step ?
[2026-04-26 03:50:57]   ⏳ expUUU: step ?
[2026-04-26 03:50:57]   ⏳ expVVV: step ?
[2026-04-26 03:52:57] Waiting... B10 missing=['expNNN', 'expOOO', 'expPPP', 'expQQQ', 'expSSS', 'expTTT', 'expUUU', 'expVVV']
[2026-04-26 03:52:57]   ⏳ expNNN: step ?
[2026-04-26 03:52:57]   ⏳ expOOO: step ?
[2026-04-26 03:52:57]   ⏳ expPPP: step ?
[2026-04-26 03:52:57]   ⏳ expQQQ: step ?
[2026-04-26 03:52:57]   ⏳ expSSS: step ?
[2026-04-26 03:52:57]   ⏳ expTTT: step ?
[2026-04-26 03:52:57]   ⏳ expUUU: step ?
[2026-04-26 03:52:57]   ⏳ expVVV: step ?
[2026-04-26 03:54:58] Waiting... B10 missing=['expNNN', 'expOOO', 'expPPP', 'expQQQ', 'expSSS', 'expTTT', 'expUUU', 'expVVV']
[2026-04-26 03:54:58]   ⏳ expNNN: step ?
[2026-04-26 03:54:58]   ⏳ expOOO: step ?
[2026-04-26 03:54:58]   ⏳ expPPP: step ?
[2026-04-26 03:54:58]   ⏳ expQQQ: step ?
[2026-04-26 03:54:58]   ⏳ expSSS: step ?
[2026-04-26 03:54:58]   ⏳ expTTT: step ?
[2026-04-26 03:54:58]   ⏳ expUUU: step ?
[2026-04-26 03:54:58]   ⏳ expVVV: step ?
[2026-04-26 03:56:58] Waiting... B10 missing=['expNNN', 'expOOO', 'expPPP', 'expQQQ', 'expSSS', 'expTTT', 'expUUU', 'expVVV']
[2026-04-26 03:56:58]   ⏳ expNNN: step ?
[2026-04-26 03:56:58]   ⏳ expOOO: step ?
[2026-04-26 03:56:58]   ⏳ expPPP: step ?
[2026-04-26 03:56:58]   ⏳ expQQQ: step ?
[2026-04-26 03:56:58]   ⏳ expSSS: step ?
[2026-04-26 03:56:58]   ⏳ expTTT: step ?
[2026-04-26 03:56:58]   ⏳ expUUU: step ?
[2026-04-26 03:56:58]   ⏳ expVVV: step ?
[2026-04-26 03:58:58] Waiting... B10 missing=['expNNN', 'expOOO', 'expPPP', 'expQQQ', 'expSSS', 'expTTT', 'expUUU', 'expVVV']
[2026-04-26 03:58:58]   ⏳ expNNN: step ?
[2026-04-26 03:58:58]   ⏳ expOOO: step ?
[2026-04-26 03:58:58]   ⏳ expPPP: step ?
[2026-04-26 03:58:58]   ⏳ expQQQ: step ?
[2026-04-26 03:58:58]   ⏳ expSSS: step ?
[2026-04-26 03:58:58]   ⏳ expTTT: step ?
[2026-04-26 03:58:58]   ⏳ expUUU: step ?
[2026-04-26 03:58:58]   ⏳ expVVV: step ?
[2026-04-26 04:00:58] Waiting... B10 missing=['expNNN', 'expOOO', 'expPPP', 'expQQQ', 'expSSS', 'expTTT', 'expUUU', 'expVVV']
[2026-04-26 04:00:58]   ⏳ expNNN: step ?
[2026-04-26 04:00:58]   ⏳ expOOO: step ?
[2026-04-26 04:00:58]   ⏳ expPPP: step ?
[2026-04-26 04:00:58]   ⏳ expQQQ: step ?
[2026-04-26 04:00:58]   ⏳ expSSS: step ?
[2026-04-26 04:00:58]   ⏳ expTTT: step ?
[2026-04-26 04:00:58]   ⏳ expUUU: step ?
[2026-04-26 04:00:58]   ⏳ expVVV: step ?
[2026-04-26 04:02:58] Waiting... B10 missing=['expNNN', 'expOOO', 'expPPP', 'expQQQ', 'expSSS', 'expTTT', 'expUUU', 'expVVV']
[2026-04-26 04:02:58]   ⏳ expNNN: step ?
[2026-04-26 04:02:58]   ⏳ expOOO: step ?
[2026-04-26 04:02:58]   ⏳ expPPP: step ?
[2026-04-26 04:02:58]   ⏳ expQQQ: step ?
[2026-04-26 04:02:58]   ⏳ expSSS: step ?
[2026-04-26 04:02:58]   ⏳ expTTT: step ?
[2026-04-26 04:02:58]   ⏳ expUUU: step ?
[2026-04-26 04:02:58]   ⏳ expVVV: step ?
[2026-04-26 04:04:59] Waiting... B10 missing=['expNNN', 'expOOO', 'expPPP', 'expQQQ', 'expSSS', 'expTTT', 'expUUU', 'expVVV']
[2026-04-26 04:04:59]   ⏳ expNNN: step ?
[2026-04-26 04:04:59]   ⏳ expOOO: step ?
[2026-04-26 04:04:59]   ⏳ expPPP: step ?
[2026-04-26 04:04:59]   ⏳ expQQQ: step ?
[2026-04-26 04:04:59]   ⏳ expSSS: step ?
[2026-04-26 04:04:59]   ⏳ expTTT: step ?
[2026-04-26 04:04:59]   ⏳ expUUU: step ?
[2026-04-26 04:04:59]   ⏳ expVVV: step ?
[2026-04-26 04:06:59] Waiting... B10 missing=['expNNN', 'expOOO', 'expPPP', 'expQQQ', 'expSSS', 'expTTT', 'expUUU', 'expVVV']
[2026-04-26 04:06:59]   ⏳ expNNN: step ?
[2026-04-26 04:06:59]   ⏳ expOOO: step ?
[2026-04-26 04:06:59]   ⏳ expPPP: step ?
[2026-04-26 04:06:59]   ⏳ expQQQ: step ?
[2026-04-26 04:06:59]   ⏳ expSSS: step ?
[2026-04-26 04:06:59]   ⏳ expTTT: step ?
[2026-04-26 04:06:59]   ⏳ expUUU: step ?
[2026-04-26 04:06:59]   ⏳ expVVV: step ?
[2026-04-26 04:08:59] Waiting... B10 missing=['expNNN', 'expOOO', 'expPPP', 'expQQQ', 'expSSS', 'expTTT', 'expUUU', 'expVVV']
[2026-04-26 04:08:59]   ⏳ expNNN: step ?
[2026-04-26 04:08:59]   ⏳ expOOO: step ?
[2026-04-26 04:08:59]   ⏳ expPPP: step ?
[2026-04-26 04:08:59]   ⏳ expQQQ: step ?
[2026-04-26 04:08:59]   ⏳ expSSS: step ?
[2026-04-26 04:08:59]   ⏳ expTTT: step ?
[2026-04-26 04:08:59]   ⏳ expUUU: step ?
[2026-04-26 04:08:59]   ⏳ expVVV: step ?
[2026-04-26 04:10:59] Waiting... B10 missing=['expNNN', 'expOOO', 'expPPP', 'expQQQ', 'expSSS', 'expTTT', 'expUUU', 'expVVV']
[2026-04-26 04:10:59]   ⏳ expNNN: step ?
[2026-04-26 04:10:59]   ⏳ expOOO: step ?
[2026-04-26 04:10:59]   ⏳ expPPP: step ?
[2026-04-26 04:10:59]   ⏳ expQQQ: step ?
[2026-04-26 04:10:59]   ⏳ expSSS: step ?
[2026-04-26 04:10:59]   ⏳ expTTT: step ?
[2026-04-26 04:10:59]   ⏳ expUUU: step ?
[2026-04-26 04:10:59]   ⏳ expVVV: step ?
[2026-04-26 04:12:59] Waiting... B10 missing=['expNNN', 'expOOO', 'expPPP', 'expQQQ', 'expSSS', 'expTTT', 'expUUU', 'expVVV']
[2026-04-26 04:12:59]   ⏳ expNNN: step ?
[2026-04-26 04:12:59]   ⏳ expOOO: step ?
[2026-04-26 04:12:59]   ⏳ expPPP: step ?
[2026-04-26 04:12:59]   ⏳ expQQQ: step ?
[2026-04-26 04:12:59]   ⏳ expSSS: step ?
[2026-04-26 04:12:59]   ⏳ expTTT: step ?
[2026-04-26 04:12:59]   ⏳ expUUU: step ?
[2026-04-26 04:12:59]   ⏳ expVVV: step ?
[2026-04-26 04:15:00] Waiting... B10 missing=['expNNN', 'expOOO', 'expPPP', 'expQQQ', 'expSSS', 'expTTT', 'expUUU', 'expVVV']
[2026-04-26 04:15:00]   ⏳ expNNN: step ?
[2026-04-26 04:15:00]   ⏳ expOOO: step ?
[2026-04-26 04:15:00]   ⏳ expPPP: step ?
[2026-04-26 04:15:00]   ⏳ expQQQ: step ?
[2026-04-26 04:15:00]   ⏳ expSSS: step ?
[2026-04-26 04:15:00]   ⏳ expTTT: step ?
[2026-04-26 04:15:00]   ⏳ expUUU: step ?
[2026-04-26 04:15:00]   ⏳ expVVV: step ?
[2026-04-26 04:17:00] Waiting... B10 missing=['expNNN', 'expOOO', 'expPPP', 'expQQQ', 'expSSS', 'expTTT', 'expUUU', 'expVVV']
[2026-04-26 04:17:00]   ⏳ expNNN: step ?
[2026-04-26 04:17:00]   ⏳ expOOO: step ?
[2026-04-26 04:17:00]   ⏳ expPPP: step ?
[2026-04-26 04:17:00]   ⏳ expQQQ: step ?
[2026-04-26 04:17:00]   ⏳ expSSS: step ?
[2026-04-26 04:17:00]   ⏳ expTTT: step ?
[2026-04-26 04:17:00]   ⏳ expUUU: step ?
[2026-04-26 04:17:00]   ⏳ expVVV: step ?
[2026-04-26 04:19:00] Waiting... B10 missing=['expNNN', 'expOOO', 'expPPP', 'expQQQ', 'expSSS', 'expTTT', 'expUUU', 'expVVV']
[2026-04-26 04:19:00]   ⏳ expNNN: step ?
[2026-04-26 04:19:00]   ⏳ expOOO: step ?
[2026-04-26 04:19:00]   ⏳ expPPP: step ?
[2026-04-26 04:19:00]   ⏳ expQQQ: step ?
[2026-04-26 04:19:00]   ⏳ expSSS: step ?
[2026-04-26 04:19:00]   ⏳ expTTT: step ?
[2026-04-26 04:19:00]   ⏳ expUUU: step ?
[2026-04-26 04:19:00]   ⏳ expVVV: step ?
[2026-04-26 04:21:00] Waiting... B10 missing=['expNNN', 'expOOO', 'expPPP', 'expQQQ', 'expSSS', 'expTTT', 'expUUU', 'expVVV']
[2026-04-26 04:21:00]   ⏳ expNNN: step ?
[2026-04-26 04:21:00]   ⏳ expOOO: step ?
[2026-04-26 04:21:00]   ⏳ expPPP: step ?
[2026-04-26 04:21:00]   ⏳ expQQQ: step ?
[2026-04-26 04:21:00]   ⏳ expSSS: step ?
[2026-04-26 04:21:00]   ⏳ expTTT: step ?
[2026-04-26 04:21:00]   ⏳ expUUU: step ?
[2026-04-26 04:21:00]   ⏳ expVVV: step ?
[2026-04-26 04:23:00] Waiting... B10 missing=['expNNN', 'expOOO', 'expPPP', 'expQQQ', 'expSSS', 'expTTT', 'expUUU', 'expVVV']
[2026-04-26 04:23:00]   ⏳ expNNN: step ?
[2026-04-26 04:23:00]   ⏳ expOOO: step ?
[2026-04-26 04:23:00]   ⏳ expPPP: step ?
[2026-04-26 04:23:00]   ⏳ expQQQ: step ?
[2026-04-26 04:23:00]   ⏳ expSSS: step ?
[2026-04-26 04:23:00]   ⏳ expTTT: step ?
[2026-04-26 04:23:00]   ⏳ expUUU: step ?
[2026-04-26 04:23:00]   ⏳ expVVV: step ?
[2026-04-26 04:25:00] Waiting... B10 missing=['expNNN', 'expOOO', 'expPPP', 'expQQQ', 'expSSS', 'expTTT', 'expUUU', 'expVVV']
[2026-04-26 04:25:00]   ⏳ expNNN: step ?
[2026-04-26 04:25:00]   ⏳ expOOO: step ?
[2026-04-26 04:25:00]   ⏳ expPPP: step ?
[2026-04-26 04:25:01]   ⏳ expQQQ: step ?
[2026-04-26 04:25:01]   ⏳ expSSS: step ?
[2026-04-26 04:25:01]   ⏳ expTTT: step ?
[2026-04-26 04:25:01]   ⏳ expUUU: step ?
[2026-04-26 04:25:01]   ⏳ expVVV: step ?
[2026-04-26 04:27:01] Waiting... B10 missing=['expNNN', 'expOOO', 'expPPP', 'expQQQ', 'expSSS', 'expTTT', 'expUUU', 'expVVV']
[2026-04-26 04:27:01]   ⏳ expNNN: step ?
[2026-04-26 04:27:01]   ⏳ expOOO: step ?
[2026-04-26 04:27:01]   ⏳ expPPP: step ?
[2026-04-26 04:27:01]   ⏳ expQQQ: step ?
[2026-04-26 04:27:01]   ⏳ expSSS: step ?
[2026-04-26 04:27:01]   ⏳ expTTT: step ?
[2026-04-26 04:27:01]   ⏳ expUUU: step ?
[2026-04-26 04:27:01]   ⏳ expVVV: step ?
[2026-04-26 04:29:01] Waiting... B10 missing=['expNNN', 'expOOO', 'expPPP', 'expQQQ', 'expSSS', 'expTTT', 'expUUU', 'expVVV']
[2026-04-26 04:29:01]   ⏳ expNNN: step ?
[2026-04-26 04:29:01]   ⏳ expOOO: step ?
[2026-04-26 04:29:01]   ⏳ expPPP: step ?
[2026-04-26 04:29:01]   ⏳ expQQQ: step ?
[2026-04-26 04:29:01]   ⏳ expSSS: step ?
[2026-04-26 04:29:01]   ⏳ expTTT: step ?
[2026-04-26 04:29:01]   ⏳ expUUU: step ?
[2026-04-26 04:29:01]   ⏳ expVVV: step ?
[2026-04-26 04:31:01] Waiting... B10 missing=['expNNN', 'expOOO', 'expPPP', 'expQQQ', 'expSSS', 'expTTT', 'expUUU', 'expVVV']
[2026-04-26 04:31:01]   ⏳ expNNN: step ?
[2026-04-26 04:31:01]   ⏳ expOOO: step ?
[2026-04-26 04:31:01]   ⏳ expPPP: step ?
[2026-04-26 04:31:01]   ⏳ expQQQ: step ?
[2026-04-26 04:31:01]   ⏳ expSSS: step ?
[2026-04-26 04:31:01]   ⏳ expTTT: step ?
[2026-04-26 04:31:01]   ⏳ expUUU: step ?
[2026-04-26 04:31:01]   ⏳ expVVV: step ?
[2026-04-26 04:33:01] Waiting... B10 missing=['expNNN', 'expOOO', 'expPPP', 'expQQQ', 'expSSS', 'expTTT', 'expUUU', 'expVVV']
[2026-04-26 04:33:01]   ⏳ expNNN: step ?
[2026-04-26 04:33:01]   ⏳ expOOO: step ?
[2026-04-26 04:33:01]   ⏳ expPPP: step ?
[2026-04-26 04:33:01]   ⏳ expQQQ: step ?
[2026-04-26 04:33:01]   ⏳ expSSS: step ?
[2026-04-26 04:33:01]   ⏳ expTTT: step ?
[2026-04-26 04:33:01]   ⏳ expUUU: step ?
[2026-04-26 04:33:01]   ⏳ expVVV: step ?
[2026-04-26 04:35:01] Waiting... B10 missing=['expNNN', 'expOOO', 'expPPP', 'expQQQ', 'expSSS', 'expTTT', 'expUUU', 'expVVV']
[2026-04-26 04:35:01]   ⏳ expNNN: step ?
[2026-04-26 04:35:01]   ⏳ expOOO: step ?
[2026-04-26 04:35:01]   ⏳ expPPP: step ?
[2026-04-26 04:35:01]   ⏳ expQQQ: step ?
[2026-04-26 04:35:01]   ⏳ expSSS: step ?
[2026-04-26 04:35:01]   ⏳ expTTT: step ?
[2026-04-26 04:35:01]   ⏳ expUUU: step ?
[2026-04-26 04:35:02]   ⏳ expVVV: step ?
[2026-04-26 04:37:02] Waiting... B10 missing=['expNNN', 'expOOO', 'expPPP', 'expQQQ', 'expSSS', 'expTTT', 'expUUU', 'expVVV']
[2026-04-26 04:37:02]   ⏳ expNNN: step ?
[2026-04-26 04:37:02]   ⏳ expOOO: step ?
[2026-04-26 04:37:02]   ⏳ expPPP: step ?
[2026-04-26 04:37:02]   ⏳ expQQQ: step ?
[2026-04-26 04:37:02]   ⏳ expSSS: step ?
[2026-04-26 04:37:02]   ⏳ expTTT: step ?
[2026-04-26 04:37:02]   ⏳ expUUU: step ?
[2026-04-26 04:37:02]   ⏳ expVVV: step ?
[2026-04-26 04:39:02] Waiting... B10 missing=['expNNN', 'expOOO', 'expPPP', 'expQQQ', 'expSSS', 'expTTT', 'expUUU', 'expVVV']
[2026-04-26 04:39:02]   ⏳ expNNN: step ?
[2026-04-26 04:39:02]   ⏳ expOOO: step ?
[2026-04-26 04:39:02]   ⏳ expPPP: step ?
[2026-04-26 04:39:02]   ⏳ expQQQ: step ?
[2026-04-26 04:39:02]   ⏳ expSSS: step ?
[2026-04-26 04:39:02]   ⏳ expTTT: step ?
[2026-04-26 04:39:02]   ⏳ expUUU: step ?
[2026-04-26 04:39:02]   ⏳ expVVV: step ?
[2026-04-26 04:41:02] Waiting... B10 missing=['expNNN', 'expOOO', 'expPPP', 'expQQQ', 'expSSS', 'expTTT', 'expUUU', 'expVVV']
[2026-04-26 04:41:02]   ⏳ expNNN: step ?
[2026-04-26 04:41:02]   ⏳ expOOO: step ?
[2026-04-26 04:41:02]   ⏳ expPPP: step ?
[2026-04-26 04:41:02]   ⏳ expQQQ: step ?
[2026-04-26 04:41:02]   ⏳ expSSS: step ?
[2026-04-26 04:41:02]   ⏳ expTTT: step ?
[2026-04-26 04:41:02]   ⏳ expUUU: step ?
[2026-04-26 04:41:02]   ⏳ expVVV: step ?
[2026-04-26 04:43:02] Waiting... B10 missing=['expNNN', 'expOOO', 'expPPP', 'expQQQ', 'expSSS', 'expTTT', 'expUUU', 'expVVV']
[2026-04-26 04:43:02]   ⏳ expNNN: step ?
[2026-04-26 04:43:02]   ⏳ expOOO: step ?
[2026-04-26 04:43:02]   ⏳ expPPP: step ?
[2026-04-26 04:43:02]   ⏳ expQQQ: step ?
[2026-04-26 04:43:02]   ⏳ expSSS: step ?
[2026-04-26 04:43:02]   ⏳ expTTT: step ?
[2026-04-26 04:43:02]   ⏳ expUUU: step ?
[2026-04-26 04:43:02]   ⏳ expVVV: step ?
[2026-04-26 04:45:02] Waiting... B10 missing=['expNNN', 'expOOO', 'expPPP', 'expQQQ', 'expSSS', 'expTTT', 'expUUU', 'expVVV']
[2026-04-26 04:45:02]   ⏳ expNNN: step ?
[2026-04-26 04:45:02]   ⏳ expOOO: step ?
[2026-04-26 04:45:02]   ⏳ expPPP: step ?
[2026-04-26 04:45:02]   ⏳ expQQQ: step ?
[2026-04-26 04:45:02]   ⏳ expSSS: step ?
[2026-04-26 04:45:02]   ⏳ expTTT: step ?
[2026-04-26 04:45:02]   ⏳ expUUU: step ?
[2026-04-26 04:45:02]   ⏳ expVVV: step ?
[2026-04-26 04:47:03] Waiting... B10 missing=['expNNN', 'expOOO', 'expPPP', 'expQQQ', 'expSSS', 'expTTT', 'expUUU', 'expVVV']
[2026-04-26 04:47:03]   ⏳ expNNN: step ?
[2026-04-26 04:47:03]   ⏳ expOOO: step ?
[2026-04-26 04:47:03]   ⏳ expPPP: step ?
[2026-04-26 04:47:03]   ⏳ expQQQ: step ?
[2026-04-26 04:47:03]   ⏳ expSSS: step ?
[2026-04-26 04:47:03]   ⏳ expTTT: step ?
[2026-04-26 04:47:03]   ⏳ expUUU: step ?
[2026-04-26 04:47:03]   ⏳ expVVV: step ?
[2026-04-26 04:49:03] Waiting... B10 missing=['expNNN', 'expOOO', 'expPPP', 'expQQQ', 'expSSS', 'expTTT', 'expUUU', 'expVVV']
[2026-04-26 04:49:03]   ⏳ expNNN: step ?
[2026-04-26 04:49:03]   ⏳ expOOO: step ?
[2026-04-26 04:49:03]   ⏳ expPPP: step ?
[2026-04-26 04:49:03]   ⏳ expQQQ: step ?
[2026-04-26 04:49:03]   ⏳ expSSS: step ?
[2026-04-26 04:49:03]   ⏳ expTTT: step ?
[2026-04-26 04:49:03]   ⏳ expUUU: step ?
[2026-04-26 04:49:03]   ⏳ expVVV: step ?
[2026-04-26 04:51:03] Waiting... B10 missing=['expNNN', 'expOOO', 'expPPP', 'expQQQ', 'expSSS', 'expTTT', 'expUUU', 'expVVV']
[2026-04-26 04:51:03]   ⏳ expNNN: step ?
[2026-04-26 04:51:03]   ⏳ expOOO: step ?
[2026-04-26 04:51:03]   ⏳ expPPP: step ?
[2026-04-26 04:51:03]   ⏳ expQQQ: step ?
[2026-04-26 04:51:03]   ⏳ expSSS: step ?
[2026-04-26 04:51:03]   ⏳ expTTT: step ?
[2026-04-26 04:51:03]   ⏳ expUUU: step ?
[2026-04-26 04:51:03]   ⏳ expVVV: step ?
[2026-04-26 04:53:03] Waiting... B10 missing=['expNNN', 'expOOO', 'expPPP', 'expQQQ', 'expSSS', 'expTTT', 'expUUU', 'expVVV']
[2026-04-26 04:53:03]   ⏳ expNNN: step ?
[2026-04-26 04:53:03]   ⏳ expOOO: step ?
[2026-04-26 04:53:03]   ⏳ expPPP: step ?
[2026-04-26 04:53:03]   ⏳ expQQQ: step ?
[2026-04-26 04:53:03]   ⏳ expSSS: step ?
[2026-04-26 04:53:03]   ⏳ expTTT: step ?
[2026-04-26 04:53:03]   ⏳ expUUU: step ?
[2026-04-26 04:53:03]   ⏳ expVVV: step ?
[2026-04-26 04:55:03] Waiting... B10 missing=['expNNN', 'expOOO', 'expPPP', 'expQQQ', 'expSSS', 'expTTT', 'expUUU', 'expVVV']
[2026-04-26 04:55:03]   ⏳ expNNN: step ?
[2026-04-26 04:55:03]   ⏳ expOOO: step ?
[2026-04-26 04:55:03]   ⏳ expPPP: step ?
[2026-04-26 04:55:03]   ⏳ expQQQ: step ?
[2026-04-26 04:55:03]   ⏳ expSSS: step ?
[2026-04-26 04:55:03]   ⏳ expTTT: step ?
[2026-04-26 04:55:03]   ⏳ expUUU: step ?
[2026-04-26 04:55:03]   ⏳ expVVV: step ?
[2026-04-26 04:57:04] Waiting... B10 missing=['expNNN', 'expOOO', 'expPPP', 'expQQQ', 'expSSS', 'expTTT', 'expUUU', 'expVVV']
[2026-04-26 04:57:04]   ⏳ expNNN: step ?
[2026-04-26 04:57:04]   ⏳ expOOO: step ?
[2026-04-26 04:57:04]   ⏳ expPPP: step ?
[2026-04-26 04:57:04]   ⏳ expQQQ: step ?
[2026-04-26 04:57:04]   ⏳ expSSS: step ?
[2026-04-26 04:57:04]   ⏳ expTTT: step ?
[2026-04-26 04:57:04]   ⏳ expUUU: step ?
[2026-04-26 04:57:04]   ⏳ expVVV: step ?
[2026-04-26 04:59:04] Waiting... B10 missing=['expNNN', 'expOOO', 'expPPP', 'expQQQ', 'expSSS', 'expTTT', 'expUUU', 'expVVV']
[2026-04-26 04:59:04]   ⏳ expNNN: step ?
[2026-04-26 04:59:04]   ⏳ expOOO: step ?
[2026-04-26 04:59:04]   ⏳ expPPP: step ?
[2026-04-26 04:59:04]   ⏳ expQQQ: step ?
[2026-04-26 04:59:04]   ⏳ expSSS: step ?
[2026-04-26 04:59:04]   ⏳ expTTT: step ?
[2026-04-26 04:59:04]   ⏳ expUUU: step ?
[2026-04-26 04:59:04]   ⏳ expVVV: step ?
[2026-04-26 05:01:04] Waiting... B10 missing=['expNNN', 'expOOO', 'expPPP', 'expQQQ', 'expSSS', 'expTTT', 'expUUU', 'expVVV']
[2026-04-26 05:01:04]   ⏳ expNNN: step ?
[2026-04-26 05:01:04]   ⏳ expOOO: step ?
[2026-04-26 05:01:04]   ⏳ expPPP: step ?
[2026-04-26 05:01:04]   ⏳ expQQQ: step ?
[2026-04-26 05:01:04]   ⏳ expSSS: step ?
[2026-04-26 05:01:04]   ⏳ expTTT: step ?
[2026-04-26 05:01:04]   ⏳ expUUU: step ?
[2026-04-26 05:01:04]   ⏳ expVVV: step ?
[2026-04-26 05:03:04] Waiting... B10 missing=['expNNN', 'expOOO', 'expPPP', 'expQQQ', 'expSSS', 'expTTT', 'expUUU', 'expVVV']
[2026-04-26 05:03:04]   ⏳ expNNN: step ?
[2026-04-26 05:03:04]   ⏳ expOOO: step ?
[2026-04-26 05:03:04]   ⏳ expPPP: step ?
[2026-04-26 05:03:04]   ⏳ expQQQ: step ?
[2026-04-26 05:03:04]   ⏳ expSSS: step ?
[2026-04-26 05:03:04]   ⏳ expTTT: step ?
[2026-04-26 05:03:04]   ⏳ expUUU: step ?
[2026-04-26 05:03:04]   ⏳ expVVV: step ?
[2026-04-26 05:05:04] Waiting... B10 missing=['expNNN', 'expOOO', 'expPPP', 'expQQQ', 'expSSS', 'expTTT', 'expUUU', 'expVVV']
[2026-04-26 05:05:04]   ⏳ expNNN: step ?
[2026-04-26 05:05:04]   ⏳ expOOO: step ?
[2026-04-26 05:05:04]   ⏳ expPPP: step ?
[2026-04-26 05:05:04]   ⏳ expQQQ: step ?
[2026-04-26 05:05:04]   ⏳ expSSS: step ?
[2026-04-26 05:05:04]   ⏳ expTTT: step ?
[2026-04-26 05:05:04]   ⏳ expUUU: step ?
[2026-04-26 05:05:04]   ⏳ expVVV: step ?
[2026-04-26 05:07:05] Waiting... B10 missing=['expNNN', 'expOOO', 'expPPP', 'expQQQ', 'expSSS', 'expTTT', 'expUUU', 'expVVV']
[2026-04-26 05:07:05]   ⏳ expNNN: step ?
[2026-04-26 05:07:05]   ⏳ expOOO: step ?
[2026-04-26 05:07:05]   ⏳ expPPP: step ?
[2026-04-26 05:07:05]   ⏳ expQQQ: step ?
[2026-04-26 05:07:05]   ⏳ expSSS: step ?
[2026-04-26 05:07:05]   ⏳ expTTT: step ?
[2026-04-26 05:07:05]   ⏳ expUUU: step ?
[2026-04-26 05:07:05]   ⏳ expVVV: step ?
[2026-04-26 05:09:05] Waiting... B10 missing=['expNNN', 'expOOO', 'expPPP', 'expQQQ', 'expSSS', 'expTTT', 'expUUU', 'expVVV']
[2026-04-26 05:09:05]   ⏳ expNNN: step ?
[2026-04-26 05:09:05]   ⏳ expOOO: step ?
[2026-04-26 05:09:05]   ⏳ expPPP: step ?
[2026-04-26 05:09:05]   ⏳ expQQQ: step ?
[2026-04-26 05:09:05]   ⏳ expSSS: step ?
[2026-04-26 05:09:05]   ⏳ expTTT: step ?
[2026-04-26 05:09:05]   ⏳ expUUU: step ?
[2026-04-26 05:09:05]   ⏳ expVVV: step ?
[2026-04-26 05:11:05] Waiting... B10 missing=['expNNN', 'expOOO', 'expPPP', 'expQQQ', 'expSSS', 'expTTT', 'expUUU', 'expVVV']
[2026-04-26 05:11:05]   ⏳ expNNN: step ?
[2026-04-26 05:11:05]   ⏳ expOOO: step ?
[2026-04-26 05:11:05]   ⏳ expPPP: step ?
[2026-04-26 05:11:05]   ⏳ expQQQ: step ?
[2026-04-26 05:11:05]   ⏳ expSSS: step ?
[2026-04-26 05:11:05]   ⏳ expTTT: step ?
[2026-04-26 05:11:05]   ⏳ expUUU: step ?
[2026-04-26 05:11:05]   ⏳ expVVV: step ?
[2026-04-26 05:13:05] Waiting... B10 missing=['expNNN', 'expOOO', 'expPPP', 'expQQQ', 'expSSS', 'expTTT', 'expUUU', 'expVVV']
[2026-04-26 05:13:05]   ⏳ expNNN: step ?
[2026-04-26 05:13:05]   ⏳ expOOO: step ?
[2026-04-26 05:13:05]   ⏳ expPPP: step ?
[2026-04-26 05:13:05]   ⏳ expQQQ: step ?
[2026-04-26 05:13:05]   ⏳ expSSS: step ?
[2026-04-26 05:13:05]   ⏳ expTTT: step ?
[2026-04-26 05:13:05]   ⏳ expUUU: step ?
[2026-04-26 05:13:05]   ⏳ expVVV: step ?
[2026-04-26 05:15:05] Waiting... B10 missing=['expNNN', 'expOOO', 'expPPP', 'expQQQ', 'expSSS', 'expTTT', 'expUUU', 'expVVV']
[2026-04-26 05:15:05]   ⏳ expNNN: step ?
[2026-04-26 05:15:05]   ⏳ expOOO: step ?
[2026-04-26 05:15:05]   ⏳ expPPP: step ?
[2026-04-26 05:15:05]   ⏳ expQQQ: step ?
[2026-04-26 05:15:05]   ⏳ expSSS: step ?
[2026-04-26 05:15:05]   ⏳ expTTT: step ?
[2026-04-26 05:15:05]   ⏳ expUUU: step ?
[2026-04-26 05:15:05]   ⏳ expVVV: step ?
[2026-04-26 05:17:05] Waiting... B10 missing=['expNNN', 'expOOO', 'expPPP', 'expQQQ', 'expSSS', 'expTTT', 'expUUU', 'expVVV']
[2026-04-26 05:17:05]   ⏳ expNNN: step ?
[2026-04-26 05:17:05]   ⏳ expOOO: step ?
[2026-04-26 05:17:05]   ⏳ expPPP: step ?
[2026-04-26 05:17:05]   ⏳ expQQQ: step ?
[2026-04-26 05:17:05]   ⏳ expSSS: step ?
[2026-04-26 05:17:05]   ⏳ expTTT: step ?
[2026-04-26 05:17:05]   ⏳ expUUU: step ?
[2026-04-26 05:17:05]   ⏳ expVVV: step ?
[2026-04-26 05:19:06] Waiting... B10 missing=['expNNN', 'expOOO', 'expPPP', 'expQQQ', 'expSSS', 'expTTT', 'expUUU', 'expVVV']
[2026-04-26 05:19:06]   ⏳ expNNN: step ?
[2026-04-26 05:19:06]   ⏳ expOOO: step ?
[2026-04-26 05:19:06]   ⏳ expPPP: step ?
[2026-04-26 05:19:06]   ⏳ expQQQ: step ?
[2026-04-26 05:19:06]   ⏳ expSSS: step ?
[2026-04-26 05:19:06]   ⏳ expTTT: step ?
[2026-04-26 05:19:06]   ⏳ expUUU: step ?
[2026-04-26 05:19:06]   ⏳ expVVV: step ?
[2026-04-26 05:21:06] Waiting... B10 missing=['expNNN', 'expOOO', 'expPPP', 'expQQQ', 'expSSS', 'expTTT', 'expUUU', 'expVVV']
[2026-04-26 05:21:06]   ⏳ expNNN: step ?
[2026-04-26 05:21:06]   ⏳ expOOO: step ?
[2026-04-26 05:21:06]   ⏳ expPPP: step ?
[2026-04-26 05:21:06]   ⏳ expQQQ: step ?
[2026-04-26 05:21:06]   ⏳ expSSS: step ?
[2026-04-26 05:21:06]   ⏳ expTTT: step ?
[2026-04-26 05:21:06]   ⏳ expUUU: step ?
[2026-04-26 05:21:06]   ⏳ expVVV: step ?
[2026-04-26 05:23:06] Waiting... B10 missing=['expNNN', 'expOOO', 'expPPP', 'expQQQ', 'expSSS', 'expTTT', 'expUUU', 'expVVV']
[2026-04-26 05:23:06]   ⏳ expNNN: step ?
[2026-04-26 05:23:06]   ⏳ expOOO: step ?
[2026-04-26 05:23:06]   ⏳ expPPP: step ?
[2026-04-26 05:23:06]   ⏳ expQQQ: step ?
[2026-04-26 05:23:06]   ⏳ expSSS: step ?
[2026-04-26 05:23:06]   ⏳ expTTT: step ?
[2026-04-26 05:23:06]   ⏳ expUUU: step ?
[2026-04-26 05:23:06]   ⏳ expVVV: step ?
[2026-04-26 05:25:06] Waiting... B10 missing=['expNNN', 'expOOO', 'expPPP', 'expQQQ', 'expSSS', 'expTTT', 'expUUU', 'expVVV']
[2026-04-26 05:25:06]   ⏳ expNNN: step ?
[2026-04-26 05:25:06]   ⏳ expOOO: step ?
[2026-04-26 05:25:06]   ⏳ expPPP: step ?
[2026-04-26 05:25:06]   ⏳ expQQQ: step ?
[2026-04-26 05:25:06]   ⏳ expSSS: step ?
[2026-04-26 05:25:06]   ⏳ expTTT: step ?
[2026-04-26 05:25:06]   ⏳ expUUU: step ?
[2026-04-26 05:25:06]   ⏳ expVVV: step ?
[2026-04-26 05:27:06] Waiting... B10 missing=['expNNN', 'expOOO', 'expPPP', 'expQQQ', 'expSSS', 'expTTT', 'expUUU', 'expVVV']
[2026-04-26 05:27:06]   ⏳ expNNN: step ?
[2026-04-26 05:27:06]   ⏳ expOOO: step ?
[2026-04-26 05:27:06]   ⏳ expPPP: step ?
[2026-04-26 05:27:06]   ⏳ expQQQ: step ?
[2026-04-26 05:27:06]   ⏳ expSSS: step ?
[2026-04-26 05:27:06]   ⏳ expTTT: step ?
[2026-04-26 05:27:06]   ⏳ expUUU: step ?
[2026-04-26 05:27:06]   ⏳ expVVV: step ?
[2026-04-26 05:29:06] Waiting... B10 missing=['expNNN', 'expOOO', 'expPPP', 'expQQQ', 'expSSS', 'expTTT', 'expUUU', 'expVVV']
[2026-04-26 05:29:06]   ⏳ expNNN: step ?
[2026-04-26 05:29:06]   ⏳ expOOO: step ?
[2026-04-26 05:29:06]   ⏳ expPPP: step ?
[2026-04-26 05:29:06]   ⏳ expQQQ: step ?
[2026-04-26 05:29:06]   ⏳ expSSS: step ?
[2026-04-26 05:29:06]   ⏳ expTTT: step ?
[2026-04-26 05:29:06]   ⏳ expUUU: step ?
[2026-04-26 05:29:06]   ⏳ expVVV: step ?
[2026-04-26 05:31:07] Waiting... B10 missing=['expNNN', 'expOOO', 'expPPP', 'expQQQ', 'expSSS', 'expTTT', 'expUUU', 'expVVV']
[2026-04-26 05:31:07]   ⏳ expNNN: step ?
[2026-04-26 05:31:07]   ⏳ expOOO: step ?
[2026-04-26 05:31:07]   ⏳ expPPP: step ?
[2026-04-26 05:31:07]   ⏳ expQQQ: step ?
[2026-04-26 05:31:07]   ⏳ expSSS: step ?
[2026-04-26 05:31:07]   ⏳ expTTT: step ?
[2026-04-26 05:31:07]   ⏳ expUUU: step ?
[2026-04-26 05:31:07]   ⏳ expVVV: step ?
[2026-04-26 05:33:07] Waiting... B10 missing=['expNNN', 'expOOO', 'expPPP', 'expQQQ', 'expSSS', 'expTTT', 'expUUU', 'expVVV']
[2026-04-26 05:33:07]   ⏳ expNNN: step ?
[2026-04-26 05:33:07]   ⏳ expOOO: step ?
[2026-04-26 05:33:07]   ⏳ expPPP: step ?
[2026-04-26 05:33:07]   ⏳ expQQQ: step ?
[2026-04-26 05:33:07]   ⏳ expSSS: step ?
[2026-04-26 05:33:07]   ⏳ expTTT: step ?
[2026-04-26 05:33:07]   ⏳ expUUU: step ?
[2026-04-26 05:33:07]   ⏳ expVVV: step ?
[2026-04-26 05:35:07] Waiting... B10 missing=['expNNN', 'expOOO', 'expPPP', 'expQQQ', 'expSSS', 'expTTT', 'expUUU', 'expVVV']
[2026-04-26 05:35:07]   ⏳ expNNN: step ?
[2026-04-26 05:35:07]   ⏳ expOOO: step ?
[2026-04-26 05:35:07]   ⏳ expPPP: step ?
[2026-04-26 05:35:07]   ⏳ expQQQ: step ?
[2026-04-26 05:35:07]   ⏳ expSSS: step ?
[2026-04-26 05:35:07]   ⏳ expTTT: step ?
[2026-04-26 05:35:07]   ⏳ expUUU: step ?
[2026-04-26 05:35:07]   ⏳ expVVV: step ?
[2026-04-26 05:37:07] Waiting... B10 missing=['expNNN', 'expOOO', 'expPPP', 'expQQQ', 'expSSS', 'expTTT', 'expUUU', 'expVVV']
[2026-04-26 05:37:07]   ⏳ expNNN: step ?
[2026-04-26 05:37:07]   ⏳ expOOO: step ?
[2026-04-26 05:37:07]   ⏳ expPPP: step ?
[2026-04-26 05:37:07]   ⏳ expQQQ: step ?
[2026-04-26 05:37:07]   ⏳ expSSS: step ?
[2026-04-26 05:37:07]   ⏳ expTTT: step ?
[2026-04-26 05:37:07]   ⏳ expUUU: step ?
[2026-04-26 05:37:07]   ⏳ expVVV: step ?
[2026-04-26 05:39:07] Waiting... B10 missing=['expNNN', 'expOOO', 'expPPP', 'expQQQ', 'expSSS', 'expTTT', 'expUUU', 'expVVV']
[2026-04-26 05:39:07]   ⏳ expNNN: step ?
[2026-04-26 05:39:07]   ⏳ expOOO: step ?
[2026-04-26 05:39:07]   ⏳ expPPP: step ?
[2026-04-26 05:39:07]   ⏳ expQQQ: step ?
[2026-04-26 05:39:07]   ⏳ expSSS: step ?
[2026-04-26 05:39:07]   ⏳ expTTT: step ?
[2026-04-26 05:39:07]   ⏳ expUUU: step ?
[2026-04-26 05:39:07]   ⏳ expVVV: step ?
[2026-04-26 05:41:08] Waiting... B10 missing=['expNNN', 'expOOO', 'expPPP', 'expQQQ', 'expSSS', 'expTTT', 'expUUU', 'expVVV']
[2026-04-26 05:41:08]   ⏳ expNNN: step ?
[2026-04-26 05:41:08]   ⏳ expOOO: step ?
[2026-04-26 05:41:08]   ⏳ expPPP: step ?
[2026-04-26 05:41:08]   ⏳ expQQQ: step ?
[2026-04-26 05:41:08]   ⏳ expSSS: step ?
[2026-04-26 05:41:08]   ⏳ expTTT: step ?
[2026-04-26 05:41:08]   ⏳ expUUU: step ?
[2026-04-26 05:41:08]   ⏳ expVVV: step ?
[2026-04-26 05:43:08] Waiting... B10 missing=['expNNN', 'expOOO', 'expPPP', 'expQQQ', 'expSSS', 'expTTT', 'expUUU', 'expVVV']
[2026-04-26 05:43:08]   ⏳ expNNN: step ?
[2026-04-26 05:43:08]   ⏳ expOOO: step ?
[2026-04-26 05:43:08]   ⏳ expPPP: step ?
[2026-04-26 05:43:08]   ⏳ expQQQ: step ?
[2026-04-26 05:43:08]   ⏳ expSSS: step ?
[2026-04-26 05:43:08]   ⏳ expTTT: step ?
[2026-04-26 05:43:08]   ⏳ expUUU: step ?
[2026-04-26 05:43:08]   ⏳ expVVV: step ?
[2026-04-26 05:45:08] Waiting... B10 missing=['expNNN', 'expOOO', 'expPPP', 'expQQQ', 'expSSS', 'expTTT', 'expUUU', 'expVVV']
[2026-04-26 05:45:08]   ⏳ expNNN: step ?
[2026-04-26 05:45:08]   ⏳ expOOO: step ?
[2026-04-26 05:45:08]   ⏳ expPPP: step ?
[2026-04-26 05:45:08]   ⏳ expQQQ: step ?
[2026-04-26 05:45:08]   ⏳ expSSS: step ?
[2026-04-26 05:45:08]   ⏳ expTTT: step ?
[2026-04-26 05:45:08]   ⏳ expUUU: step ?
[2026-04-26 05:45:08]   ⏳ expVVV: step ?
[2026-04-26 05:47:08] Waiting... B10 missing=['expNNN', 'expOOO', 'expPPP', 'expQQQ', 'expSSS', 'expTTT', 'expUUU', 'expVVV']
[2026-04-26 05:47:08]   ⏳ expNNN: step ?
[2026-04-26 05:47:08]   ⏳ expOOO: step ?
[2026-04-26 05:47:08]   ⏳ expPPP: step ?
[2026-04-26 05:47:08]   ⏳ expQQQ: step ?
[2026-04-26 05:47:08]   ⏳ expSSS: step ?
[2026-04-26 05:47:08]   ⏳ expTTT: step ?
[2026-04-26 05:47:08]   ⏳ expUUU: step ?
[2026-04-26 05:47:08]   ⏳ expVVV: step ?
[2026-04-26 05:49:08] Waiting... B10 missing=['expNNN', 'expOOO', 'expPPP', 'expQQQ', 'expSSS', 'expTTT', 'expUUU', 'expVVV']
[2026-04-26 05:49:08]   ⏳ expNNN: step ?
[2026-04-26 05:49:08]   ⏳ expOOO: step ?
[2026-04-26 05:49:08]   ⏳ expPPP: step ?
[2026-04-26 05:49:08]   ⏳ expQQQ: step ?
[2026-04-26 05:49:08]   ⏳ expSSS: step ?
[2026-04-26 05:49:08]   ⏳ expTTT: step ?
[2026-04-26 05:49:08]   ⏳ expUUU: step ?
[2026-04-26 05:49:08]   ⏳ expVVV: step ?
[2026-04-26 05:51:09] Waiting... B10 missing=['expNNN', 'expOOO', 'expPPP', 'expQQQ', 'expSSS', 'expTTT', 'expUUU', 'expVVV']
[2026-04-26 05:51:09]   ⏳ expNNN: step ?
[2026-04-26 05:51:09]   ⏳ expOOO: step ?
[2026-04-26 05:51:09]   ⏳ expPPP: step ?
[2026-04-26 05:51:09]   ⏳ expQQQ: step ?
[2026-04-26 05:51:09]   ⏳ expSSS: step ?
[2026-04-26 05:51:09]   ⏳ expTTT: step ?
[2026-04-26 05:51:09]   ⏳ expUUU: step ?
[2026-04-26 05:51:09]   ⏳ expVVV: step ?
[2026-04-26 05:53:09] Waiting... B10 missing=['expNNN', 'expOOO', 'expPPP', 'expQQQ', 'expSSS', 'expTTT', 'expUUU', 'expVVV']
[2026-04-26 05:53:09]   ⏳ expNNN: step ?
[2026-04-26 05:53:09]   ⏳ expOOO: step ?
[2026-04-26 05:53:09]   ⏳ expPPP: step ?
[2026-04-26 05:53:09]   ⏳ expQQQ: step ?
[2026-04-26 05:53:09]   ⏳ expSSS: step ?
[2026-04-26 05:53:09]   ⏳ expTTT: step ?
[2026-04-26 05:53:09]   ⏳ expUUU: step ?
[2026-04-26 05:53:09]   ⏳ expVVV: step ?
[2026-04-26 05:55:09] Waiting... B10 missing=['expNNN', 'expOOO', 'expPPP', 'expQQQ', 'expSSS', 'expTTT', 'expUUU', 'expVVV']
[2026-04-26 05:55:09]   ⏳ expNNN: step ?
[2026-04-26 05:55:09]   ⏳ expOOO: step ?
[2026-04-26 05:55:09]   ⏳ expPPP: step ?
[2026-04-26 05:55:09]   ⏳ expQQQ: step ?
[2026-04-26 05:55:09]   ⏳ expSSS: step ?
[2026-04-26 05:55:09]   ⏳ expTTT: step ?
[2026-04-26 05:55:09]   ⏳ expUUU: step ?
[2026-04-26 05:55:09]   ⏳ expVVV: step ?
[2026-04-26 05:57:09] Waiting... B10 missing=['expNNN', 'expOOO', 'expPPP', 'expQQQ', 'expSSS', 'expTTT', 'expUUU', 'expVVV']
[2026-04-26 05:57:09]   ⏳ expNNN: step ?
[2026-04-26 05:57:09]   ⏳ expOOO: step ?
[2026-04-26 05:57:09]   ⏳ expPPP: step ?
[2026-04-26 05:57:09]   ⏳ expQQQ: step ?
[2026-04-26 05:57:09]   ⏳ expSSS: step ?
[2026-04-26 05:57:09]   ⏳ expTTT: step ?
[2026-04-26 05:57:09]   ⏳ expUUU: step ?
[2026-04-26 05:57:09]   ⏳ expVVV: step ?
[2026-04-26 05:59:09] Waiting... B10 missing=['expNNN', 'expOOO', 'expPPP', 'expQQQ', 'expSSS', 'expTTT', 'expUUU', 'expVVV']
[2026-04-26 05:59:09]   ⏳ expNNN: step ?
[2026-04-26 05:59:09]   ⏳ expOOO: step ?
[2026-04-26 05:59:09]   ⏳ expPPP: step ?
[2026-04-26 05:59:09]   ⏳ expQQQ: step ?
[2026-04-26 05:59:09]   ⏳ expSSS: step ?
[2026-04-26 05:59:09]   ⏳ expTTT: step ?
[2026-04-26 05:59:09]   ⏳ expUUU: step ?
[2026-04-26 05:59:09]   ⏳ expVVV: step ?
[2026-04-26 06:01:10] Waiting... B10 missing=['expNNN', 'expOOO', 'expPPP', 'expQQQ', 'expSSS', 'expTTT', 'expUUU', 'expVVV']
[2026-04-26 06:01:10]   ⏳ expNNN: step ?
[2026-04-26 06:01:10]   ⏳ expOOO: step ?
[2026-04-26 06:01:10]   ⏳ expPPP: step ?
[2026-04-26 06:01:10]   ⏳ expQQQ: step ?
[2026-04-26 06:01:10]   ⏳ expSSS: step ?
[2026-04-26 06:01:10]   ⏳ expTTT: step ?
[2026-04-26 06:01:10]   ⏳ expUUU: step ?
[2026-04-26 06:01:10]   ⏳ expVVV: step ?
[2026-04-26 06:03:10] Waiting... B10 missing=['expNNN', 'expOOO', 'expPPP', 'expQQQ', 'expSSS', 'expTTT', 'expUUU', 'expVVV']
[2026-04-26 06:03:10]   ⏳ expNNN: step ?
[2026-04-26 06:03:10]   ⏳ expOOO: step ?
[2026-04-26 06:03:10]   ⏳ expPPP: step ?
[2026-04-26 06:03:10]   ⏳ expQQQ: step ?
[2026-04-26 06:03:10]   ⏳ expSSS: step ?
[2026-04-26 06:03:10]   ⏳ expTTT: step ?
[2026-04-26 06:03:10]   ⏳ expUUU: step ?
[2026-04-26 06:03:10]   ⏳ expVVV: step ?
[2026-04-26 06:05:10] Waiting... B10 missing=['expNNN', 'expOOO', 'expPPP', 'expQQQ', 'expSSS', 'expTTT', 'expUUU', 'expVVV']
[2026-04-26 06:05:10]   ⏳ expNNN: step ?
[2026-04-26 06:05:10]   ⏳ expOOO: step ?
[2026-04-26 06:05:10]   ⏳ expPPP: step ?
[2026-04-26 06:05:10]   ⏳ expQQQ: step ?
[2026-04-26 06:05:10]   ⏳ expSSS: step ?
[2026-04-26 06:05:10]   ⏳ expTTT: step ?
[2026-04-26 06:05:10]   ⏳ expUUU: step ?
[2026-04-26 06:05:10]   ⏳ expVVV: step ?
[2026-04-26 06:07:10] Waiting... B10 missing=['expNNN', 'expOOO', 'expPPP', 'expQQQ', 'expSSS', 'expTTT', 'expUUU', 'expVVV']
[2026-04-26 06:07:10]   ⏳ expNNN: step ?
[2026-04-26 06:07:10]   ⏳ expOOO: step ?
[2026-04-26 06:07:10]   ⏳ expPPP: step ?
[2026-04-26 06:07:10]   ⏳ expQQQ: step ?
[2026-04-26 06:07:10]   ⏳ expSSS: step ?
[2026-04-26 06:07:10]   ⏳ expTTT: step ?
[2026-04-26 06:07:10]   ⏳ expUUU: step ?
[2026-04-26 06:07:10]   ⏳ expVVV: step ?
[2026-04-26 06:09:10] Waiting... B10 missing=['expNNN', 'expOOO', 'expPPP', 'expQQQ', 'expSSS', 'expTTT', 'expUUU', 'expVVV']
[2026-04-26 06:09:10]   ⏳ expNNN: step ?
[2026-04-26 06:09:10]   ⏳ expOOO: step ?
[2026-04-26 06:09:10]   ⏳ expPPP: step ?
[2026-04-26 06:09:10]   ⏳ expQQQ: step ?
[2026-04-26 06:09:10]   ⏳ expSSS: step ?
[2026-04-26 06:09:10]   ⏳ expTTT: step ?
[2026-04-26 06:09:10]   ⏳ expUUU: step ?
[2026-04-26 06:09:10]   ⏳ expVVV: step ?
[2026-04-26 06:11:10] Waiting... B10 missing=['expNNN', 'expOOO', 'expPPP', 'expQQQ', 'expSSS', 'expTTT', 'expUUU', 'expVVV']
[2026-04-26 06:11:10]   ⏳ expNNN: step ?
[2026-04-26 06:11:11]   ⏳ expOOO: step ?
[2026-04-26 06:11:11]   ⏳ expPPP: step ?
[2026-04-26 06:11:11]   ⏳ expQQQ: step ?
[2026-04-26 06:11:11]   ⏳ expSSS: step ?
[2026-04-26 06:11:11]   ⏳ expTTT: step ?
[2026-04-26 06:11:11]   ⏳ expUUU: step ?
[2026-04-26 06:11:11]   ⏳ expVVV: step ?
[2026-04-26 06:13:11] Waiting... B10 missing=['expNNN', 'expOOO', 'expPPP', 'expQQQ', 'expSSS', 'expTTT', 'expUUU', 'expVVV']
[2026-04-26 06:13:11]   ⏳ expNNN: step ?
[2026-04-26 06:13:11]   ⏳ expOOO: step ?
[2026-04-26 06:13:11]   ⏳ expPPP: step ?
[2026-04-26 06:13:11]   ⏳ expQQQ: step ?
[2026-04-26 06:13:11]   ⏳ expSSS: step ?
[2026-04-26 06:13:11]   ⏳ expTTT: step ?
[2026-04-26 06:13:11]   ⏳ expUUU: step ?
[2026-04-26 06:13:11]   ⏳ expVVV: step ?
[2026-04-26 06:15:11] Waiting... B10 missing=['expNNN', 'expOOO', 'expPPP', 'expQQQ', 'expSSS', 'expTTT', 'expUUU', 'expVVV']
[2026-04-26 06:15:11]   ⏳ expNNN: step ?
[2026-04-26 06:15:11]   ⏳ expOOO: step ?
[2026-04-26 06:15:11]   ⏳ expPPP: step ?
[2026-04-26 06:15:11]   ⏳ expQQQ: step ?
[2026-04-26 06:15:11]   ⏳ expSSS: step ?
[2026-04-26 06:15:11]   ⏳ expTTT: step ?
[2026-04-26 06:15:11]   ⏳ expUUU: step ?
[2026-04-26 06:15:11]   ⏳ expVVV: step ?
[2026-04-26 06:17:11] Waiting... B10 missing=['expNNN', 'expOOO', 'expPPP', 'expQQQ', 'expSSS', 'expTTT', 'expUUU', 'expVVV']
[2026-04-26 06:17:11]   ⏳ expNNN: step ?
[2026-04-26 06:17:11]   ⏳ expOOO: step ?
[2026-04-26 06:17:11]   ⏳ expPPP: step ?
[2026-04-26 06:17:11]   ⏳ expQQQ: step ?
[2026-04-26 06:17:11]   ⏳ expSSS: step ?
[2026-04-26 06:17:11]   ⏳ expTTT: step ?
[2026-04-26 06:17:11]   ⏳ expUUU: step ?
[2026-04-26 06:17:11]   ⏳ expVVV: step ?
[2026-04-26 06:19:11] Waiting... B10 missing=['expNNN', 'expOOO', 'expPPP', 'expQQQ', 'expSSS', 'expTTT', 'expUUU', 'expVVV']
[2026-04-26 06:19:11]   ⏳ expNNN: step ?
[2026-04-26 06:19:11]   ⏳ expOOO: step ?
[2026-04-26 06:19:11]   ⏳ expPPP: step ?
[2026-04-26 06:19:11]   ⏳ expQQQ: step ?
[2026-04-26 06:19:11]   ⏳ expSSS: step ?
[2026-04-26 06:19:11]   ⏳ expTTT: step ?
[2026-04-26 06:19:11]   ⏳ expUUU: step ?
[2026-04-26 06:19:11]   ⏳ expVVV: step ?
[2026-04-26 06:21:11] Waiting... B10 missing=['expNNN', 'expOOO', 'expPPP', 'expQQQ', 'expSSS', 'expTTT', 'expUUU', 'expVVV']
[2026-04-26 06:21:11]   ⏳ expNNN: step ?
[2026-04-26 06:21:11]   ⏳ expOOO: step ?
[2026-04-26 06:21:11]   ⏳ expPPP: step ?
[2026-04-26 06:21:11]   ⏳ expQQQ: step ?
[2026-04-26 06:21:11]   ⏳ expSSS: step ?
[2026-04-26 06:21:11]   ⏳ expTTT: step ?
[2026-04-26 06:21:11]   ⏳ expUUU: step ?
[2026-04-26 06:21:11]   ⏳ expVVV: step ?
[2026-04-26 06:23:12] Waiting... B10 missing=['expNNN', 'expOOO', 'expPPP', 'expQQQ', 'expSSS', 'expTTT', 'expUUU', 'expVVV']
[2026-04-26 06:23:12]   ⏳ expNNN: step ?
[2026-04-26 06:23:12]   ⏳ expOOO: step ?
[2026-04-26 06:23:12]   ⏳ expPPP: step ?
[2026-04-26 06:23:12]   ⏳ expQQQ: step ?
[2026-04-26 06:23:12]   ⏳ expSSS: step ?
[2026-04-26 06:23:12]   ⏳ expTTT: step ?
[2026-04-26 06:23:12]   ⏳ expUUU: step ?
[2026-04-26 06:23:12]   ⏳ expVVV: step ?
[2026-04-26 06:25:12] Waiting... B10 missing=['expNNN', 'expOOO', 'expPPP', 'expQQQ', 'expSSS', 'expTTT', 'expUUU', 'expVVV']
[2026-04-26 06:25:12]   ⏳ expNNN: step ?
[2026-04-26 06:25:12]   ⏳ expOOO: step ?
[2026-04-26 06:25:12]   ⏳ expPPP: step ?
[2026-04-26 06:25:12]   ⏳ expQQQ: step ?
[2026-04-26 06:25:12]   ⏳ expSSS: step ?
[2026-04-26 06:25:12]   ⏳ expTTT: step ?
[2026-04-26 06:25:12]   ⏳ expUUU: step ?
[2026-04-26 06:25:12]   ⏳ expVVV: step ?
[2026-04-26 06:27:12] Waiting... B10 missing=['expNNN', 'expOOO', 'expPPP', 'expQQQ', 'expSSS', 'expTTT', 'expUUU', 'expVVV']
[2026-04-26 06:27:12]   ⏳ expNNN: step ?
[2026-04-26 06:27:12]   ⏳ expOOO: step ?
[2026-04-26 06:27:12]   ⏳ expPPP: step ?
[2026-04-26 06:27:12]   ⏳ expQQQ: step ?
[2026-04-26 06:27:12]   ⏳ expSSS: step ?
[2026-04-26 06:27:12]   ⏳ expTTT: step ?
[2026-04-26 06:27:12]   ⏳ expUUU: step ?
[2026-04-26 06:27:12]   ⏳ expVVV: step ?
[2026-04-26 06:29:12] Waiting... B10 missing=['expNNN', 'expOOO', 'expPPP', 'expQQQ', 'expSSS', 'expTTT', 'expUUU', 'expVVV']
[2026-04-26 06:29:12]   ⏳ expNNN: step ?
[2026-04-26 06:29:12]   ⏳ expOOO: step ?
[2026-04-26 06:29:12]   ⏳ expPPP: step ?
[2026-04-26 06:29:12]   ⏳ expQQQ: step ?
[2026-04-26 06:29:12]   ⏳ expSSS: step ?
[2026-04-26 06:29:12]   ⏳ expTTT: step ?
[2026-04-26 06:29:12]   ⏳ expUUU: step ?
[2026-04-26 06:29:12]   ⏳ expVVV: step ?
[2026-04-26 06:31:12] Waiting... B10 missing=['expNNN', 'expOOO', 'expPPP', 'expQQQ', 'expSSS', 'expTTT', 'expUUU', 'expVVV']
[2026-04-26 06:31:12]   ⏳ expNNN: step ?
[2026-04-26 06:31:12]   ⏳ expOOO: step ?
[2026-04-26 06:31:12]   ⏳ expPPP: step ?
[2026-04-26 06:31:12]   ⏳ expQQQ: step ?
[2026-04-26 06:31:12]   ⏳ expSSS: step ?
[2026-04-26 06:31:12]   ⏳ expTTT: step ?
[2026-04-26 06:31:12]   ⏳ expUUU: step ?
[2026-04-26 06:31:13]   ⏳ expVVV: step ?
[2026-04-26 06:33:13] Waiting... B10 missing=['expNNN', 'expOOO', 'expPPP', 'expQQQ', 'expSSS', 'expTTT', 'expUUU', 'expVVV']
[2026-04-26 06:33:13]   ⏳ expNNN: step ?
[2026-04-26 06:33:13]   ⏳ expOOO: step ?
[2026-04-26 06:33:13]   ⏳ expPPP: step ?
[2026-04-26 06:33:13]   ⏳ expQQQ: step ?
[2026-04-26 06:33:13]   ⏳ expSSS: step ?
[2026-04-26 06:33:13]   ⏳ expTTT: step ?
[2026-04-26 06:33:13]   ⏳ expUUU: step ?
[2026-04-26 06:33:13]   ⏳ expVVV: step ?
[2026-04-26 06:35:13] Waiting... B10 missing=['expNNN', 'expOOO', 'expPPP', 'expQQQ', 'expSSS', 'expTTT', 'expUUU', 'expVVV']
[2026-04-26 06:35:13]   ⏳ expNNN: step ?
[2026-04-26 06:35:13]   ⏳ expOOO: step ?
[2026-04-26 06:35:13]   ⏳ expPPP: step ?
[2026-04-26 06:35:13]   ⏳ expQQQ: step ?
[2026-04-26 06:35:13]   ⏳ expSSS: step ?
[2026-04-26 06:35:13]   ⏳ expTTT: step ?
[2026-04-26 06:35:13]   ⏳ expUUU: step ?
[2026-04-26 06:35:13]   ⏳ expVVV: step ?
[2026-04-26 06:37:13] Waiting... B10 missing=['expNNN', 'expOOO', 'expPPP', 'expQQQ', 'expSSS', 'expTTT', 'expUUU', 'expVVV']
[2026-04-26 06:37:13]   ⏳ expNNN: step ?
[2026-04-26 06:37:13]   ⏳ expOOO: step ?
[2026-04-26 06:37:13]   ⏳ expPPP: step ?
[2026-04-26 06:37:13]   ⏳ expQQQ: step ?
[2026-04-26 06:37:13]   ⏳ expSSS: step ?
[2026-04-26 06:37:13]   ⏳ expTTT: step ?
[2026-04-26 06:37:13]   ⏳ expUUU: step ?
[2026-04-26 06:37:13]   ⏳ expVVV: step ?
[2026-04-26 06:39:13] Waiting... B10 missing=['expNNN', 'expOOO', 'expPPP', 'expQQQ', 'expSSS', 'expTTT', 'expUUU', 'expVVV']
[2026-04-26 06:39:13]   ⏳ expNNN: step ?
[2026-04-26 06:39:13]   ⏳ expOOO: step ?
[2026-04-26 06:39:13]   ⏳ expPPP: step ?
[2026-04-26 06:39:13]   ⏳ expQQQ: step ?
[2026-04-26 06:39:13]   ⏳ expSSS: step ?
[2026-04-26 06:39:13]   ⏳ expTTT: step ?
[2026-04-26 06:39:13]   ⏳ expUUU: step ?
[2026-04-26 06:39:13]   ⏳ expVVV: step ?
[2026-04-26 06:41:13] Waiting... B10 missing=['expNNN', 'expOOO', 'expPPP', 'expQQQ', 'expSSS', 'expTTT', 'expUUU', 'expVVV']
[2026-04-26 06:41:13]   ⏳ expNNN: step ?
[2026-04-26 06:41:13]   ⏳ expOOO: step ?
[2026-04-26 06:41:13]   ⏳ expPPP: step ?
[2026-04-26 06:41:13]   ⏳ expQQQ: step ?
[2026-04-26 06:41:13]   ⏳ expSSS: step ?
[2026-04-26 06:41:13]   ⏳ expTTT: step ?
[2026-04-26 06:41:13]   ⏳ expUUU: step ?
[2026-04-26 06:41:13]   ⏳ expVVV: step ?
[2026-04-26 06:43:14] Waiting... B10 missing=['expNNN', 'expOOO', 'expPPP', 'expQQQ', 'expSSS', 'expTTT', 'expUUU', 'expVVV']
[2026-04-26 06:43:14]   ⏳ expNNN: step ?
[2026-04-26 06:43:14]   ⏳ expOOO: step ?
[2026-04-26 06:43:14]   ⏳ expPPP: step ?
[2026-04-26 06:43:14]   ⏳ expQQQ: step ?
[2026-04-26 06:43:14]   ⏳ expSSS: step ?
[2026-04-26 06:43:14]   ⏳ expTTT: step ?
[2026-04-26 06:43:14]   ⏳ expUUU: step ?
[2026-04-26 06:43:14]   ⏳ expVVV: step ?
[2026-04-26 06:45:14] Waiting... B10 missing=['expNNN', 'expOOO', 'expPPP', 'expQQQ', 'expSSS', 'expTTT', 'expUUU', 'expVVV']
[2026-04-26 06:45:14]   ⏳ expNNN: step ?
[2026-04-26 06:45:14]   ⏳ expOOO: step ?
[2026-04-26 06:45:14]   ⏳ expPPP: step ?
[2026-04-26 06:45:14]   ⏳ expQQQ: step ?
[2026-04-26 06:45:14]   ⏳ expSSS: step ?
[2026-04-26 06:45:14]   ⏳ expTTT: step ?
[2026-04-26 06:45:14]   ⏳ expUUU: step ?
[2026-04-26 06:45:14]   ⏳ expVVV: step ?
[2026-04-26 06:47:14] Waiting... B10 missing=['expNNN', 'expOOO', 'expPPP', 'expQQQ', 'expSSS', 'expTTT', 'expUUU', 'expVVV']
[2026-04-26 06:47:14]   ⏳ expNNN: step ?
[2026-04-26 06:47:14]   ⏳ expOOO: step ?
[2026-04-26 06:47:14]   ⏳ expPPP: step ?
[2026-04-26 06:47:14]   ⏳ expQQQ: step ?
[2026-04-26 06:47:14]   ⏳ expSSS: step ?
[2026-04-26 06:47:14]   ⏳ expTTT: step ?
[2026-04-26 06:47:14]   ⏳ expUUU: step ?
[2026-04-26 06:47:14]   ⏳ expVVV: step ?
[2026-04-26 06:49:14] Waiting... B10 missing=['expNNN', 'expOOO', 'expPPP', 'expQQQ', 'expSSS', 'expTTT', 'expUUU', 'expVVV']
[2026-04-26 06:49:14]   ⏳ expNNN: step ?
[2026-04-26 06:49:14]   ⏳ expOOO: step ?
[2026-04-26 06:49:14]   ⏳ expPPP: step ?
[2026-04-26 06:49:14]   ⏳ expQQQ: step ?
[2026-04-26 06:49:14]   ⏳ expSSS: step ?
[2026-04-26 06:49:14]   ⏳ expTTT: step ?
[2026-04-26 06:49:14]   ⏳ expUUU: step ?
[2026-04-26 06:49:14]   ⏳ expVVV: step ?
[2026-04-26 06:51:14] Waiting... B10 missing=['expNNN', 'expOOO', 'expPPP', 'expQQQ', 'expSSS', 'expTTT', 'expUUU', 'expVVV']
[2026-04-26 06:51:14]   ⏳ expNNN: step ?
[2026-04-26 06:51:14]   ⏳ expOOO: step ?
[2026-04-26 06:51:14]   ⏳ expPPP: step ?
[2026-04-26 06:51:14]   ⏳ expQQQ: step ?
[2026-04-26 06:51:14]   ⏳ expSSS: step ?
[2026-04-26 06:51:14]   ⏳ expTTT: step ?
[2026-04-26 06:51:14]   ⏳ expUUU: step ?
[2026-04-26 06:51:14]   ⏳ expVVV: step ?
[2026-04-26 06:53:14] Waiting... B10 missing=['expNNN', 'expOOO', 'expPPP', 'expQQQ', 'expSSS', 'expTTT', 'expUUU', 'expVVV']
[2026-04-26 06:53:14]   ⏳ expNNN: step ?
[2026-04-26 06:53:14]   ⏳ expOOO: step ?
[2026-04-26 06:53:14]   ⏳ expPPP: step ?
[2026-04-26 06:53:14]   ⏳ expQQQ: step ?
[2026-04-26 06:53:14]   ⏳ expSSS: step ?
[2026-04-26 06:53:14]   ⏳ expTTT: step ?
[2026-04-26 06:53:14]   ⏳ expUUU: step ?
[2026-04-26 06:53:14]   ⏳ expVVV: step ?
[2026-04-26 06:55:15] Waiting... B10 missing=['expNNN', 'expOOO', 'expPPP', 'expQQQ', 'expSSS', 'expTTT', 'expUUU', 'expVVV']
[2026-04-26 06:55:15]   ⏳ expNNN: step ?
[2026-04-26 06:55:15]   ⏳ expOOO: step ?
[2026-04-26 06:55:15]   ⏳ expPPP: step ?
[2026-04-26 06:55:15]   ⏳ expQQQ: step ?
[2026-04-26 06:55:15]   ⏳ expSSS: step ?
[2026-04-26 06:55:15]   ⏳ expTTT: step ?
[2026-04-26 06:55:15]   ⏳ expUUU: step ?
[2026-04-26 06:55:15]   ⏳ expVVV: step ?
[2026-04-26 06:57:15] Waiting... B10 missing=['expNNN', 'expOOO', 'expPPP', 'expQQQ', 'expSSS', 'expTTT', 'expUUU', 'expVVV']
[2026-04-26 06:57:15]   ⏳ expNNN: step ?
[2026-04-26 06:57:15]   ⏳ expOOO: step ?
[2026-04-26 06:57:15]   ⏳ expPPP: step ?
[2026-04-26 06:57:15]   ⏳ expQQQ: step ?
[2026-04-26 06:57:15]   ⏳ expSSS: step ?
[2026-04-26 06:57:15]   ⏳ expTTT: step ?
[2026-04-26 06:57:15]   ⏳ expUUU: step ?
[2026-04-26 06:57:15]   ⏳ expVVV: step ?
[2026-04-26 06:59:15] Waiting... B10 missing=['expNNN', 'expOOO', 'expPPP', 'expQQQ', 'expSSS', 'expTTT', 'expUUU', 'expVVV']
[2026-04-26 06:59:15]   ⏳ expNNN: step ?
[2026-04-26 06:59:15]   ⏳ expOOO: step ?
[2026-04-26 06:59:15]   ⏳ expPPP: step ?
[2026-04-26 06:59:15]   ⏳ expQQQ: step ?
[2026-04-26 06:59:15]   ⏳ expSSS: step ?
[2026-04-26 06:59:15]   ⏳ expTTT: step ?
[2026-04-26 06:59:15]   ⏳ expUUU: step ?
[2026-04-26 06:59:15]   ⏳ expVVV: step ?
[2026-04-26 07:01:15] Waiting... B10 missing=['expNNN', 'expOOO', 'expPPP', 'expQQQ', 'expSSS', 'expTTT', 'expUUU', 'expVVV']
[2026-04-26 07:01:15]   ⏳ expNNN: step ?
[2026-04-26 07:01:15]   ⏳ expOOO: step ?
[2026-04-26 07:01:15]   ⏳ expPPP: step ?
[2026-04-26 07:01:15]   ⏳ expQQQ: step ?
[2026-04-26 07:01:15]   ⏳ expSSS: step ?
[2026-04-26 07:01:15]   ⏳ expTTT: step ?
[2026-04-26 07:01:15]   ⏳ expUUU: step ?
[2026-04-26 07:01:15]   ⏳ expVVV: step ?
[2026-04-26 07:03:15] Waiting... B10 missing=['expNNN', 'expOOO', 'expPPP', 'expQQQ', 'expSSS', 'expTTT', 'expUUU', 'expVVV']
[2026-04-26 07:03:15]   ⏳ expNNN: step ?
[2026-04-26 07:03:15]   ⏳ expOOO: step ?
[2026-04-26 07:03:15]   ⏳ expPPP: step ?
[2026-04-26 07:03:15]   ⏳ expQQQ: step ?
[2026-04-26 07:03:15]   ⏳ expSSS: step ?
[2026-04-26 07:03:15]   ⏳ expTTT: step ?
[2026-04-26 07:03:15]   ⏳ expUUU: step ?
[2026-04-26 07:03:15]   ⏳ expVVV: step ?
[2026-04-26 07:05:15] Waiting... B10 missing=['expNNN', 'expOOO', 'expPPP', 'expQQQ', 'expSSS', 'expTTT', 'expUUU', 'expVVV']
[2026-04-26 07:05:15]   ⏳ expNNN: step ?
[2026-04-26 07:05:15]   ⏳ expOOO: step ?
[2026-04-26 07:05:15]   ⏳ expPPP: step ?
[2026-04-26 07:05:15]   ⏳ expQQQ: step ?
[2026-04-26 07:05:15]   ⏳ expSSS: step ?
[2026-04-26 07:05:15]   ⏳ expTTT: step ?
[2026-04-26 07:05:15]   ⏳ expUUU: step ?
[2026-04-26 07:05:15]   ⏳ expVVV: step ?
[2026-04-26 07:07:16] Waiting... B10 missing=['expNNN', 'expOOO', 'expPPP', 'expQQQ', 'expSSS', 'expTTT', 'expUUU', 'expVVV']
[2026-04-26 07:07:16]   ⏳ expNNN: step ?
[2026-04-26 07:07:16]   ⏳ expOOO: step ?
[2026-04-26 07:07:16]   ⏳ expPPP: step ?
[2026-04-26 07:07:16]   ⏳ expQQQ: step ?
[2026-04-26 07:07:16]   ⏳ expSSS: step ?
[2026-04-26 07:07:16]   ⏳ expTTT: step ?
[2026-04-26 07:07:16]   ⏳ expUUU: step ?
[2026-04-26 07:07:16]   ⏳ expVVV: step ?
[2026-04-26 07:09:16] Waiting... B10 missing=['expNNN', 'expOOO', 'expPPP', 'expQQQ', 'expSSS', 'expTTT', 'expUUU', 'expVVV']
[2026-04-26 07:09:16]   ⏳ expNNN: step ?
[2026-04-26 07:09:16]   ⏳ expOOO: step ?
[2026-04-26 07:09:16]   ⏳ expPPP: step ?
[2026-04-26 07:09:16]   ⏳ expQQQ: step ?
[2026-04-26 07:09:16]   ⏳ expSSS: step ?
[2026-04-26 07:09:16]   ⏳ expTTT: step ?
[2026-04-26 07:09:16]   ⏳ expUUU: step ?
[2026-04-26 07:09:16]   ⏳ expVVV: step ?
[2026-04-26 07:11:16] Waiting... B10 missing=['expNNN', 'expOOO', 'expPPP', 'expQQQ', 'expSSS', 'expTTT', 'expUUU', 'expVVV']
[2026-04-26 07:11:16]   ⏳ expNNN: step ?
[2026-04-26 07:11:16]   ⏳ expOOO: step ?
[2026-04-26 07:11:16]   ⏳ expPPP: step ?
[2026-04-26 07:11:16]   ⏳ expQQQ: step ?
[2026-04-26 07:11:16]   ⏳ expSSS: step ?
[2026-04-26 07:11:16]   ⏳ expTTT: step ?
[2026-04-26 07:11:16]   ⏳ expUUU: step ?
[2026-04-26 07:11:16]   ⏳ expVVV: step ?
[2026-04-26 07:13:16] Waiting... B10 missing=['expNNN', 'expOOO', 'expPPP', 'expQQQ', 'expSSS', 'expTTT', 'expUUU', 'expVVV']
[2026-04-26 07:13:16]   ⏳ expNNN: step ?
[2026-04-26 07:13:16]   ⏳ expOOO: step ?
[2026-04-26 07:13:16]   ⏳ expPPP: step ?
[2026-04-26 07:13:16]   ⏳ expQQQ: step ?
[2026-04-26 07:13:16]   ⏳ expSSS: step ?
[2026-04-26 07:13:16]   ⏳ expTTT: step ?
[2026-04-26 07:13:16]   ⏳ expUUU: step ?
[2026-04-26 07:13:16]   ⏳ expVVV: step ?
[2026-04-26 07:15:16] Waiting... B10 missing=['expNNN', 'expOOO', 'expPPP', 'expQQQ', 'expSSS', 'expTTT', 'expUUU', 'expVVV']
[2026-04-26 07:15:16]   ⏳ expNNN: step ?
[2026-04-26 07:15:16]   ⏳ expOOO: step ?
[2026-04-26 07:15:16]   ⏳ expPPP: step ?
[2026-04-26 07:15:16]   ⏳ expQQQ: step ?
[2026-04-26 07:15:16]   ⏳ expSSS: step ?
[2026-04-26 07:15:16]   ⏳ expTTT: step ?
[2026-04-26 07:15:16]   ⏳ expUUU: step ?
[2026-04-26 07:15:16]   ⏳ expVVV: step ?
[2026-04-26 07:17:16] Waiting... B10 missing=['expNNN', 'expOOO', 'expPPP', 'expQQQ', 'expSSS', 'expTTT', 'expUUU', 'expVVV']
[2026-04-26 07:17:16]   ⏳ expNNN: step ?
[2026-04-26 07:17:16]   ⏳ expOOO: step ?
[2026-04-26 07:17:16]   ⏳ expPPP: step ?
[2026-04-26 07:17:16]   ⏳ expQQQ: step ?
[2026-04-26 07:17:16]   ⏳ expSSS: step ?
[2026-04-26 07:17:16]   ⏳ expTTT: step ?
[2026-04-26 07:17:16]   ⏳ expUUU: step ?
[2026-04-26 07:17:16]   ⏳ expVVV: step ?
[2026-04-26 07:19:17] Waiting... B10 missing=['expNNN', 'expOOO', 'expPPP', 'expQQQ', 'expSSS', 'expTTT', 'expUUU', 'expVVV']
[2026-04-26 07:19:17]   ⏳ expNNN: step ?
[2026-04-26 07:19:17]   ⏳ expOOO: step ?
[2026-04-26 07:19:17]   ⏳ expPPP: step ?
[2026-04-26 07:19:17]   ⏳ expQQQ: step ?
[2026-04-26 07:19:17]   ⏳ expSSS: step ?
[2026-04-26 07:19:17]   ⏳ expTTT: step ?
[2026-04-26 07:19:17]   ⏳ expUUU: step ?
[2026-04-26 07:19:17]   ⏳ expVVV: step ?
[2026-04-26 07:21:17] Waiting... B10 missing=['expNNN', 'expOOO', 'expPPP', 'expQQQ', 'expSSS', 'expTTT', 'expUUU', 'expVVV']
[2026-04-26 07:21:17]   ⏳ expNNN: step ?
[2026-04-26 07:21:17]   ⏳ expOOO: step ?
[2026-04-26 07:21:17]   ⏳ expPPP: step ?
[2026-04-26 07:21:17]   ⏳ expQQQ: step ?
[2026-04-26 07:21:17]   ⏳ expSSS: step ?
[2026-04-26 07:21:17]   ⏳ expTTT: step ?
[2026-04-26 07:21:17]   ⏳ expUUU: step ?
[2026-04-26 07:21:17]   ⏳ expVVV: step ?
[2026-04-26 07:23:17] Waiting... B10 missing=['expNNN', 'expOOO', 'expPPP', 'expQQQ', 'expSSS', 'expTTT', 'expUUU', 'expVVV']
[2026-04-26 07:23:17]   ⏳ expNNN: step ?
[2026-04-26 07:23:17]   ⏳ expOOO: step ?
[2026-04-26 07:23:17]   ⏳ expPPP: step ?
[2026-04-26 07:23:17]   ⏳ expQQQ: step ?
[2026-04-26 07:23:17]   ⏳ expSSS: step ?
[2026-04-26 07:23:17]   ⏳ expTTT: step ?
[2026-04-26 07:23:17]   ⏳ expUUU: step ?
[2026-04-26 07:23:17]   ⏳ expVVV: step ?
[2026-04-26 07:25:17] Waiting... B10 missing=['expNNN', 'expOOO', 'expPPP', 'expQQQ', 'expSSS', 'expTTT', 'expUUU', 'expVVV']
[2026-04-26 07:25:17]   ⏳ expNNN: step ?
[2026-04-26 07:25:17]   ⏳ expOOO: step ?
[2026-04-26 07:25:17]   ⏳ expPPP: step ?
[2026-04-26 07:25:17]   ⏳ expQQQ: step ?
[2026-04-26 07:25:17]   ⏳ expSSS: step ?
[2026-04-26 07:25:17]   ⏳ expTTT: step ?
[2026-04-26 07:25:17]   ⏳ expUUU: step ?
[2026-04-26 07:25:17]   ⏳ expVVV: step ?
[2026-04-26 07:27:17] Waiting... B10 missing=['expNNN', 'expOOO', 'expPPP', 'expQQQ', 'expSSS', 'expTTT', 'expUUU', 'expVVV']
[2026-04-26 07:27:17]   ⏳ expNNN: step ?
[2026-04-26 07:27:17]   ⏳ expOOO: step ?
[2026-04-26 07:27:17]   ⏳ expPPP: step ?
[2026-04-26 07:27:17]   ⏳ expQQQ: step ?
[2026-04-26 07:27:17]   ⏳ expSSS: step ?
[2026-04-26 07:27:17]   ⏳ expTTT: step ?
[2026-04-26 07:27:17]   ⏳ expUUU: step ?
[2026-04-26 07:27:17]   ⏳ expVVV: step ?
[2026-04-26 07:29:18] Waiting... B10 missing=['expNNN', 'expOOO', 'expPPP', 'expQQQ', 'expSSS', 'expTTT', 'expUUU', 'expVVV']
[2026-04-26 07:29:18]   ⏳ expNNN: step ?
[2026-04-26 07:29:18]   ⏳ expOOO: step ?
[2026-04-26 07:29:18]   ⏳ expPPP: step ?
[2026-04-26 07:29:18]   ⏳ expQQQ: step ?
[2026-04-26 07:29:18]   ⏳ expSSS: step ?
[2026-04-26 07:29:18]   ⏳ expTTT: step ?
[2026-04-26 07:29:18]   ⏳ expUUU: step ?
[2026-04-26 07:29:18]   ⏳ expVVV: step ?
[2026-04-26 07:31:18] Waiting... B10 missing=['expNNN', 'expOOO', 'expPPP', 'expQQQ', 'expSSS', 'expTTT', 'expUUU', 'expVVV']
[2026-04-26 07:31:18]   ⏳ expNNN: step ?
[2026-04-26 07:31:18]   ⏳ expOOO: step ?
[2026-04-26 07:31:18]   ⏳ expPPP: step ?
[2026-04-26 07:31:18]   ⏳ expQQQ: step ?
[2026-04-26 07:31:18]   ⏳ expSSS: step ?
[2026-04-26 07:31:18]   ⏳ expTTT: step ?
[2026-04-26 07:31:18]   ⏳ expUUU: step ?
[2026-04-26 07:31:18]   ⏳ expVVV: step ?
[2026-04-26 07:33:18] Waiting... B10 missing=['expNNN', 'expOOO', 'expPPP', 'expQQQ', 'expSSS', 'expTTT', 'expUUU', 'expVVV']
[2026-04-26 07:33:18]   ⏳ expNNN: step ?
[2026-04-26 07:33:18]   ⏳ expOOO: step ?
[2026-04-26 07:33:18]   ⏳ expPPP: step ?
[2026-04-26 07:33:18]   ⏳ expQQQ: step ?
[2026-04-26 07:33:18]   ⏳ expSSS: step ?
[2026-04-26 07:33:18]   ⏳ expTTT: step ?
[2026-04-26 07:33:18]   ⏳ expUUU: step ?
[2026-04-26 07:33:18]   ⏳ expVVV: step ?
[2026-04-26 07:35:18] Waiting... B10 missing=['expNNN', 'expOOO', 'expPPP', 'expQQQ', 'expSSS', 'expTTT', 'expUUU', 'expVVV']
[2026-04-26 07:35:18]   ⏳ expNNN: step ?
[2026-04-26 07:35:18]   ⏳ expOOO: step ?
[2026-04-26 07:35:18]   ⏳ expPPP: step ?
[2026-04-26 07:35:18]   ⏳ expQQQ: step ?
[2026-04-26 07:35:18]   ⏳ expSSS: step ?
[2026-04-26 07:35:18]   ⏳ expTTT: step ?
[2026-04-26 07:35:18]   ⏳ expUUU: step ?
[2026-04-26 07:35:18]   ⏳ expVVV: step ?
[2026-04-26 07:37:18] Waiting... B10 missing=['expNNN', 'expOOO', 'expPPP', 'expQQQ', 'expSSS', 'expTTT', 'expUUU', 'expVVV']
[2026-04-26 07:37:18]   ⏳ expNNN: step ?
[2026-04-26 07:37:18]   ⏳ expOOO: step ?
[2026-04-26 07:37:18]   ⏳ expPPP: step ?
[2026-04-26 07:37:18]   ⏳ expQQQ: step ?
[2026-04-26 07:37:18]   ⏳ expSSS: step ?
[2026-04-26 07:37:18]   ⏳ expTTT: step ?
[2026-04-26 07:37:18]   ⏳ expUUU: step ?
[2026-04-26 07:37:18]   ⏳ expVVV: step ?
[2026-04-26 07:39:18] Waiting... B10 missing=['expNNN', 'expOOO', 'expPPP', 'expQQQ', 'expSSS', 'expTTT', 'expUUU', 'expVVV']
[2026-04-26 07:39:18]   ⏳ expNNN: step ?
[2026-04-26 07:39:18]   ⏳ expOOO: step ?
[2026-04-26 07:39:18]   ⏳ expPPP: step ?
[2026-04-26 07:39:18]   ⏳ expQQQ: step ?
[2026-04-26 07:39:19]   ⏳ expSSS: step ?
[2026-04-26 07:39:19]   ⏳ expTTT: step ?
[2026-04-26 07:39:19]   ⏳ expUUU: step ?
[2026-04-26 07:39:19]   ⏳ expVVV: step ?
[2026-04-26 07:41:19] Waiting... B10 missing=['expNNN', 'expOOO', 'expPPP', 'expQQQ', 'expSSS', 'expTTT', 'expUUU', 'expVVV']
[2026-04-26 07:41:19]   ⏳ expNNN: step ?
[2026-04-26 07:41:19]   ⏳ expOOO: step ?
[2026-04-26 07:41:19]   ⏳ expPPP: step ?
[2026-04-26 07:41:19]   ⏳ expQQQ: step ?
[2026-04-26 07:41:19]   ⏳ expSSS: step ?
[2026-04-26 07:41:19]   ⏳ expTTT: step ?
[2026-04-26 07:41:19]   ⏳ expUUU: step ?
[2026-04-26 07:41:19]   ⏳ expVVV: step ?
[2026-04-26 07:43:19] Waiting... B10 missing=['expNNN', 'expOOO', 'expPPP', 'expQQQ', 'expSSS', 'expTTT', 'expUUU', 'expVVV']
[2026-04-26 07:43:19]   ⏳ expNNN: step ?
[2026-04-26 07:43:19]   ⏳ expOOO: step ?
[2026-04-26 07:43:19]   ⏳ expPPP: step ?
[2026-04-26 07:43:19]   ⏳ expQQQ: step ?
[2026-04-26 07:43:19]   ⏳ expSSS: step ?
[2026-04-26 07:43:19]   ⏳ expTTT: step ?
[2026-04-26 07:43:19]   ⏳ expUUU: step ?
[2026-04-26 07:43:19]   ⏳ expVVV: step ?
[2026-04-26 07:45:19] Waiting... B10 missing=['expNNN', 'expOOO', 'expPPP', 'expQQQ', 'expSSS', 'expTTT', 'expUUU', 'expVVV']
[2026-04-26 07:45:19]   ⏳ expNNN: step ?
[2026-04-26 07:45:19]   ⏳ expOOO: step ?
[2026-04-26 07:45:19]   ⏳ expPPP: step ?
[2026-04-26 07:45:19]   ⏳ expQQQ: step ?
[2026-04-26 07:45:19]   ⏳ expSSS: step ?
[2026-04-26 07:45:19]   ⏳ expTTT: step ?
[2026-04-26 07:45:19]   ⏳ expUUU: step ?
[2026-04-26 07:45:19]   ⏳ expVVV: step ?
[2026-04-26 07:47:19] Waiting... B10 missing=['expNNN', 'expOOO', 'expPPP', 'expQQQ', 'expSSS', 'expTTT', 'expUUU', 'expVVV']
[2026-04-26 07:47:19]   ⏳ expNNN: step ?
[2026-04-26 07:47:19]   ⏳ expOOO: step ?
[2026-04-26 07:47:19]   ⏳ expPPP: step ?
[2026-04-26 07:47:19]   ⏳ expQQQ: step ?
[2026-04-26 07:47:19]   ⏳ expSSS: step ?
[2026-04-26 07:47:19]   ⏳ expTTT: step ?
[2026-04-26 07:47:19]   ⏳ expUUU: step ?
[2026-04-26 07:47:19]   ⏳ expVVV: step ?
[2026-04-26 07:49:19] Waiting... B10 missing=['expNNN', 'expOOO', 'expPPP', 'expQQQ', 'expSSS', 'expTTT', 'expUUU', 'expVVV']
[2026-04-26 07:49:19]   ⏳ expNNN: step ?
[2026-04-26 07:49:19]   ⏳ expOOO: step ?
[2026-04-26 07:49:19]   ⏳ expPPP: step ?
[2026-04-26 07:49:19]   ⏳ expQQQ: step ?
[2026-04-26 07:49:19]   ⏳ expSSS: step ?
[2026-04-26 07:49:19]   ⏳ expTTT: step ?
[2026-04-26 07:49:19]   ⏳ expUUU: step ?
[2026-04-26 07:49:19]   ⏳ expVVV: step ?
[2026-04-26 07:51:20] Waiting... B10 missing=['expNNN', 'expOOO', 'expPPP', 'expQQQ', 'expSSS', 'expTTT', 'expUUU', 'expVVV']
[2026-04-26 07:51:20]   ⏳ expNNN: step ?
[2026-04-26 07:51:20]   ⏳ expOOO: step ?
[2026-04-26 07:51:20]   ⏳ expPPP: step ?
[2026-04-26 07:51:20]   ⏳ expQQQ: step ?
[2026-04-26 07:51:20]   ⏳ expSSS: step ?
[2026-04-26 07:51:20]   ⏳ expTTT: step ?
[2026-04-26 07:51:20]   ⏳ expUUU: step ?
[2026-04-26 07:51:20]   ⏳ expVVV: step ?
[2026-04-26 07:53:20] Waiting... B10 missing=['expNNN', 'expOOO', 'expPPP', 'expQQQ', 'expSSS', 'expTTT', 'expUUU', 'expVVV']
[2026-04-26 07:53:20]   ⏳ expNNN: step ?
[2026-04-26 07:53:20]   ⏳ expOOO: step ?
[2026-04-26 07:53:20]   ⏳ expPPP: step ?
[2026-04-26 07:53:20]   ⏳ expQQQ: step ?
[2026-04-26 07:53:20]   ⏳ expSSS: step ?
[2026-04-26 07:53:20]   ⏳ expTTT: step ?
[2026-04-26 07:53:20]   ⏳ expUUU: step ?
[2026-04-26 07:53:20]   ⏳ expVVV: step ?
[2026-04-26 07:55:20] Waiting... B10 missing=['expNNN', 'expOOO', 'expPPP', 'expQQQ', 'expSSS', 'expTTT', 'expUUU', 'expVVV']
[2026-04-26 07:55:20]   ⏳ expNNN: step ?
[2026-04-26 07:55:20]   ⏳ expOOO: step ?
[2026-04-26 07:55:20]   ⏳ expPPP: step ?
[2026-04-26 07:55:20]   ⏳ expQQQ: step ?
[2026-04-26 07:55:20]   ⏳ expSSS: step ?
[2026-04-26 07:55:20]   ⏳ expTTT: step ?
[2026-04-26 07:55:20]   ⏳ expUUU: step ?
[2026-04-26 07:55:20]   ⏳ expVVV: step ?
[2026-04-26 07:57:20] Waiting... B10 missing=['expNNN', 'expOOO', 'expPPP', 'expQQQ', 'expSSS', 'expTTT', 'expUUU', 'expVVV']
[2026-04-26 07:57:20]   ⏳ expNNN: step ?
[2026-04-26 07:57:20]   ⏳ expOOO: step ?
[2026-04-26 07:57:20]   ⏳ expPPP: step ?
[2026-04-26 07:57:20]   ⏳ expQQQ: step ?
[2026-04-26 07:57:20]   ⏳ expSSS: step ?
[2026-04-26 07:57:20]   ⏳ expTTT: step ?
[2026-04-26 07:57:20]   ⏳ expUUU: step ?
[2026-04-26 07:57:20]   ⏳ expVVV: step ?
[2026-04-26 07:59:20] Waiting... B10 missing=['expNNN', 'expOOO', 'expPPP', 'expQQQ', 'expSSS', 'expTTT', 'expUUU', 'expVVV']
[2026-04-26 07:59:20]   ⏳ expNNN: step ?
[2026-04-26 07:59:20]   ⏳ expOOO: step ?
[2026-04-26 07:59:20]   ⏳ expPPP: step ?
[2026-04-26 07:59:20]   ⏳ expQQQ: step ?
[2026-04-26 07:59:20]   ⏳ expSSS: step ?
[2026-04-26 07:59:20]   ⏳ expTTT: step ?
[2026-04-26 07:59:20]   ⏳ expUUU: step ?
[2026-04-26 07:59:20]   ⏳ expVVV: step ?
[2026-04-26 08:01:21] Waiting... B10 missing=['expNNN', 'expOOO', 'expPPP', 'expQQQ', 'expSSS', 'expTTT', 'expUUU', 'expVVV']
[2026-04-26 08:01:21]   ⏳ expNNN: step ?
[2026-04-26 08:01:21]   ⏳ expOOO: step ?
[2026-04-26 08:01:21]   ⏳ expPPP: step ?
[2026-04-26 08:01:21]   ⏳ expQQQ: step ?
[2026-04-26 08:01:21]   ⏳ expSSS: step ?
[2026-04-26 08:01:21]   ⏳ expTTT: step ?
[2026-04-26 08:01:21]   ⏳ expUUU: step ?
[2026-04-26 08:01:21]   ⏳ expVVV: step ?
[2026-04-26 08:03:21] Waiting... B10 missing=['expNNN', 'expOOO', 'expPPP', 'expQQQ', 'expSSS', 'expTTT', 'expUUU', 'expVVV']
[2026-04-26 08:03:21]   ⏳ expNNN: step ?
[2026-04-26 08:03:21]   ⏳ expOOO: step ?
[2026-04-26 08:03:21]   ⏳ expPPP: step ?
[2026-04-26 08:03:21]   ⏳ expQQQ: step ?
[2026-04-26 08:03:21]   ⏳ expSSS: step ?
[2026-04-26 08:03:21]   ⏳ expTTT: step ?
[2026-04-26 08:03:21]   ⏳ expUUU: step ?
[2026-04-26 08:03:21]   ⏳ expVVV: step ?
[2026-04-26 08:05:21] Waiting... B10 missing=['expNNN', 'expOOO', 'expPPP', 'expQQQ', 'expSSS', 'expTTT', 'expUUU', 'expVVV']
[2026-04-26 08:05:21]   ⏳ expNNN: step ?
[2026-04-26 08:05:21]   ⏳ expOOO: step ?
[2026-04-26 08:05:21]   ⏳ expPPP: step ?
[2026-04-26 08:05:21]   ⏳ expQQQ: step ?
[2026-04-26 08:05:21]   ⏳ expSSS: step ?
[2026-04-26 08:05:21]   ⏳ expTTT: step ?
[2026-04-26 08:05:21]   ⏳ expUUU: step ?
[2026-04-26 08:05:21]   ⏳ expVVV: step ?
[2026-04-26 08:07:21] Waiting... B10 missing=['expNNN', 'expOOO', 'expPPP', 'expQQQ', 'expSSS', 'expTTT', 'expUUU', 'expVVV']
[2026-04-26 08:07:21]   ⏳ expNNN: step ?
[2026-04-26 08:07:21]   ⏳ expOOO: step ?
[2026-04-26 08:07:21]   ⏳ expPPP: step ?
[2026-04-26 08:07:21]   ⏳ expQQQ: step ?
[2026-04-26 08:07:21]   ⏳ expSSS: step ?
[2026-04-26 08:07:21]   ⏳ expTTT: step ?
[2026-04-26 08:07:21]   ⏳ expUUU: step ?
[2026-04-26 08:07:21]   ⏳ expVVV: step ?
[2026-04-26 08:09:21] Waiting... B10 missing=['expNNN', 'expOOO', 'expPPP', 'expQQQ', 'expSSS', 'expTTT', 'expUUU', 'expVVV']
[2026-04-26 08:09:21]   ⏳ expNNN: step ?
[2026-04-26 08:09:21]   ⏳ expOOO: step ?
[2026-04-26 08:09:21]   ⏳ expPPP: step ?
[2026-04-26 08:09:21]   ⏳ expQQQ: step ?
[2026-04-26 08:09:21]   ⏳ expSSS: step ?
[2026-04-26 08:09:21]   ⏳ expTTT: step ?
[2026-04-26 08:09:21]   ⏳ expUUU: step ?
[2026-04-26 08:09:21]   ⏳ expVVV: step ?
[2026-04-26 08:11:22] Waiting... B10 missing=['expNNN', 'expOOO', 'expPPP', 'expQQQ', 'expSSS', 'expTTT', 'expUUU', 'expVVV']
[2026-04-26 08:11:22]   ⏳ expNNN: step ?
[2026-04-26 08:11:22]   ⏳ expOOO: step ?
[2026-04-26 08:11:22]   ⏳ expPPP: step ?
[2026-04-26 08:11:22]   ⏳ expQQQ: step ?
[2026-04-26 08:11:22]   ⏳ expSSS: step ?
[2026-04-26 08:11:22]   ⏳ expTTT: step ?
[2026-04-26 08:11:22]   ⏳ expUUU: step ?
[2026-04-26 08:11:22]   ⏳ expVVV: step ?
[2026-04-26 08:13:22] Waiting... B10 missing=['expNNN', 'expOOO', 'expPPP', 'expQQQ', 'expSSS', 'expTTT', 'expUUU', 'expVVV']
[2026-04-26 08:13:22]   ⏳ expNNN: step ?
[2026-04-26 08:13:22]   ⏳ expOOO: step ?
[2026-04-26 08:13:22]   ⏳ expPPP: step ?
[2026-04-26 08:13:22]   ⏳ expQQQ: step ?
[2026-04-26 08:13:22]   ⏳ expSSS: step ?
[2026-04-26 08:13:22]   ⏳ expTTT: step ?
[2026-04-26 08:13:22]   ⏳ expUUU: step ?
[2026-04-26 08:13:22]   ⏳ expVVV: step ?
[2026-04-26 08:15:22] Waiting... B10 missing=['expNNN', 'expOOO', 'expPPP', 'expQQQ', 'expSSS', 'expTTT', 'expUUU', 'expVVV']
[2026-04-26 08:15:22]   ⏳ expNNN: step ?
[2026-04-26 08:15:22]   ⏳ expOOO: step ?
[2026-04-26 08:15:22]   ⏳ expPPP: step ?
[2026-04-26 08:15:22]   ⏳ expQQQ: step ?
[2026-04-26 08:15:22]   ⏳ expSSS: step ?
[2026-04-26 08:15:22]   ⏳ expTTT: step ?
[2026-04-26 08:15:22]   ⏳ expUUU: step ?
[2026-04-26 08:15:22]   ⏳ expVVV: step ?
[2026-04-26 08:17:22] Waiting... B10 missing=['expNNN', 'expOOO', 'expPPP', 'expQQQ', 'expSSS', 'expTTT', 'expUUU', 'expVVV']
[2026-04-26 08:17:22]   ⏳ expNNN: step ?
[2026-04-26 08:17:22]   ⏳ expOOO: step ?
[2026-04-26 08:17:22]   ⏳ expPPP: step ?
[2026-04-26 08:17:22]   ⏳ expQQQ: step ?
[2026-04-26 08:17:22]   ⏳ expSSS: step ?
[2026-04-26 08:17:22]   ⏳ expTTT: step ?
[2026-04-26 08:17:22]   ⏳ expUUU: step ?
[2026-04-26 08:17:22]   ⏳ expVVV: step ?
[2026-04-26 08:19:22] Waiting... B10 missing=['expNNN', 'expOOO', 'expPPP', 'expQQQ', 'expSSS', 'expTTT', 'expUUU', 'expVVV']
[2026-04-26 08:19:22]   ⏳ expNNN: step ?
[2026-04-26 08:19:22]   ⏳ expOOO: step ?
[2026-04-26 08:19:22]   ⏳ expPPP: step ?
[2026-04-26 08:19:22]   ⏳ expQQQ: step ?
[2026-04-26 08:19:22]   ⏳ expSSS: step ?
[2026-04-26 08:19:22]   ⏳ expTTT: step ?
[2026-04-26 08:19:22]   ⏳ expUUU: step ?
[2026-04-26 08:19:22]   ⏳ expVVV: step ?
[2026-04-26 08:21:22] Waiting... B10 missing=['expNNN', 'expOOO', 'expPPP', 'expQQQ', 'expSSS', 'expTTT', 'expUUU', 'expVVV']
[2026-04-26 08:21:22]   ⏳ expNNN: step ?
[2026-04-26 08:21:22]   ⏳ expOOO: step ?
[2026-04-26 08:21:22]   ⏳ expPPP: step ?
[2026-04-26 08:21:22]   ⏳ expQQQ: step ?
[2026-04-26 08:21:22]   ⏳ expSSS: step ?
[2026-04-26 08:21:22]   ⏳ expTTT: step ?
[2026-04-26 08:21:22]   ⏳ expUUU: step ?
[2026-04-26 08:21:22]   ⏳ expVVV: step ?
[2026-04-26 08:23:23] Waiting... B10 missing=['expNNN', 'expOOO', 'expPPP', 'expQQQ', 'expSSS', 'expTTT', 'expUUU', 'expVVV']
[2026-04-26 08:23:23]   ⏳ expNNN: step ?
[2026-04-26 08:23:23]   ⏳ expOOO: step ?
[2026-04-26 08:23:23]   ⏳ expPPP: step ?
[2026-04-26 08:23:23]   ⏳ expQQQ: step ?
[2026-04-26 08:23:23]   ⏳ expSSS: step ?
[2026-04-26 08:23:23]   ⏳ expTTT: step ?
[2026-04-26 08:23:23]   ⏳ expUUU: step ?
[2026-04-26 08:23:23]   ⏳ expVVV: step ?
[2026-04-26 08:25:23] Waiting... B10 missing=['expNNN', 'expOOO', 'expPPP', 'expQQQ', 'expSSS', 'expTTT', 'expUUU', 'expVVV']
[2026-04-26 08:25:23]   ⏳ expNNN: step ?
[2026-04-26 08:25:23]   ⏳ expOOO: step ?
[2026-04-26 08:25:23]   ⏳ expPPP: step ?
[2026-04-26 08:25:23]   ⏳ expQQQ: step ?
[2026-04-26 08:25:23]   ⏳ expSSS: step ?
[2026-04-26 08:25:23]   ⏳ expTTT: step ?
[2026-04-26 08:25:23]   ⏳ expUUU: step ?
[2026-04-26 08:25:23]   ⏳ expVVV: step ?
[2026-04-26 08:27:23] Waiting... B10 missing=['expNNN', 'expOOO', 'expPPP', 'expQQQ', 'expSSS', 'expTTT', 'expUUU', 'expVVV']
[2026-04-26 08:27:23]   ⏳ expNNN: step ?
[2026-04-26 08:27:23]   ⏳ expOOO: step ?
[2026-04-26 08:27:23]   ⏳ expPPP: step ?
[2026-04-26 08:27:23]   ⏳ expQQQ: step ?
[2026-04-26 08:27:23]   ⏳ expSSS: step ?
[2026-04-26 08:27:23]   ⏳ expTTT: step ?
[2026-04-26 08:27:23]   ⏳ expUUU: step ?
[2026-04-26 08:27:23]   ⏳ expVVV: step ?
[2026-04-26 08:29:23] Waiting... B10 missing=['expNNN', 'expOOO', 'expPPP', 'expQQQ', 'expSSS', 'expTTT', 'expUUU', 'expVVV']
[2026-04-26 08:29:23]   ⏳ expNNN: step ?
[2026-04-26 08:29:23]   ⏳ expOOO: step ?
[2026-04-26 08:29:23]   ⏳ expPPP: step ?
[2026-04-26 08:29:23]   ⏳ expQQQ: step ?
[2026-04-26 08:29:23]   ⏳ expSSS: step ?
[2026-04-26 08:29:23]   ⏳ expTTT: step ?
[2026-04-26 08:29:23]   ⏳ expUUU: step ?
[2026-04-26 08:29:23]   ⏳ expVVV: step ?
[2026-04-26 08:31:23] Waiting... B10 missing=['expNNN', 'expOOO', 'expPPP', 'expQQQ', 'expSSS', 'expTTT', 'expUUU', 'expVVV']
[2026-04-26 08:31:23]   ⏳ expNNN: step ?
[2026-04-26 08:31:23]   ⏳ expOOO: step ?
[2026-04-26 08:31:23]   ⏳ expPPP: step ?
[2026-04-26 08:31:23]   ⏳ expQQQ: step ?
[2026-04-26 08:31:23]   ⏳ expSSS: step ?
[2026-04-26 08:31:23]   ⏳ expTTT: step ?
[2026-04-26 08:31:23]   ⏳ expUUU: step ?
[2026-04-26 08:31:23]   ⏳ expVVV: step ?
[2026-04-26 08:33:23] Waiting... B10 missing=['expNNN', 'expOOO', 'expPPP', 'expQQQ', 'expSSS', 'expTTT', 'expUUU', 'expVVV']
[2026-04-26 08:33:23]   ⏳ expNNN: step ?
[2026-04-26 08:33:23]   ⏳ expOOO: step ?
[2026-04-26 08:33:23]   ⏳ expPPP: step ?
[2026-04-26 08:33:23]   ⏳ expQQQ: step ?
[2026-04-26 08:33:23]   ⏳ expSSS: step ?
[2026-04-26 08:33:23]   ⏳ expTTT: step ?
[2026-04-26 08:33:23]   ⏳ expUUU: step ?
[2026-04-26 08:33:23]   ⏳ expVVV: step ?
[2026-04-26 08:35:23] Waiting... B10 missing=['expNNN', 'expOOO', 'expPPP', 'expQQQ', 'expSSS', 'expTTT', 'expUUU', 'expVVV']
[2026-04-26 08:35:24]   ⏳ expNNN: step ?
[2026-04-26 08:35:24]   ⏳ expOOO: step ?
[2026-04-26 08:35:24]   ⏳ expPPP: step ?
[2026-04-26 08:35:24]   ⏳ expQQQ: step ?
[2026-04-26 08:35:24]   ⏳ expSSS: step ?
[2026-04-26 08:35:24]   ⏳ expTTT: step ?
[2026-04-26 08:35:24]   ⏳ expUUU: step ?
[2026-04-26 08:35:24]   ⏳ expVVV: step ?
[2026-04-26 08:37:24] Waiting... B10 missing=['expNNN', 'expOOO', 'expPPP', 'expQQQ', 'expSSS', 'expTTT', 'expUUU', 'expVVV']
[2026-04-26 08:37:24]   ⏳ expNNN: step ?
[2026-04-26 08:37:24]   ⏳ expOOO: step ?
[2026-04-26 08:37:24]   ⏳ expPPP: step ?
[2026-04-26 08:37:24]   ⏳ expQQQ: step ?
[2026-04-26 08:37:24]   ⏳ expSSS: step ?
[2026-04-26 08:37:24]   ⏳ expTTT: step ?
[2026-04-26 08:37:24]   ⏳ expUUU: step ?
[2026-04-26 08:37:24]   ⏳ expVVV: step ?
[2026-04-26 08:39:24] Waiting... B10 missing=['expNNN', 'expOOO', 'expPPP', 'expQQQ', 'expSSS', 'expTTT', 'expUUU', 'expVVV']
[2026-04-26 08:39:24]   ⏳ expNNN: step ?
[2026-04-26 08:39:24]   ⏳ expOOO: step ?
[2026-04-26 08:39:24]   ⏳ expPPP: step ?
[2026-04-26 08:39:24]   ⏳ expQQQ: step ?
[2026-04-26 08:39:24]   ⏳ expSSS: step ?
[2026-04-26 08:39:24]   ⏳ expTTT: step ?
[2026-04-26 08:39:24]   ⏳ expUUU: step ?
[2026-04-26 08:39:24]   ⏳ expVVV: step ?
[2026-04-26 08:41:24] Waiting... B10 missing=['expNNN', 'expOOO', 'expPPP', 'expQQQ', 'expSSS', 'expTTT', 'expUUU', 'expVVV']
[2026-04-26 08:41:24]   ⏳ expNNN: step ?
[2026-04-26 08:41:24]   ⏳ expOOO: step ?
[2026-04-26 08:41:24]   ⏳ expPPP: step ?
[2026-04-26 08:41:24]   ⏳ expQQQ: step ?
[2026-04-26 08:41:24]   ⏳ expSSS: step ?
[2026-04-26 08:41:24]   ⏳ expTTT: step ?
[2026-04-26 08:41:24]   ⏳ expUUU: step ?
[2026-04-26 08:41:24]   ⏳ expVVV: step ?
[2026-04-26 08:43:24] Waiting... B10 missing=['expNNN', 'expOOO', 'expPPP', 'expQQQ', 'expSSS', 'expTTT', 'expUUU', 'expVVV']
[2026-04-26 08:43:24]   ⏳ expNNN: step ?
[2026-04-26 08:43:24]   ⏳ expOOO: step ?
[2026-04-26 08:43:24]   ⏳ expPPP: step ?
[2026-04-26 08:43:24]   ⏳ expQQQ: step ?
[2026-04-26 08:43:24]   ⏳ expSSS: step ?
[2026-04-26 08:43:24]   ⏳ expTTT: step ?
[2026-04-26 08:43:24]   ⏳ expUUU: step ?
[2026-04-26 08:43:24]   ⏳ expVVV: step ?
[2026-04-26 08:45:24] Waiting... B10 missing=['expNNN', 'expOOO', 'expPPP', 'expQQQ', 'expSSS', 'expTTT', 'expUUU', 'expVVV']
[2026-04-26 08:45:24]   ⏳ expNNN: step ?
[2026-04-26 08:45:24]   ⏳ expOOO: step ?
[2026-04-26 08:45:24]   ⏳ expPPP: step ?
[2026-04-26 08:45:24]   ⏳ expQQQ: step ?
[2026-04-26 08:45:24]   ⏳ expSSS: step ?
[2026-04-26 08:45:24]   ⏳ expTTT: step ?
[2026-04-26 08:45:24]   ⏳ expUUU: step ?
[2026-04-26 08:45:25]   ⏳ expVVV: step ?
[2026-04-26 08:47:25] Waiting... B10 missing=['expNNN', 'expOOO', 'expPPP', 'expQQQ', 'expSSS', 'expTTT', 'expUUU', 'expVVV']
[2026-04-26 08:47:25]   ⏳ expNNN: step ?
[2026-04-26 08:47:25]   ⏳ expOOO: step ?
[2026-04-26 08:47:25]   ⏳ expPPP: step ?
[2026-04-26 08:47:25]   ⏳ expQQQ: step ?
[2026-04-26 08:47:25]   ⏳ expSSS: step ?
[2026-04-26 08:47:25]   ⏳ expTTT: step ?
[2026-04-26 08:47:25]   ⏳ expUUU: step ?
[2026-04-26 08:47:25]   ⏳ expVVV: step ?
[2026-04-26 08:49:25] Waiting... B10 missing=['expNNN', 'expOOO', 'expPPP', 'expQQQ', 'expSSS', 'expTTT', 'expUUU', 'expVVV']
[2026-04-26 08:49:25]   ⏳ expNNN: step ?
[2026-04-26 08:49:25]   ⏳ expOOO: step ?
[2026-04-26 08:49:25]   ⏳ expPPP: step ?
[2026-04-26 08:49:25]   ⏳ expQQQ: step ?
[2026-04-26 08:49:25]   ⏳ expSSS: step ?
[2026-04-26 08:49:25]   ⏳ expTTT: step ?
[2026-04-26 08:49:25]   ⏳ expUUU: step ?
[2026-04-26 08:49:25]   ⏳ expVVV: step ?
[2026-04-26 08:51:25] Waiting... B10 missing=['expNNN', 'expOOO', 'expPPP', 'expQQQ', 'expSSS', 'expTTT', 'expUUU', 'expVVV']
[2026-04-26 08:51:25]   ⏳ expNNN: step ?
[2026-04-26 08:51:25]   ⏳ expOOO: step ?
[2026-04-26 08:51:25]   ⏳ expPPP: step ?
[2026-04-26 08:51:25]   ⏳ expQQQ: step ?
[2026-04-26 08:51:25]   ⏳ expSSS: step ?
[2026-04-26 08:51:25]   ⏳ expTTT: step ?
[2026-04-26 08:51:25]   ⏳ expUUU: step ?
[2026-04-26 08:51:25]   ⏳ expVVV: step ?
[2026-04-26 08:53:25] Waiting... B10 missing=['expNNN', 'expOOO', 'expPPP', 'expQQQ', 'expSSS', 'expTTT', 'expUUU', 'expVVV']
[2026-04-26 08:53:25]   ⏳ expNNN: step ?
[2026-04-26 08:53:25]   ⏳ expOOO: step ?
[2026-04-26 08:53:25]   ⏳ expPPP: step ?
[2026-04-26 08:53:25]   ⏳ expQQQ: step ?
[2026-04-26 08:53:25]   ⏳ expSSS: step ?
[2026-04-26 08:53:25]   ⏳ expTTT: step ?
[2026-04-26 08:53:25]   ⏳ expUUU: step ?
[2026-04-26 08:53:25]   ⏳ expVVV: step ?
[2026-04-26 08:55:25] Waiting... B10 missing=['expNNN', 'expOOO', 'expPPP', 'expQQQ', 'expSSS', 'expTTT', 'expUUU', 'expVVV']
[2026-04-26 08:55:25]   ⏳ expNNN: step ?
[2026-04-26 08:55:25]   ⏳ expOOO: step ?
[2026-04-26 08:55:25]   ⏳ expPPP: step ?
[2026-04-26 08:55:25]   ⏳ expQQQ: step ?
[2026-04-26 08:55:25]   ⏳ expSSS: step ?
[2026-04-26 08:55:25]   ⏳ expTTT: step ?
[2026-04-26 08:55:25]   ⏳ expUUU: step ?
[2026-04-26 08:55:25]   ⏳ expVVV: step ?
[2026-04-26 08:57:26] Waiting... B10 missing=['expNNN', 'expOOO', 'expPPP', 'expQQQ', 'expSSS', 'expTTT', 'expUUU', 'expVVV']
[2026-04-26 08:57:26]   ⏳ expNNN: step ?
[2026-04-26 08:57:26]   ⏳ expOOO: step ?
[2026-04-26 08:57:26]   ⏳ expPPP: step ?
[2026-04-26 08:57:26]   ⏳ expQQQ: step ?
[2026-04-26 08:57:26]   ⏳ expSSS: step ?
[2026-04-26 08:57:26]   ⏳ expTTT: step ?
[2026-04-26 08:57:26]   ⏳ expUUU: step ?
[2026-04-26 08:57:26]   ⏳ expVVV: step ?
[2026-04-26 08:59:26] Waiting... B10 missing=['expNNN', 'expOOO', 'expPPP', 'expQQQ', 'expSSS', 'expTTT', 'expUUU', 'expVVV']
[2026-04-26 08:59:26]   ⏳ expNNN: step ?
[2026-04-26 08:59:26]   ⏳ expOOO: step ?
[2026-04-26 08:59:26]   ⏳ expPPP: step ?
[2026-04-26 08:59:26]   ⏳ expQQQ: step ?
[2026-04-26 08:59:26]   ⏳ expSSS: step ?
[2026-04-26 08:59:26]   ⏳ expTTT: step ?
[2026-04-26 08:59:26]   ⏳ expUUU: step ?
[2026-04-26 08:59:26]   ⏳ expVVV: step ?
[2026-04-26 09:01:26] Waiting... B10 missing=['expNNN', 'expOOO', 'expPPP', 'expQQQ', 'expSSS', 'expTTT', 'expUUU', 'expVVV']
[2026-04-26 09:01:26]   ⏳ expNNN: step ?
[2026-04-26 09:01:26]   ⏳ expOOO: step ?
[2026-04-26 09:01:26]   ⏳ expPPP: step ?
[2026-04-26 09:01:26]   ⏳ expQQQ: step ?
[2026-04-26 09:01:26]   ⏳ expSSS: step ?
[2026-04-26 09:01:26]   ⏳ expTTT: step ?
[2026-04-26 09:01:26]   ⏳ expUUU: step ?
[2026-04-26 09:01:26]   ⏳ expVVV: step ?
[2026-04-26 09:03:26] Waiting... B10 missing=['expNNN', 'expOOO', 'expPPP', 'expQQQ', 'expSSS', 'expTTT', 'expUUU', 'expVVV']
[2026-04-26 09:03:26]   ⏳ expNNN: step ?
[2026-04-26 09:03:26]   ⏳ expOOO: step ?
[2026-04-26 09:03:26]   ⏳ expPPP: step ?
[2026-04-26 09:03:26]   ⏳ expQQQ: step ?
[2026-04-26 09:03:26]   ⏳ expSSS: step ?
[2026-04-26 09:03:26]   ⏳ expTTT: step ?
[2026-04-26 09:03:26]   ⏳ expUUU: step ?
[2026-04-26 09:03:26]   ⏳ expVVV: step ?
[2026-04-26 09:05:26] Waiting... B10 missing=['expNNN', 'expOOO', 'expPPP', 'expQQQ', 'expSSS', 'expTTT', 'expUUU', 'expVVV']
[2026-04-26 09:05:26]   ⏳ expNNN: step ?
[2026-04-26 09:05:26]   ⏳ expOOO: step ?
[2026-04-26 09:05:26]   ⏳ expPPP: step ?
[2026-04-26 09:05:26]   ⏳ expQQQ: step ?
[2026-04-26 09:05:26]   ⏳ expSSS: step ?
[2026-04-26 09:05:26]   ⏳ expTTT: step ?
[2026-04-26 09:05:26]   ⏳ expUUU: step ?
[2026-04-26 09:05:26]   ⏳ expVVV: step ?
[2026-04-26 09:07:26] Waiting... B10 missing=['expNNN', 'expOOO', 'expPPP', 'expQQQ', 'expSSS', 'expTTT', 'expUUU', 'expVVV']
[2026-04-26 09:07:26]   ⏳ expNNN: step ?
[2026-04-26 09:07:26]   ⏳ expOOO: step ?
[2026-04-26 09:07:26]   ⏳ expPPP: step ?
[2026-04-26 09:07:26]   ⏳ expQQQ: step ?
[2026-04-26 09:07:26]   ⏳ expSSS: step ?
[2026-04-26 09:07:26]   ⏳ expTTT: step ?
[2026-04-26 09:07:26]   ⏳ expUUU: step ?
[2026-04-26 09:07:26]   ⏳ expVVV: step ?
[2026-04-26 09:09:27] Waiting... B10 missing=['expNNN', 'expOOO', 'expPPP', 'expQQQ', 'expSSS', 'expTTT', 'expUUU', 'expVVV']
[2026-04-26 09:09:27]   ⏳ expNNN: step ?
[2026-04-26 09:09:27]   ⏳ expOOO: step ?
[2026-04-26 09:09:27]   ⏳ expPPP: step ?
[2026-04-26 09:09:27]   ⏳ expQQQ: step ?
[2026-04-26 09:09:27]   ⏳ expSSS: step ?
[2026-04-26 09:09:27]   ⏳ expTTT: step ?
[2026-04-26 09:09:27]   ⏳ expUUU: step ?
[2026-04-26 09:09:27]   ⏳ expVVV: step ?
[2026-04-26 09:11:27] Waiting... B10 missing=['expNNN', 'expOOO', 'expPPP', 'expQQQ', 'expSSS', 'expTTT', 'expUUU', 'expVVV']
[2026-04-26 09:11:27]   ⏳ expNNN: step ?
[2026-04-26 09:11:27]   ⏳ expOOO: step ?
[2026-04-26 09:11:27]   ⏳ expPPP: step ?
[2026-04-26 09:11:27]   ⏳ expQQQ: step ?
[2026-04-26 09:11:27]   ⏳ expSSS: step ?
[2026-04-26 09:11:27]   ⏳ expTTT: step ?
[2026-04-26 09:11:27]   ⏳ expUUU: step ?
[2026-04-26 09:11:27]   ⏳ expVVV: step ?
[2026-04-26 09:13:27] Waiting... B10 missing=['expNNN', 'expOOO', 'expPPP', 'expQQQ', 'expSSS', 'expTTT', 'expUUU', 'expVVV']
[2026-04-26 09:13:27]   ⏳ expNNN: step ?
[2026-04-26 09:13:27]   ⏳ expOOO: step ?
[2026-04-26 09:13:27]   ⏳ expPPP: step ?
[2026-04-26 09:13:27]   ⏳ expQQQ: step ?
[2026-04-26 09:13:27]   ⏳ expSSS: step ?
[2026-04-26 09:13:27]   ⏳ expTTT: step ?
[2026-04-26 09:13:27]   ⏳ expUUU: step ?
[2026-04-26 09:13:27]   ⏳ expVVV: step ?
[2026-04-26 09:15:27] Waiting... B10 missing=['expNNN', 'expOOO', 'expPPP', 'expQQQ', 'expSSS', 'expTTT', 'expUUU', 'expVVV']
[2026-04-26 09:15:27]   ⏳ expNNN: step ?
[2026-04-26 09:15:27]   ⏳ expOOO: step ?
[2026-04-26 09:15:27]   ⏳ expPPP: step ?
[2026-04-26 09:15:27]   ⏳ expQQQ: step ?
[2026-04-26 09:15:27]   ⏳ expSSS: step ?
[2026-04-26 09:15:27]   ⏳ expTTT: step ?
[2026-04-26 09:15:27]   ⏳ expUUU: step ?
[2026-04-26 09:15:27]   ⏳ expVVV: step ?
[2026-04-26 09:17:27] Waiting... B10 missing=['expNNN', 'expOOO', 'expPPP', 'expQQQ', 'expSSS', 'expTTT', 'expUUU', 'expVVV']
[2026-04-26 09:17:27]   ⏳ expNNN: step ?
[2026-04-26 09:17:27]   ⏳ expOOO: step ?
[2026-04-26 09:17:27]   ⏳ expPPP: step ?
[2026-04-26 09:17:27]   ⏳ expQQQ: step ?
[2026-04-26 09:17:27]   ⏳ expSSS: step ?
[2026-04-26 09:17:27]   ⏳ expTTT: step ?
[2026-04-26 09:17:27]   ⏳ expUUU: step ?
[2026-04-26 09:17:27]   ⏳ expVVV: step ?
[2026-04-26 09:19:27] Waiting... B10 missing=['expNNN', 'expOOO', 'expPPP', 'expQQQ', 'expSSS', 'expTTT', 'expUUU', 'expVVV']
[2026-04-26 09:19:27]   ⏳ expNNN: step ?
[2026-04-26 09:19:27]   ⏳ expOOO: step ?
[2026-04-26 09:19:28]   ⏳ expPPP: step ?
[2026-04-26 09:19:28]   ⏳ expQQQ: step ?
[2026-04-26 09:19:28]   ⏳ expSSS: step ?
[2026-04-26 09:19:28]   ⏳ expTTT: step ?
[2026-04-26 09:19:28]   ⏳ expUUU: step ?
[2026-04-26 09:19:28]   ⏳ expVVV: step ?
[2026-04-26 09:21:28] Waiting... B10 missing=['expNNN', 'expOOO', 'expPPP', 'expQQQ', 'expSSS', 'expTTT', 'expUUU', 'expVVV']
[2026-04-26 09:21:28]   ⏳ expNNN: step ?
[2026-04-26 09:21:28]   ⏳ expOOO: step ?
[2026-04-26 09:21:28]   ⏳ expPPP: step ?
[2026-04-26 09:21:28]   ⏳ expQQQ: step ?
[2026-04-26 09:21:28]   ⏳ expSSS: step ?
[2026-04-26 09:21:28]   ⏳ expTTT: step ?
[2026-04-26 09:21:28]   ⏳ expUUU: step ?
[2026-04-26 09:21:28]   ⏳ expVVV: step ?
[2026-04-26 09:23:28] Waiting... B10 missing=['expNNN', 'expOOO', 'expPPP', 'expQQQ', 'expSSS', 'expTTT', 'expUUU', 'expVVV']
[2026-04-26 09:23:28]   ⏳ expNNN: step ?
[2026-04-26 09:23:28]   ⏳ expOOO: step ?
[2026-04-26 09:23:28]   ⏳ expPPP: step ?
[2026-04-26 09:23:28]   ⏳ expQQQ: step ?
[2026-04-26 09:23:28]   ⏳ expSSS: step ?
[2026-04-26 09:23:28]   ⏳ expTTT: step ?
[2026-04-26 09:23:28]   ⏳ expUUU: step ?
[2026-04-26 09:23:28]   ⏳ expVVV: step ?
[2026-04-26 09:25:28] Waiting... B10 missing=['expNNN', 'expOOO', 'expPPP', 'expQQQ', 'expSSS', 'expTTT', 'expUUU', 'expVVV']
[2026-04-26 09:25:28]   ⏳ expNNN: step ?
[2026-04-26 09:25:28]   ⏳ expOOO: step ?
[2026-04-26 09:25:28]   ⏳ expPPP: step ?
[2026-04-26 09:25:28]   ⏳ expQQQ: step ?
[2026-04-26 09:25:28]   ⏳ expSSS: step ?
[2026-04-26 09:25:28]   ⏳ expTTT: step ?
[2026-04-26 09:25:28]   ⏳ expUUU: step ?
[2026-04-26 09:25:28]   ⏳ expVVV: step ?
[2026-04-26 09:27:28] Waiting... B10 missing=['expNNN', 'expOOO', 'expPPP', 'expQQQ', 'expSSS', 'expTTT', 'expUUU', 'expVVV']
[2026-04-26 09:27:28]   ⏳ expNNN: step ?
[2026-04-26 09:27:28]   ⏳ expOOO: step ?
[2026-04-26 09:27:28]   ⏳ expPPP: step ?
[2026-04-26 09:27:28]   ⏳ expQQQ: step ?
[2026-04-26 09:27:28]   ⏳ expSSS: step ?
[2026-04-26 09:27:28]   ⏳ expTTT: step ?
[2026-04-26 09:27:28]   ⏳ expUUU: step ?
[2026-04-26 09:27:28]   ⏳ expVVV: step ?
[2026-04-26 09:29:29] Waiting... B10 missing=['expNNN', 'expOOO', 'expPPP', 'expQQQ', 'expSSS', 'expTTT', 'expUUU', 'expVVV']
[2026-04-26 09:29:29]   ⏳ expNNN: step ?
[2026-04-26 09:29:29]   ⏳ expOOO: step ?
[2026-04-26 09:29:29]   ⏳ expPPP: step ?
[2026-04-26 09:29:29]   ⏳ expQQQ: step ?
[2026-04-26 09:29:29]   ⏳ expSSS: step ?
[2026-04-26 09:29:29]   ⏳ expTTT: step ?
[2026-04-26 09:29:29]   ⏳ expUUU: step ?
[2026-04-26 09:29:29]   ⏳ expVVV: step ?
[2026-04-26 09:31:29] Waiting... B10 missing=['expNNN', 'expOOO', 'expPPP', 'expQQQ', 'expSSS', 'expTTT', 'expUUU', 'expVVV']
[2026-04-26 09:31:29]   ⏳ expNNN: step ?
[2026-04-26 09:31:29]   ⏳ expOOO: step ?
[2026-04-26 09:31:29]   ⏳ expPPP: step ?
[2026-04-26 09:31:29]   ⏳ expQQQ: step ?
[2026-04-26 09:31:29]   ⏳ expSSS: step ?
[2026-04-26 09:31:29]   ⏳ expTTT: step ?
[2026-04-26 09:31:29]   ⏳ expUUU: step ?
[2026-04-26 09:31:29]   ⏳ expVVV: step ?
[2026-04-26 09:33:29] Waiting... B10 missing=['expNNN', 'expOOO', 'expPPP', 'expQQQ', 'expSSS', 'expTTT', 'expUUU', 'expVVV']
[2026-04-26 09:33:29]   ⏳ expNNN: step ?
[2026-04-26 09:33:29]   ⏳ expOOO: step ?
[2026-04-26 09:33:29]   ⏳ expPPP: step ?
[2026-04-26 09:33:29]   ⏳ expQQQ: step ?
[2026-04-26 09:33:29]   ⏳ expSSS: step ?
[2026-04-26 09:33:29]   ⏳ expTTT: step ?
[2026-04-26 09:33:29]   ⏳ expUUU: step ?
[2026-04-26 09:33:29]   ⏳ expVVV: step ?
[2026-04-26 09:35:29] Waiting... B10 missing=['expNNN', 'expOOO', 'expPPP', 'expQQQ', 'expSSS', 'expTTT', 'expUUU', 'expVVV']
[2026-04-26 09:35:29]   ⏳ expNNN: step ?
[2026-04-26 09:35:29]   ⏳ expOOO: step ?
[2026-04-26 09:35:29]   ⏳ expPPP: step ?
[2026-04-26 09:35:29]   ⏳ expQQQ: step ?
[2026-04-26 09:35:29]   ⏳ expSSS: step ?
[2026-04-26 09:35:29]   ⏳ expTTT: step ?
[2026-04-26 09:35:29]   ⏳ expUUU: step ?
[2026-04-26 09:35:29]   ⏳ expVVV: step ?
[2026-04-26 09:37:29] Waiting... B10 missing=['expNNN', 'expOOO', 'expPPP', 'expQQQ', 'expSSS', 'expTTT', 'expUUU', 'expVVV']
[2026-04-26 09:37:29]   ⏳ expNNN: step ?
[2026-04-26 09:37:29]   ⏳ expOOO: step ?
[2026-04-26 09:37:29]   ⏳ expPPP: step ?
[2026-04-26 09:37:29]   ⏳ expQQQ: step ?
[2026-04-26 09:37:29]   ⏳ expSSS: step ?
[2026-04-26 09:37:29]   ⏳ expTTT: step ?
[2026-04-26 09:37:29]   ⏳ expUUU: step ?
[2026-04-26 09:37:29]   ⏳ expVVV: step ?
[2026-04-26 09:39:29] Waiting... B10 missing=['expNNN', 'expOOO', 'expPPP', 'expQQQ', 'expSSS', 'expTTT', 'expUUU', 'expVVV']
[2026-04-26 09:39:29]   ⏳ expNNN: step ?
[2026-04-26 09:39:29]   ⏳ expOOO: step ?
[2026-04-26 09:39:29]   ⏳ expPPP: step ?
[2026-04-26 09:39:29]   ⏳ expQQQ: step ?
[2026-04-26 09:39:29]   ⏳ expSSS: step ?
[2026-04-26 09:39:30]   ⏳ expTTT: step ?
[2026-04-26 09:39:30]   ⏳ expUUU: step ?
[2026-04-26 09:39:30]   ⏳ expVVV: step ?
[2026-04-26 09:41:30] Waiting... B10 missing=['expNNN', 'expOOO', 'expPPP', 'expQQQ', 'expSSS', 'expTTT', 'expUUU', 'expVVV']
[2026-04-26 09:41:30]   ⏳ expNNN: step ?
[2026-04-26 09:41:30]   ⏳ expOOO: step ?
[2026-04-26 09:41:30]   ⏳ expPPP: step ?
[2026-04-26 09:41:30]   ⏳ expQQQ: step ?
[2026-04-26 09:41:30]   ⏳ expSSS: step ?
[2026-04-26 09:41:30]   ⏳ expTTT: step ?
[2026-04-26 09:41:30]   ⏳ expUUU: step ?
[2026-04-26 09:41:30]   ⏳ expVVV: step ?
[2026-04-26 09:43:30] Waiting... B10 missing=['expNNN', 'expOOO', 'expPPP', 'expQQQ', 'expSSS', 'expTTT', 'expUUU', 'expVVV']
[2026-04-26 09:43:30]   ⏳ expNNN: step ?
[2026-04-26 09:43:30]   ⏳ expOOO: step ?
[2026-04-26 09:43:30]   ⏳ expPPP: step ?
[2026-04-26 09:43:30]   ⏳ expQQQ: step ?
[2026-04-26 09:43:30]   ⏳ expSSS: step ?
[2026-04-26 09:43:30]   ⏳ expTTT: step ?
[2026-04-26 09:43:30]   ⏳ expUUU: step ?
[2026-04-26 09:43:30]   ⏳ expVVV: step ?
[2026-04-26 09:45:30] Waiting... B10 missing=['expNNN', 'expOOO', 'expPPP', 'expQQQ', 'expSSS', 'expTTT', 'expUUU', 'expVVV']
[2026-04-26 09:45:30]   ⏳ expNNN: step ?
[2026-04-26 09:45:30]   ⏳ expOOO: step ?
[2026-04-26 09:45:30]   ⏳ expPPP: step ?
[2026-04-26 09:45:30]   ⏳ expQQQ: step ?
[2026-04-26 09:45:30]   ⏳ expSSS: step ?
[2026-04-26 09:45:30]   ⏳ expTTT: step ?
[2026-04-26 09:45:30]   ⏳ expUUU: step ?
[2026-04-26 09:45:30]   ⏳ expVVV: step ?
[2026-04-26 09:47:30] Waiting... B10 missing=['expNNN', 'expOOO', 'expPPP', 'expQQQ', 'expSSS', 'expTTT', 'expUUU', 'expVVV']
[2026-04-26 09:47:30]   ⏳ expNNN: step ?
[2026-04-26 09:47:30]   ⏳ expOOO: step ?
[2026-04-26 09:47:30]   ⏳ expPPP: step ?
[2026-04-26 09:47:30]   ⏳ expQQQ: step ?
[2026-04-26 09:47:30]   ⏳ expSSS: step ?
[2026-04-26 09:47:30]   ⏳ expTTT: step ?
[2026-04-26 09:47:30]   ⏳ expUUU: step ?
[2026-04-26 09:47:30]   ⏳ expVVV: step ?
[2026-04-26 09:49:30] Waiting... B10 missing=['expNNN', 'expOOO', 'expPPP', 'expQQQ', 'expSSS', 'expTTT', 'expUUU', 'expVVV']
[2026-04-26 09:49:30]   ⏳ expNNN: step ?
[2026-04-26 09:49:30]   ⏳ expOOO: step ?
[2026-04-26 09:49:30]   ⏳ expPPP: step ?
[2026-04-26 09:49:30]   ⏳ expQQQ: step ?
[2026-04-26 09:49:30]   ⏳ expSSS: step ?
[2026-04-26 09:49:30]   ⏳ expTTT: step ?
[2026-04-26 09:49:30]   ⏳ expUUU: step ?
[2026-04-26 09:49:30]   ⏳ expVVV: step ?
[2026-04-26 09:51:31] Waiting... B10 missing=['expNNN', 'expOOO', 'expPPP', 'expQQQ', 'expSSS', 'expTTT', 'expUUU', 'expVVV']
[2026-04-26 09:51:31]   ⏳ expNNN: step ?
[2026-04-26 09:51:31]   ⏳ expOOO: step ?
[2026-04-26 09:51:31]   ⏳ expPPP: step ?
[2026-04-26 09:51:31]   ⏳ expQQQ: step ?
[2026-04-26 09:51:31]   ⏳ expSSS: step ?
[2026-04-26 09:51:31]   ⏳ expTTT: step ?
[2026-04-26 09:51:31]   ⏳ expUUU: step ?
[2026-04-26 09:51:31]   ⏳ expVVV: step ?
[2026-04-26 09:53:31] Waiting... B10 missing=['expNNN', 'expOOO', 'expPPP', 'expQQQ', 'expSSS', 'expTTT', 'expUUU', 'expVVV']
[2026-04-26 09:53:31]   ⏳ expNNN: step ?
[2026-04-26 09:53:31]   ⏳ expOOO: step ?
[2026-04-26 09:53:31]   ⏳ expPPP: step ?
[2026-04-26 09:53:31]   ⏳ expQQQ: step ?
[2026-04-26 09:53:31]   ⏳ expSSS: step ?
[2026-04-26 09:53:31]   ⏳ expTTT: step ?
[2026-04-26 09:53:31]   ⏳ expUUU: step ?
[2026-04-26 09:53:31]   ⏳ expVVV: step ?
[2026-04-26 09:55:31] Waiting... B10 missing=['expNNN', 'expOOO', 'expPPP', 'expQQQ', 'expSSS', 'expTTT', 'expUUU', 'expVVV']
[2026-04-26 09:55:31]   ⏳ expNNN: step ?
[2026-04-26 09:55:31]   ⏳ expOOO: step ?
[2026-04-26 09:55:31]   ⏳ expPPP: step ?
[2026-04-26 09:55:31]   ⏳ expQQQ: step ?
[2026-04-26 09:55:31]   ⏳ expSSS: step ?
[2026-04-26 09:55:31]   ⏳ expTTT: step ?
[2026-04-26 09:55:31]   ⏳ expUUU: step ?
[2026-04-26 09:55:31]   ⏳ expVVV: step ?
[2026-04-26 09:57:31] Waiting... B10 missing=['expNNN', 'expOOO', 'expPPP', 'expQQQ', 'expSSS', 'expTTT', 'expUUU', 'expVVV']
[2026-04-26 09:57:31]   ⏳ expNNN: step ?
[2026-04-26 09:57:31]   ⏳ expOOO: step ?
[2026-04-26 09:57:31]   ⏳ expPPP: step ?
[2026-04-26 09:57:31]   ⏳ expQQQ: step ?
[2026-04-26 09:57:31]   ⏳ expSSS: step ?
[2026-04-26 09:57:31]   ⏳ expTTT: step ?
[2026-04-26 09:57:31]   ⏳ expUUU: step ?
[2026-04-26 09:57:31]   ⏳ expVVV: step ?
[2026-04-26 09:59:31] Waiting... B10 missing=['expNNN', 'expOOO', 'expPPP', 'expQQQ', 'expSSS', 'expTTT', 'expUUU', 'expVVV']
[2026-04-26 09:59:31]   ⏳ expNNN: step ?
[2026-04-26 09:59:31]   ⏳ expOOO: step ?
[2026-04-26 09:59:31]   ⏳ expPPP: step ?
[2026-04-26 09:59:31]   ⏳ expQQQ: step ?
[2026-04-26 09:59:31]   ⏳ expSSS: step ?
[2026-04-26 09:59:31]   ⏳ expTTT: step ?
[2026-04-26 09:59:31]   ⏳ expUUU: step ?
[2026-04-26 09:59:31]   ⏳ expVVV: step ?
[2026-04-26 10:01:31] Waiting... B10 missing=['expNNN', 'expOOO', 'expPPP', 'expQQQ', 'expSSS', 'expTTT', 'expUUU', 'expVVV']
[2026-04-26 10:01:31]   ⏳ expNNN: step 0/?
[2026-04-26 10:01:31]   ⏳ expOOO: step ?
[2026-04-26 10:01:31]   ⏳ expPPP: step ?
[2026-04-26 10:01:31]   ⏳ expQQQ: step ?
[2026-04-26 10:01:31]   ⏳ expSSS: step ?
[2026-04-26 10:01:31]   ⏳ expTTT: step ?
[2026-04-26 10:01:31]   ⏳ expUUU: step ?
[2026-04-26 10:01:31]   ⏳ expVVV: step ?
[2026-04-26 10:03:32] Waiting... B10 missing=['expNNN', 'expOOO', 'expPPP', 'expQQQ', 'expSSS', 'expTTT', 'expUUU', 'expVVV']
[2026-04-26 10:03:32]   ⏳ expNNN: step 1/125
[2026-04-26 10:03:32]   ⏳ expOOO: step 2/125
[2026-04-26 10:03:32]   ⏳ expPPP: step 2/150
[2026-04-26 10:03:32]   ⏳ expQQQ: step 0/?
[2026-04-26 10:03:32]   ⏳ expSSS: step 1/125
[2026-04-26 10:03:32]   ⏳ expTTT: step 1/189
[2026-04-26 10:03:32]   ⏳ expUUU: step 0/189
[2026-04-26 10:03:32]   ⏳ expVVV: step 1/125
[2026-04-26 10:05:32] Waiting... B10 missing=['expNNN', 'expOOO', 'expPPP', 'expQQQ', 'expSSS', 'expTTT', 'expUUU', 'expVVV']
[2026-04-26 10:05:32]   ⏳ expNNN: step 2/125
[2026-04-26 10:05:32]   ⏳ expOOO: step 5/125
[2026-04-26 10:05:32]   ⏳ expPPP: step 4/150
[2026-04-26 10:05:32]   ⏳ expQQQ: step 0/?
[2026-04-26 10:05:32]   ⏳ expSSS: step 4/125
[2026-04-26 10:05:32]   ⏳ expTTT: step 4/189
[2026-04-26 10:05:32]   ⏳ expUUU: step 2/189
[2026-04-26 10:05:32]   ⏳ expVVV: step 4/125
[2026-04-26 10:07:32] Waiting... B10 missing=['expNNN', 'expOOO', 'expPPP', 'expQQQ', 'expSSS', 'expTTT', 'expUUU', 'expVVV']
[2026-04-26 10:07:32]   ⏳ expNNN: step 3/125
[2026-04-26 10:07:32]   ⏳ expOOO: step 8/125
[2026-04-26 10:07:32]   ⏳ expPPP: step 7/150
[2026-04-26 10:07:32]   ⏳ expQQQ: step 0/?
[2026-04-26 10:07:32]   ⏳ expSSS: step 7/125
[2026-04-26 10:07:32]   ⏳ expTTT: step 7/189
[2026-04-26 10:07:32]   ⏳ expUUU: step 3/189
[2026-04-26 10:07:32]   ⏳ expVVV: step 7/125
[2026-04-26 10:09:32] Waiting... B10 missing=['expNNN', 'expOOO', 'expPPP', 'expQQQ', 'expSSS', 'expTTT', 'expUUU', 'expVVV']
[2026-04-26 10:09:32]   ⏳ expNNN: step 4/125
[2026-04-26 10:09:32]   ⏳ expOOO: step 10/125
[2026-04-26 10:09:32]   ⏳ expPPP: step 10/150
[2026-04-26 10:09:32]   ⏳ expQQQ: step 0/?
[2026-04-26 10:09:32]   ⏳ expSSS: step 10/125
[2026-04-26 10:09:32]   ⏳ expTTT: step 10/189
[2026-04-26 10:09:32]   ⏳ expUUU: step 4/189
[2026-04-26 10:09:32]   ⏳ expVVV: step 10/125
[2026-04-26 10:11:32] Waiting... B10 missing=['expNNN', 'expOOO', 'expPPP', 'expQQQ', 'expSSS', 'expTTT', 'expUUU', 'expVVV']
[2026-04-26 10:11:33]   ⏳ expNNN: step 6/125
[2026-04-26 10:11:33]   ⏳ expOOO: step 13/125
[2026-04-26 10:11:33]   ⏳ expPPP: step 13/150
[2026-04-26 10:11:33]   ⏳ expQQQ: step 0/?
[2026-04-26 10:11:33]   ⏳ expSSS: step 13/125
[2026-04-26 10:11:33]   ⏳ expTTT: step 12/189
[2026-04-26 10:11:33]   ⏳ expUUU: step 6/189
[2026-04-26 10:11:33]   ⏳ expVVV: step 13/125
[2026-04-26 10:13:33] Waiting... B10 missing=['expNNN', 'expOOO', 'expPPP', 'expQQQ', 'expSSS', 'expTTT', 'expUUU', 'expVVV']
[2026-04-26 10:13:33]   ⏳ expNNN: step 7/125
[2026-04-26 10:13:33]   ⏳ expOOO: step 16/125
[2026-04-26 10:13:33]   ⏳ expPPP: step 16/150
[2026-04-26 10:13:33]   ⏳ expQQQ: step 0/?
[2026-04-26 10:13:33]   ⏳ expSSS: step 16/125
[2026-04-26 10:13:33]   ⏳ expTTT: step 15/189
[2026-04-26 10:13:33]   ⏳ expUUU: step 7/189
[2026-04-26 10:13:33]   ⏳ expVVV: step 15/125
[2026-04-26 10:15:33] Waiting... B10 missing=['expNNN', 'expOOO', 'expPPP', 'expQQQ', 'expSSS', 'expTTT', 'expUUU', 'expVVV']
[2026-04-26 10:15:33]   ⏳ expNNN: step 8/125
[2026-04-26 10:15:33]   ⏳ expOOO: step 19/125
[2026-04-26 10:15:33]   ⏳ expPPP: step 19/150
[2026-04-26 10:15:33]   ⏳ expQQQ: step 0/?
[2026-04-26 10:15:33]   ⏳ expSSS: step 19/125
[2026-04-26 10:15:33]   ⏳ expTTT: step 18/189
[2026-04-26 10:15:33]   ⏳ expUUU: step 8/189
[2026-04-26 10:15:33]   ⏳ expVVV: step 18/125
[2026-04-26 10:17:33] Waiting... B10 missing=['expNNN', 'expOOO', 'expPPP', 'expQQQ', 'expSSS', 'expTTT', 'expUUU', 'expVVV']
[2026-04-26 10:17:33]   ⏳ expNNN: step 10/125
[2026-04-26 10:17:33]   ⏳ expOOO: step 22/125
[2026-04-26 10:17:33]   ⏳ expPPP: step 22/150
[2026-04-26 10:17:33]   ⏳ expQQQ: step 0/?
[2026-04-26 10:17:33]   ⏳ expSSS: step 22/125
[2026-04-26 10:17:33]   ⏳ expTTT: step 20/189
[2026-04-26 10:17:33]   ⏳ expUUU: step 10/189
[2026-04-26 10:17:33]   ⏳ expVVV: step 21/125
[2026-04-26 10:19:33] Waiting... B10 missing=['expNNN', 'expOOO', 'expPPP', 'expQQQ', 'expSSS', 'expTTT', 'expUUU', 'expVVV']
[2026-04-26 10:19:34]   ⏳ expNNN: step 11/125
[2026-04-26 10:19:34]   ⏳ expOOO: step 25/125
[2026-04-26 10:19:34]   ⏳ expPPP: step 25/150
[2026-04-26 10:19:34]   ⏳ expQQQ: step 3/125
[2026-04-26 10:19:34]   ⏳ expSSS: step 24/125
[2026-04-26 10:19:34]   ⏳ expTTT: step 23/189
[2026-04-26 10:19:34]   ⏳ expUUU: step 11/189
[2026-04-26 10:19:34]   ⏳ expVVV: step 24/125
[2026-04-26 10:21:34] Waiting... B10 missing=['expNNN', 'expOOO', 'expPPP', 'expQQQ', 'expSSS', 'expTTT', 'expUUU', 'expVVV']
[2026-04-26 10:21:34]   ⏳ expNNN: step 12/125
[2026-04-26 10:21:34]   ⏳ expOOO: step 28/125
[2026-04-26 10:21:34]   ⏳ expPPP: step 28/150
[2026-04-26 10:21:34]   ⏳ expQQQ: step 8/125
[2026-04-26 10:21:34]   ⏳ expSSS: step 27/125
[2026-04-26 10:21:34]   ⏳ expTTT: step 26/189
[2026-04-26 10:21:34]   ⏳ expUUU: step 12/189
[2026-04-26 10:21:34]   ⏳ expVVV: step 27/125
[2026-04-26 10:23:34] Waiting... B10 missing=['expNNN', 'expOOO', 'expPPP', 'expQQQ', 'expSSS', 'expTTT', 'expUUU', 'expVVV']
[2026-04-26 10:23:34]   ⏳ expNNN: step 14/125
[2026-04-26 10:23:34]   ⏳ expOOO: step 31/125
[2026-04-26 10:23:34]   ⏳ expPPP: step 31/150
[2026-04-26 10:23:34]   ⏳ expQQQ: step 13/125
[2026-04-26 10:23:34]   ⏳ expSSS: step 30/125
[2026-04-26 10:23:34]   ⏳ expTTT: step 29/189
[2026-04-26 10:23:34]   ⏳ expUUU: step 14/189
[2026-04-26 10:23:34]   ⏳ expVVV: step 30/125
[2026-04-26 10:25:34] Waiting... B10 missing=['expNNN', 'expOOO', 'expPPP', 'expQQQ', 'expSSS', 'expTTT', 'expUUU', 'expVVV']
[2026-04-26 10:25:34]   ⏳ expNNN: step 15/125
[2026-04-26 10:25:34]   ⏳ expOOO: step 33/125
[2026-04-26 10:25:34]   ⏳ expPPP: step 34/150
[2026-04-26 10:25:34]   ⏳ expQQQ: step 17/125
[2026-04-26 10:25:34]   ⏳ expSSS: step 33/125
[2026-04-26 10:25:34]   ⏳ expTTT: step 31/189
[2026-04-26 10:25:34]   ⏳ expUUU: step 15/189
[2026-04-26 10:25:34]   ⏳ expVVV: step 33/125
[2026-04-26 10:27:35] Waiting... B10 missing=['expNNN', 'expOOO', 'expPPP', 'expQQQ', 'expSSS', 'expTTT', 'expUUU', 'expVVV']
[2026-04-26 10:27:35]   ⏳ expNNN: step 16/125
[2026-04-26 10:27:35]   ⏳ expOOO: step 36/125
[2026-04-26 10:27:35]   ⏳ expPPP: step 37/150
[2026-04-26 10:27:35]   ⏳ expQQQ: step 22/125
[2026-04-26 10:27:35]   ⏳ expSSS: step 36/125
[2026-04-26 10:27:35]   ⏳ expTTT: step 34/189
[2026-04-26 10:27:35]   ⏳ expUUU: step 16/189
[2026-04-26 10:27:35]   ⏳ expVVV: step 36/125
[2026-04-26 10:29:35] Waiting... B10 missing=['expNNN', 'expOOO', 'expPPP', 'expQQQ', 'expSSS', 'expTTT', 'expUUU', 'expVVV']
[2026-04-26 10:29:35]   ⏳ expNNN: step 18/125
[2026-04-26 10:29:35]   ⏳ expOOO: step 39/125
[2026-04-26 10:29:35]   ⏳ expPPP: step 39/150
[2026-04-26 10:29:35]   ⏳ expQQQ: step 26/125
[2026-04-26 10:29:35]   ⏳ expSSS: step 39/125
[2026-04-26 10:29:35]   ⏳ expTTT: step 37/189
[2026-04-26 10:29:35]   ⏳ expUUU: step 18/189
[2026-04-26 10:29:35]   ⏳ expVVV: step 39/125
[2026-04-26 10:31:35] Waiting... B10 missing=['expNNN', 'expOOO', 'expPPP', 'expQQQ', 'expSSS', 'expTTT', 'expUUU', 'expVVV']
[2026-04-26 10:31:35]   ⏳ expNNN: step 19/125
[2026-04-26 10:31:35]   ⏳ expOOO: step 42/125
[2026-04-26 10:31:35]   ⏳ expPPP: step 42/150
[2026-04-26 10:31:35]   ⏳ expQQQ: step 31/125
[2026-04-26 10:31:35]   ⏳ expSSS: step 42/125
[2026-04-26 10:31:35]   ⏳ expTTT: step 39/189
[2026-04-26 10:31:35]   ⏳ expUUU: step 19/189
[2026-04-26 10:31:35]   ⏳ expVVV: step 41/125
[2026-04-26 10:33:35] Waiting... B10 missing=['expNNN', 'expOOO', 'expPPP', 'expQQQ', 'expSSS', 'expTTT', 'expUUU', 'expVVV']
[2026-04-26 10:33:35]   ⏳ expNNN: step 20/125
[2026-04-26 10:33:35]   ⏳ expOOO: step 45/125
[2026-04-26 10:33:35]   ⏳ expPPP: step 45/150
[2026-04-26 10:33:35]   ⏳ expQQQ: step 36/125
[2026-04-26 10:33:35]   ⏳ expSSS: step 45/125
[2026-04-26 10:33:35]   ⏳ expTTT: step 42/189
[2026-04-26 10:33:35]   ⏳ expUUU: step 21/189
[2026-04-26 10:33:35]   ⏳ expVVV: step 44/125
[2026-04-26 10:35:35] Waiting... B10 missing=['expNNN', 'expOOO', 'expPPP', 'expQQQ', 'expSSS', 'expTTT', 'expUUU', 'expVVV']
[2026-04-26 10:35:35]   ⏳ expNNN: step 22/125
[2026-04-26 10:35:36]   ⏳ expOOO: step 48/125
[2026-04-26 10:35:36]   ⏳ expPPP: step 48/150
[2026-04-26 10:35:36]   ⏳ expQQQ: step 40/125
[2026-04-26 10:35:36]   ⏳ expSSS: step 47/125
[2026-04-26 10:35:36]   ⏳ expTTT: step 45/189
[2026-04-26 10:35:36]   ⏳ expUUU: step 22/189
[2026-04-26 10:35:36]   ⏳ expVVV: step 47/125
[2026-04-26 10:37:36] Waiting... B10 missing=['expNNN', 'expOOO', 'expPPP', 'expQQQ', 'expSSS', 'expTTT', 'expUUU', 'expVVV']
[2026-04-26 10:37:36]   ⏳ expNNN: step 23/125
[2026-04-26 10:37:36]   ⏳ expOOO: step 51/125
[2026-04-26 10:37:36]   ⏳ expPPP: step 51/150
[2026-04-26 10:37:36]   ⏳ expQQQ: step 45/125
[2026-04-26 10:37:36]   ⏳ expSSS: step 50/125
[2026-04-26 10:37:36]   ⏳ expTTT: step 48/189
[2026-04-26 10:37:36]   ⏳ expUUU: step 23/189
[2026-04-26 10:37:36]   ⏳ expVVV: step 50/125
[2026-04-26 10:39:36] Waiting... B10 missing=['expNNN', 'expOOO', 'expPPP', 'expQQQ', 'expSSS', 'expTTT', 'expUUU', 'expVVV']
[2026-04-26 10:39:36]   ⏳ expNNN: step 24/125
[2026-04-26 10:39:36]   ⏳ expOOO: step 53/125
[2026-04-26 10:39:36]   ⏳ expPPP: step 54/150
[2026-04-26 10:39:36]   ⏳ expQQQ: step 49/125
[2026-04-26 10:39:36]   ⏳ expSSS: step 53/125
[2026-04-26 10:39:36]   ⏳ expTTT: step 50/189
[2026-04-26 10:39:36]   ⏳ expUUU: step 25/189
[2026-04-26 10:39:36]   ⏳ expVVV: step 53/125
[2026-04-26 10:41:36] Waiting... B10 missing=['expNNN', 'expOOO', 'expPPP', 'expQQQ', 'expSSS', 'expTTT', 'expUUU', 'expVVV']
[2026-04-26 10:41:36]   ⏳ expNNN: step 25/125
[2026-04-26 10:41:36]   ⏳ expOOO: step 56/125
[2026-04-26 10:41:36]   ⏳ expPPP: step 57/150
[2026-04-26 10:41:36]   ⏳ expQQQ: step 54/125
[2026-04-26 10:41:36]   ⏳ expSSS: step 56/125
[2026-04-26 10:41:37]   ⏳ expTTT: step 53/189
[2026-04-26 10:41:37]   ⏳ expUUU: step 26/189
[2026-04-26 10:41:37]   ⏳ expVVV: step 56/125
[2026-04-26 10:43:37] Waiting... B10 missing=['expNNN', 'expOOO', 'expPPP', 'expQQQ', 'expSSS', 'expTTT', 'expUUU', 'expVVV']
[2026-04-26 10:43:37]   ⏳ expNNN: step 27/125
[2026-04-26 10:43:37]   ⏳ expOOO: step 59/125
[2026-04-26 10:43:37]   ⏳ expPPP: step 60/150
[2026-04-26 10:43:37]   ⏳ expQQQ: step 58/125
[2026-04-26 10:43:37]   ⏳ expSSS: step 59/125
[2026-04-26 10:43:37]   ⏳ expTTT: step 56/189
[2026-04-26 10:43:37]   ⏳ expUUU: step 27/189
[2026-04-26 10:43:37]   ⏳ expVVV: step 59/125
[2026-04-26 10:45:37] Waiting... B10 missing=['expNNN', 'expOOO', 'expPPP', 'expQQQ', 'expSSS', 'expTTT', 'expUUU', 'expVVV']
[2026-04-26 10:45:37]   ⏳ expNNN: step 28/125
[2026-04-26 10:45:37]   ⏳ expOOO: step 62/125
[2026-04-26 10:45:37]   ⏳ expPPP: step 62/150
[2026-04-26 10:45:37]   ⏳ expQQQ: step 63/125
[2026-04-26 10:45:37]   ⏳ expSSS: step 62/125
[2026-04-26 10:45:37]   ⏳ expTTT: step 59/189
[2026-04-26 10:45:37]   ⏳ expUUU: step 29/189
[2026-04-26 10:45:37]   ⏳ expVVV: step 61/125
[2026-04-26 10:47:37] Waiting... B10 missing=['expNNN', 'expOOO', 'expPPP', 'expQQQ', 'expSSS', 'expTTT', 'expUUU', 'expVVV']
[2026-04-26 10:47:37]   ⏳ expNNN: step 29/125
[2026-04-26 10:47:37]   ⏳ expOOO: step 65/125
[2026-04-26 10:47:37]   ⏳ expPPP: step 65/150
[2026-04-26 10:47:37]   ⏳ expQQQ: step 68/125
[2026-04-26 10:47:37]   ⏳ expSSS: step 65/125
[2026-04-26 10:47:37]   ⏳ expTTT: step 62/189
[2026-04-26 10:47:37]   ⏳ expUUU: step 30/189
[2026-04-26 10:47:37]   ⏳ expVVV: step 64/125
[2026-04-26 10:49:38] Waiting... B10 missing=['expNNN', 'expOOO', 'expPPP', 'expQQQ', 'expSSS', 'expTTT', 'expUUU', 'expVVV']
[2026-04-26 10:49:38]   ⏳ expNNN: step 30/125
[2026-04-26 10:49:38]   ⏳ expOOO: step 68/125
[2026-04-26 10:49:38]   ⏳ expPPP: step 68/150
[2026-04-26 10:49:38]   ⏳ expQQQ: step 72/125
[2026-04-26 10:49:38]   ⏳ expSSS: step 68/125
[2026-04-26 10:49:38]   ⏳ expTTT: step 65/189
[2026-04-26 10:49:38]   ⏳ expUUU: step 32/189
[2026-04-26 10:49:38]   ⏳ expVVV: step 67/125
[2026-04-26 10:51:38] Waiting... B10 missing=['expNNN', 'expOOO', 'expPPP', 'expQQQ', 'expSSS', 'expTTT', 'expUUU', 'expVVV']
[2026-04-26 10:51:38]   ⏳ expNNN: step 32/125
[2026-04-26 10:51:38]   ⏳ expOOO: step 71/125
[2026-04-26 10:51:38]   ⏳ expPPP: step 71/150
[2026-04-26 10:51:38]   ⏳ expQQQ: step 77/125
[2026-04-26 10:51:38]   ⏳ expSSS: step 70/125
[2026-04-26 10:51:38]   ⏳ expTTT: step 68/189
[2026-04-26 10:51:38]   ⏳ expUUU: step 33/189
[2026-04-26 10:51:38]   ⏳ expVVV: step 70/125
[2026-04-26 10:53:38] Waiting... B10 missing=['expNNN', 'expOOO', 'expPPP', 'expQQQ', 'expSSS', 'expTTT', 'expUUU', 'expVVV']
[2026-04-26 10:53:38]   ⏳ expNNN: step 33/125
[2026-04-26 10:53:38]   ⏳ expOOO: step 74/125
[2026-04-26 10:53:38]   ⏳ expPPP: step 74/150
[2026-04-26 10:53:38]   ⏳ expQQQ: step 81/125
[2026-04-26 10:53:38]   ⏳ expSSS: step 73/125
[2026-04-26 10:53:38]   ⏳ expTTT: step 70/189
[2026-04-26 10:53:38]   ⏳ expUUU: step 34/189
[2026-04-26 10:53:39]   ⏳ expVVV: step 73/125
[2026-04-26 10:55:39] Waiting... B10 missing=['expNNN', 'expOOO', 'expPPP', 'expQQQ', 'expSSS', 'expTTT', 'expUUU', 'expVVV']
[2026-04-26 10:55:39]   ⏳ expNNN: step 34/125
[2026-04-26 10:55:39]   ⏳ expOOO: step 76/125
[2026-04-26 10:55:39]   ⏳ expPPP: step 77/150
[2026-04-26 10:55:39]   ⏳ expQQQ: step 86/125
[2026-04-26 10:55:39]   ⏳ expSSS: step 76/125
[2026-04-26 10:55:39]   ⏳ expTTT: step 73/189
[2026-04-26 10:55:39]   ⏳ expUUU: step 36/189
[2026-04-26 10:55:39]   ⏳ expVVV: step 76/125
[2026-04-26 10:57:39] Waiting... B10 missing=['expNNN', 'expOOO', 'expPPP', 'expQQQ', 'expSSS', 'expTTT', 'expUUU', 'expVVV']
[2026-04-26 10:57:39]   ⏳ expNNN: step 36/125
[2026-04-26 10:57:39]   ⏳ expOOO: step 79/125
[2026-04-26 10:57:39]   ⏳ expPPP: step 80/150
[2026-04-26 10:57:39]   ⏳ expQQQ: step 91/125
[2026-04-26 10:57:39]   ⏳ expSSS: step 79/125
[2026-04-26 10:57:39]   ⏳ expTTT: step 76/189
[2026-04-26 10:57:39]   ⏳ expUUU: step 37/189
[2026-04-26 10:57:39]   ⏳ expVVV: step 79/125
[2026-04-26 10:59:39] Waiting... B10 missing=['expNNN', 'expOOO', 'expPPP', 'expQQQ', 'expSSS', 'expTTT', 'expUUU', 'expVVV']
[2026-04-26 10:59:39]   ⏳ expNNN: step 37/125
[2026-04-26 10:59:39]   ⏳ expOOO: step 82/125
[2026-04-26 10:59:39]   ⏳ expPPP: step 83/150
[2026-04-26 10:59:39]   ⏳ expQQQ: step 95/125
[2026-04-26 10:59:39]   ⏳ expSSS: step 82/125
[2026-04-26 10:59:39]   ⏳ expTTT: step 79/189
[2026-04-26 10:59:39]   ⏳ expUUU: step 38/189
[2026-04-26 10:59:39]   ⏳ expVVV: step 82/125
[2026-04-26 11:01:40] Waiting... B10 missing=['expNNN', 'expOOO', 'expPPP', 'expQQQ', 'expSSS', 'expTTT', 'expUUU', 'expVVV']
[2026-04-26 11:01:40]   ⏳ expNNN: step 38/125
[2026-04-26 11:01:40]   ⏳ expOOO: step 85/125
[2026-04-26 11:01:40]   ⏳ expPPP: step 86/150
[2026-04-26 11:01:40]   ⏳ expQQQ: step 100/125
[2026-04-26 11:01:40]   ⏳ expSSS: step 85/125
[2026-04-26 11:01:40]   ⏳ expTTT: step 81/189
[2026-04-26 11:01:40]   ⏳ expUUU: step 40/189
[2026-04-26 11:01:40]   ⏳ expVVV: step 85/125
[2026-04-26 11:03:40] Waiting... B10 missing=['expNNN', 'expOOO', 'expPPP', 'expQQQ', 'expSSS', 'expTTT', 'expUUU', 'expVVV']
[2026-04-26 11:03:40]   ⏳ expNNN: step 40/125
[2026-04-26 11:03:40]   ⏳ expOOO: step 88/125
[2026-04-26 11:03:40]   ⏳ expPPP: step 89/150
[2026-04-26 11:03:40]   ⏳ expQQQ: step 104/125
[2026-04-26 11:03:40]   ⏳ expSSS: step 88/125
[2026-04-26 11:03:40]   ⏳ expTTT: step 84/189
[2026-04-26 11:03:40]   ⏳ expUUU: step 41/189
[2026-04-26 11:03:40]   ⏳ expVVV: step 87/125
[2026-04-26 11:05:40] Waiting... B10 missing=['expNNN', 'expOOO', 'expPPP', 'expQQQ', 'expSSS', 'expTTT', 'expUUU', 'expVVV']
[2026-04-26 11:05:40]   ⏳ expNNN: step 41/125
[2026-04-26 11:05:40]   ⏳ expOOO: step 91/125
[2026-04-26 11:05:40]   ⏳ expPPP: step 91/150
[2026-04-26 11:05:40]   ⏳ expQQQ: step 109/125
[2026-04-26 11:05:40]   ⏳ expSSS: step 90/125
[2026-04-26 11:05:40]   ⏳ expTTT: step 87/189
[2026-04-26 11:05:40]   ⏳ expUUU: step 42/189
[2026-04-26 11:05:40]   ⏳ expVVV: step 90/125
[2026-04-26 11:07:40] Waiting... B10 missing=['expNNN', 'expOOO', 'expPPP', 'expQQQ', 'expSSS', 'expTTT', 'expUUU', 'expVVV']
[2026-04-26 11:07:40]   ⏳ expNNN: step 42/125
[2026-04-26 11:07:40]   ⏳ expOOO: step 94/125
[2026-04-26 11:07:41]   ⏳ expPPP: step 94/150
[2026-04-26 11:07:41]   ⏳ expQQQ: step 114/125
[2026-04-26 11:07:41]   ⏳ expSSS: step 93/125
[2026-04-26 11:07:41]   ⏳ expTTT: step 90/189
[2026-04-26 11:07:41]   ⏳ expUUU: step 44/189
[2026-04-26 11:07:41]   ⏳ expVVV: step 93/125
[2026-04-26 11:09:41] Waiting... B10 missing=['expNNN', 'expOOO', 'expPPP', 'expQQQ', 'expSSS', 'expTTT', 'expUUU', 'expVVV']
[2026-04-26 11:09:41]   ⏳ expNNN: step 44/125
[2026-04-26 11:09:41]   ⏳ expOOO: step 97/125
[2026-04-26 11:09:41]   ⏳ expPPP: step 97/150
[2026-04-26 11:09:41]   ⏳ expQQQ: step 118/125
[2026-04-26 11:09:41]   ⏳ expSSS: step 96/125
[2026-04-26 11:09:41]   ⏳ expTTT: step 92/189
[2026-04-26 11:09:41]   ⏳ expUUU: step 45/189
[2026-04-26 11:09:41]   ⏳ expVVV: step 96/125
[2026-04-26 11:11:41] Waiting... B10 missing=['expNNN', 'expOOO', 'expPPP', 'expQQQ', 'expSSS', 'expTTT', 'expUUU', 'expVVV']
[2026-04-26 11:11:41]   ⏳ expNNN: step 45/125
[2026-04-26 11:11:41]   ⏳ expOOO: step 100/125
[2026-04-26 11:11:41]   ⏳ expPPP: step 100/150
[2026-04-26 11:11:41]   ⏳ expQQQ: step 123/125
[2026-04-26 11:11:41]   ⏳ expSSS: step 99/125
[2026-04-26 11:11:41]   ⏳ expTTT: step 95/189
[2026-04-26 11:11:41]   ⏳ expUUU: step 47/189
[2026-04-26 11:11:41]   ⏳ expVVV: step 99/125
[2026-04-26 11:13:41] Waiting... B10 missing=['expNNN', 'expOOO', 'expPPP', 'expQQQ', 'expSSS', 'expTTT', 'expUUU', 'expVVV']
[2026-04-26 11:13:41]   ⏳ expNNN: step 46/125
[2026-04-26 11:13:41]   ⏳ expOOO: step 102/125
[2026-04-26 11:13:42]   ⏳ expPPP: step 103/150
[2026-04-26 11:13:42]   🔄 expQQQ: training done, eval in progress...
[2026-04-26 11:13:42]   ⏳ expSSS: step 102/125
[2026-04-26 11:13:42]   ⏳ expTTT: step 98/189
[2026-04-26 11:13:42]   ⏳ expUUU: step 48/189
[2026-04-26 11:13:42]   ⏳ expVVV: step 102/125
[2026-04-26 11:15:42] Waiting... B10 missing=['expNNN', 'expOOO', 'expPPP', 'expQQQ', 'expSSS', 'expTTT', 'expUUU', 'expVVV']
[2026-04-26 11:15:42]   ⏳ expNNN: step 48/125
[2026-04-26 11:15:42]   ⏳ expOOO: step 105/125
[2026-04-26 11:15:42]   ⏳ expPPP: step 106/150
[2026-04-26 11:15:42]   🔄 expQQQ: training done, eval in progress...
[2026-04-26 11:15:42]   ⏳ expSSS: step 105/125
[2026-04-26 11:15:42]   ⏳ expTTT: step 100/189
[2026-04-26 11:15:42]   ⏳ expUUU: step 50/189
[2026-04-26 11:15:42]   ⏳ expVVV: step 105/125
[2026-04-26 11:17:42] Waiting... B10 missing=['expNNN', 'expOOO', 'expPPP', 'expQQQ', 'expSSS', 'expTTT', 'expUUU', 'expVVV']
[2026-04-26 11:17:42]   ⏳ expNNN: step 49/125
[2026-04-26 11:17:42]   ⏳ expOOO: step 108/125
[2026-04-26 11:17:42]   ⏳ expPPP: step 109/150
[2026-04-26 11:17:42]   🔄 expQQQ: training done, eval in progress...
[2026-04-26 11:17:42]   ⏳ expSSS: step 108/125
[2026-04-26 11:17:42]   ⏳ expTTT: step 103/189
[2026-04-26 11:17:42]   ⏳ expUUU: step 51/189
[2026-04-26 11:17:42]   ⏳ expVVV: step 107/125
[2026-04-26 11:19:42] Waiting... B10 missing=['expNNN', 'expOOO', 'expPPP', 'expQQQ', 'expSSS', 'expTTT', 'expUUU', 'expVVV']
[2026-04-26 11:19:42]   ⏳ expNNN: step 50/125
[2026-04-26 11:19:42]   ⏳ expOOO: step 111/125
[2026-04-26 11:19:42]   ⏳ expPPP: step 112/150
[2026-04-26 11:19:42]   🔄 expQQQ: training done, eval in progress...
[2026-04-26 11:19:42]   ⏳ expSSS: step 110/125
[2026-04-26 11:19:42]   ⏳ expTTT: step 106/189
[2026-04-26 11:19:42]   ⏳ expUUU: step 52/189
[2026-04-26 11:19:42]   ⏳ expVVV: step 110/125
[2026-04-26 11:21:43] Waiting... B10 missing=['expNNN', 'expOOO', 'expPPP', 'expQQQ', 'expSSS', 'expTTT', 'expUUU', 'expVVV']
[2026-04-26 11:21:43]   ⏳ expNNN: step 51/125
[2026-04-26 11:21:43]   ⏳ expOOO: step 114/125
[2026-04-26 11:21:43]   ⏳ expPPP: step 115/150
[2026-04-26 11:21:43]   🔄 expQQQ: training done, eval in progress...
[2026-04-26 11:21:43]   ⏳ expSSS: step 113/125
[2026-04-26 11:21:43]   ⏳ expTTT: step 109/189
[2026-04-26 11:21:43]   ⏳ expUUU: step 54/189
[2026-04-26 11:21:43]   ⏳ expVVV: step 113/125
[2026-04-26 11:23:43] Waiting... B10 missing=['expNNN', 'expOOO', 'expPPP', 'expQQQ', 'expSSS', 'expTTT', 'expUUU', 'expVVV']
[2026-04-26 11:23:43]   ⏳ expNNN: step 53/125
[2026-04-26 11:23:43]   ⏳ expOOO: step 117/125
[2026-04-26 11:23:43]   ⏳ expPPP: step 118/150
[2026-04-26 11:23:43]   🔄 expQQQ: training done, eval in progress...
[2026-04-26 11:23:43]   ⏳ expSSS: step 116/125
[2026-04-26 11:23:43]   ⏳ expTTT: step 112/189
[2026-04-26 11:23:43]   ⏳ expUUU: step 55/189
[2026-04-26 11:23:43]   ⏳ expVVV: step 116/125
[2026-04-26 11:25:43] Waiting... B10 missing=['expNNN', 'expOOO', 'expPPP', 'expQQQ', 'expSSS', 'expTTT', 'expUUU', 'expVVV']
[2026-04-26 11:25:43]   ⏳ expNNN: step 54/125
[2026-04-26 11:25:43]   ⏳ expOOO: step 120/125
[2026-04-26 11:25:43]   ⏳ expPPP: step 121/150
[2026-04-26 11:25:43]   🔄 expQQQ: training done, eval in progress...
[2026-04-26 11:25:43]   ⏳ expSSS: step 119/125
[2026-04-26 11:25:43]   ⏳ expTTT: step 115/189
[2026-04-26 11:25:43]   ⏳ expUUU: step 56/189
[2026-04-26 11:25:43]   ⏳ expVVV: step 119/125
[2026-04-26 11:27:43] Waiting... B10 missing=['expNNN', 'expOOO', 'expPPP', 'expQQQ', 'expSSS', 'expTTT', 'expUUU', 'expVVV']
[2026-04-26 11:27:43]   ⏳ expNNN: step 55/125
[2026-04-26 11:27:43]   ⏳ expOOO: step 123/125
[2026-04-26 11:27:43]   ⏳ expPPP: step 123/150
[2026-04-26 11:27:43]   🔄 expQQQ: training done, eval in progress...
[2026-04-26 11:27:43]   ⏳ expSSS: step 122/125
[2026-04-26 11:27:44]   ⏳ expTTT: step 117/189
[2026-04-26 11:27:44]   ⏳ expUUU: step 58/189
[2026-04-26 11:27:44]   ⏳ expVVV: step 122/125
[2026-04-26 11:29:44] Waiting... B10 missing=['expNNN', 'expOOO', 'expPPP', 'expQQQ', 'expSSS', 'expTTT', 'expUUU', 'expVVV']
[2026-04-26 11:29:44]   ⏳ expNNN: step 57/125
[2026-04-26 11:29:44]   🔄 expOOO: training done, eval in progress...
[2026-04-26 11:29:44]   ⏳ expPPP: step 126/150
[2026-04-26 11:29:44]   🔄 expQQQ: training done, eval in progress...
[2026-04-26 11:29:44]   🔄 expSSS: training done, eval in progress...
[2026-04-26 11:29:44]   ⏳ expTTT: step 120/189
[2026-04-26 11:29:44]   ⏳ expUUU: step 59/189
[2026-04-26 11:29:44]   🔄 expVVV: training done, eval in progress...
[2026-04-26 11:31:44] Waiting... B10 missing=['expNNN', 'expOOO', 'expPPP', 'expQQQ', 'expSSS', 'expTTT', 'expUUU', 'expVVV']
[2026-04-26 11:31:44]   ⏳ expNNN: step 58/125
[2026-04-26 11:31:44]   🔄 expOOO: training done, eval in progress...
[2026-04-26 11:31:44]   ⏳ expPPP: step 129/150
[2026-04-26 11:31:44]   🔄 expQQQ: training done, eval in progress...
[2026-04-26 11:31:44]   🔄 expSSS: training done, eval in progress...
[2026-04-26 11:31:44]   ⏳ expTTT: step 123/189
[2026-04-26 11:31:44]   ⏳ expUUU: step 60/189
[2026-04-26 11:31:44]   🔄 expVVV: training done, eval in progress...
[2026-04-26 11:33:45] Waiting... B10 missing=['expNNN', 'expOOO', 'expPPP', 'expQQQ', 'expSSS', 'expTTT', 'expUUU', 'expVVV']
[2026-04-26 11:33:45]   ⏳ expNNN: step 59/125
[2026-04-26 11:33:45]   🔄 expOOO: training done, eval in progress...
[2026-04-26 11:33:45]   ⏳ expPPP: step 132/150
[2026-04-26 11:33:45]   🔄 expQQQ: training done, eval in progress...
[2026-04-26 11:33:45]   🔄 expSSS: training done, eval in progress...
[2026-04-26 11:33:45]   ⏳ expTTT: step 126/189
[2026-04-26 11:33:45]   ⏳ expUUU: step 62/189
[2026-04-26 11:33:45]   🔄 expVVV: training done, eval in progress...
[2026-04-26 11:35:45] Waiting... B10 missing=['expNNN', 'expOOO', 'expPPP', 'expQQQ', 'expSSS', 'expTTT', 'expUUU', 'expVVV']
[2026-04-26 11:35:45]   ⏳ expNNN: step 61/125
[2026-04-26 11:35:45]   🔄 expOOO: training done, eval in progress...
[2026-04-26 11:35:45]   ⏳ expPPP: step 135/150
[2026-04-26 11:35:45]   🔄 expQQQ: training done, eval in progress...
[2026-04-26 11:35:45]   🔄 expSSS: training done, eval in progress...
[2026-04-26 11:35:45]   ⏳ expTTT: step 128/189
[2026-04-26 11:35:45]   ⏳ expUUU: step 63/189
[2026-04-26 11:35:45]   🔄 expVVV: training done, eval in progress...
[2026-04-26 11:37:45] Waiting... B10 missing=['expNNN', 'expOOO', 'expPPP', 'expQQQ', 'expSSS', 'expTTT', 'expUUU', 'expVVV']
[2026-04-26 11:37:45]   ⏳ expNNN: step 62/125
[2026-04-26 11:37:45]   🔄 expOOO: training done, eval in progress...
[2026-04-26 11:37:45]   ⏳ expPPP: step 138/150
[2026-04-26 11:37:45]   🔄 expQQQ: training done, eval in progress...
[2026-04-26 11:37:45]   🔄 expSSS: training done, eval in progress...
[2026-04-26 11:37:45]   ⏳ expTTT: step 131/189
[2026-04-26 11:37:45]   ⏳ expUUU: step 65/189
[2026-04-26 11:37:45]   🔄 expVVV: training done, eval in progress...
[2026-04-26 11:39:45] Waiting... B10 missing=['expNNN', 'expOOO', 'expPPP', 'expQQQ', 'expSSS', 'expTTT', 'expUUU', 'expVVV']
[2026-04-26 11:39:45]   ⏳ expNNN: step 63/125
[2026-04-26 11:39:45]   🔄 expOOO: training done, eval in progress...
[2026-04-26 11:39:45]   ⏳ expPPP: step 141/150
[2026-04-26 11:39:45]   🔄 expQQQ: training done, eval in progress...
[2026-04-26 11:39:45]   🔄 expSSS: training done, eval in progress...
[2026-04-26 11:39:45]   ⏳ expTTT: step 134/189
[2026-04-26 11:39:46]   ⏳ expUUU: step 66/189
[2026-04-26 11:39:46]   🔄 expVVV: training done, eval in progress...
[2026-04-26 11:41:46] Waiting... B10 missing=['expNNN', 'expOOO', 'expPPP', 'expQQQ', 'expSSS', 'expTTT', 'expUUU', 'expVVV']
[2026-04-26 11:41:46]   ⏳ expNNN: step 65/125
[2026-04-26 11:41:46]   🔄 expOOO: training done, eval in progress...
[2026-04-26 11:41:46]   ⏳ expPPP: step 144/150
[2026-04-26 11:41:46]   🔄 expQQQ: training done, eval in progress...
[2026-04-26 11:41:46]   🔄 expSSS: training done, eval in progress...
[2026-04-26 11:41:46]   ⏳ expTTT: step 137/189
[2026-04-26 11:41:46]   ⏳ expUUU: step 67/189
[2026-04-26 11:41:46]   🔄 expVVV: training done, eval in progress...
[2026-04-26 11:43:46] Waiting... B10 missing=['expNNN', 'expOOO', 'expPPP', 'expQQQ', 'expSSS', 'expTTT', 'expUUU', 'expVVV']
[2026-04-26 11:43:46]   ⏳ expNNN: step 66/125
[2026-04-26 11:43:46]   🔄 expOOO: training done, eval in progress...
[2026-04-26 11:43:46]   ⏳ expPPP: step 147/150
[2026-04-26 11:43:46]   🔄 expQQQ: training done, eval in progress...
[2026-04-26 11:43:46]   🔄 expSSS: training done, eval in progress...
[2026-04-26 11:43:46]   ⏳ expTTT: step 139/189
[2026-04-26 11:43:46]   ⏳ expUUU: step 69/189
[2026-04-26 11:43:46]   🔄 expVVV: training done, eval in progress...
[2026-04-26 11:45:46] Waiting... B10 missing=['expNNN', 'expOOO', 'expPPP', 'expQQQ', 'expSSS', 'expTTT', 'expUUU', 'expVVV']
[2026-04-26 11:45:46]   ⏳ expNNN: step 67/125
[2026-04-26 11:45:46]   🔄 expOOO: training done, eval in progress...
[2026-04-26 11:45:46]   ⏳ expPPP: step 149/150
[2026-04-26 11:45:46]   🔄 expQQQ: training done, eval in progress...
[2026-04-26 11:45:46]   🔄 expSSS: training done, eval in progress...
[2026-04-26 11:45:46]   ⏳ expTTT: step 142/189
[2026-04-26 11:45:46]   ⏳ expUUU: step 70/189
[2026-04-26 11:45:46]   🔄 expVVV: training done, eval in progress...
[2026-04-26 11:47:46] Waiting... B10 missing=['expNNN', 'expOOO', 'expPPP', 'expQQQ', 'expSSS', 'expTTT', 'expUUU', 'expVVV']
[2026-04-26 11:47:46]   ⏳ expNNN: step 68/125
[2026-04-26 11:47:46]   🔄 expOOO: training done, eval in progress...
[2026-04-26 11:47:46]   🔄 expPPP: training done, eval in progress...
[2026-04-26 11:47:46]   🔄 expQQQ: training done, eval in progress...
[2026-04-26 11:47:46]   🔄 expSSS: training done, eval in progress...
[2026-04-26 11:47:46]   ⏳ expTTT: step 145/189
[2026-04-26 11:47:46]   ⏳ expUUU: step 72/189
[2026-04-26 11:47:46]   🔄 expVVV: training done, eval in progress...
[2026-04-26 11:49:46] Waiting... B10 missing=['expNNN', 'expOOO', 'expPPP', 'expQQQ', 'expSSS', 'expTTT', 'expUUU', 'expVVV']
[2026-04-26 11:49:46]   ⏳ expNNN: step 70/125
[2026-04-26 11:49:46]   🔄 expOOO: training done, eval in progress...
[2026-04-26 11:49:46]   🔄 expPPP: training done, eval in progress...
[2026-04-26 11:49:46]   🔄 expQQQ: training done, eval in progress...
[2026-04-26 11:49:46]   🔄 expSSS: training done, eval in progress...
[2026-04-26 11:49:46]   ⏳ expTTT: step 147/189
[2026-04-26 11:49:46]   ⏳ expUUU: step 73/189
[2026-04-26 11:49:46]   🔄 expVVV: training done, eval in progress...
[2026-04-26 11:51:46] Waiting... B10 missing=['expNNN', 'expOOO', 'expPPP', 'expQQQ', 'expSSS', 'expTTT', 'expUUU', 'expVVV']
[2026-04-26 11:51:46]   ⏳ expNNN: step 71/125
[2026-04-26 11:51:46]   🔄 expOOO: training done, eval in progress...
[2026-04-26 11:51:46]   🔄 expPPP: training done, eval in progress...
[2026-04-26 11:51:46]   🔄 expQQQ: training done, eval in progress...
[2026-04-26 11:51:47]   🔄 expSSS: training done, eval in progress...
[2026-04-26 11:51:47]   ⏳ expTTT: step 150/189
[2026-04-26 11:51:47]   ⏳ expUUU: step 74/189
[2026-04-26 11:51:47]   🔄 expVVV: training done, eval in progress...
[2026-04-26 11:53:47] Waiting... B10 missing=['expNNN', 'expOOO', 'expPPP', 'expQQQ', 'expSSS', 'expTTT', 'expUUU', 'expVVV']
[2026-04-26 11:53:47]   ⏳ expNNN: step 72/125
[2026-04-26 11:53:47]   🔄 expOOO: training done, eval in progress...
[2026-04-26 11:53:47]   🔄 expPPP: training done, eval in progress...
[2026-04-26 11:53:47]   🔄 expQQQ: training done, eval in progress...
[2026-04-26 11:53:47]   🔄 expSSS: training done, eval in progress...
[2026-04-26 11:53:47]   ⏳ expTTT: step 153/189
[2026-04-26 11:53:47]   ⏳ expUUU: step 76/189
[2026-04-26 11:53:47]   🔄 expVVV: training done, eval in progress...
[2026-04-26 11:55:47] Waiting... B10 missing=['expNNN', 'expOOO', 'expPPP', 'expQQQ', 'expSSS', 'expTTT', 'expUUU', 'expVVV']
[2026-04-26 11:55:47]   ⏳ expNNN: step 74/125
[2026-04-26 11:55:47]   🔄 expOOO: training done, eval in progress...
[2026-04-26 11:55:47]   🔄 expPPP: training done, eval in progress...
[2026-04-26 11:55:47]   🔄 expQQQ: training done, eval in progress...
[2026-04-26 11:55:47]   🔄 expSSS: training done, eval in progress...
[2026-04-26 11:55:47]   ⏳ expTTT: step 155/189
[2026-04-26 11:55:47]   ⏳ expUUU: step 77/189
[2026-04-26 11:55:47]   🔄 expVVV: training done, eval in progress...
[2026-04-26 11:57:47] Waiting... B10 missing=['expNNN', 'expOOO', 'expPPP', 'expQQQ', 'expSSS', 'expTTT', 'expUUU', 'expVVV']
[2026-04-26 11:57:47]   ⏳ expNNN: step 75/125
[2026-04-26 11:57:47]   🔄 expOOO: training done, eval in progress...
[2026-04-26 11:57:47]   🔄 expPPP: training done, eval in progress...
[2026-04-26 11:57:47]   🔄 expQQQ: training done, eval in progress...
[2026-04-26 11:57:47]   🔄 expSSS: training done, eval in progress...
[2026-04-26 11:57:47]   ⏳ expTTT: step 158/189
[2026-04-26 11:57:47]   ⏳ expUUU: step 78/189
[2026-04-26 11:57:47]   🔄 expVVV: training done, eval in progress...
[2026-04-26 11:59:47] Waiting... B10 missing=['expNNN', 'expOOO', 'expPPP', 'expQQQ', 'expSSS', 'expTTT', 'expUUU', 'expVVV']
[2026-04-26 11:59:47]   ⏳ expNNN: step 76/125
[2026-04-26 11:59:47]   🔄 expOOO: training done, eval in progress...
[2026-04-26 11:59:47]   🔄 expPPP: training done, eval in progress...
[2026-04-26 11:59:47]   🔄 expQQQ: training done, eval in progress...
[2026-04-26 11:59:47]   🔄 expSSS: training done, eval in progress...
[2026-04-26 11:59:47]   ⏳ expTTT: step 161/189
[2026-04-26 11:59:47]   ⏳ expUUU: step 80/189
[2026-04-26 11:59:47]   🔄 expVVV: training done, eval in progress...
[2026-04-26 12:01:47] Waiting... B10 missing=['expNNN', 'expOOO', 'expPPP', 'expQQQ', 'expSSS', 'expTTT', 'expUUU', 'expVVV']
[2026-04-26 12:01:47]   ⏳ expNNN: step 77/125
[2026-04-26 12:01:47]   🔄 expOOO: training done, eval in progress...
[2026-04-26 12:01:47]   🔄 expPPP: training done, eval in progress...
[2026-04-26 12:01:48]   🔄 expQQQ: training done, eval in progress...
[2026-04-26 12:01:48]   🔄 expSSS: training done, eval in progress...
[2026-04-26 12:01:48]   ⏳ expTTT: step 163/189
[2026-04-26 12:01:48]   ⏳ expUUU: step 81/189
[2026-04-26 12:01:48]   🔄 expVVV: training done, eval in progress...
[2026-04-26 12:03:48] Waiting... B10 missing=['expNNN', 'expOOO', 'expPPP', 'expQQQ', 'expSSS', 'expTTT', 'expUUU', 'expVVV']
[2026-04-26 12:03:48]   ⏳ expNNN: step 79/125
[2026-04-26 12:03:48]   🔄 expOOO: training done, eval in progress...
[2026-04-26 12:03:48]   🔄 expPPP: training done, eval in progress...
[2026-04-26 12:03:48]   🔄 expQQQ: training done, eval in progress...
[2026-04-26 12:03:48]   🔄 expSSS: training done, eval in progress...
[2026-04-26 12:03:48]   ⏳ expTTT: step 166/189
[2026-04-26 12:03:48]   ⏳ expUUU: step 82/189
[2026-04-26 12:03:48]   🔄 expVVV: training done, eval in progress...
[2026-04-26 12:05:48] Waiting... B10 missing=['expNNN', 'expOOO', 'expPPP', 'expQQQ', 'expSSS', 'expTTT', 'expUUU', 'expVVV']
[2026-04-26 12:05:48]   ⏳ expNNN: step 80/125
[2026-04-26 12:05:48]   🔄 expOOO: training done, eval in progress...
[2026-04-26 12:05:48]   🔄 expPPP: training done, eval in progress...
[2026-04-26 12:05:48]   🔄 expQQQ: training done, eval in progress...
[2026-04-26 12:05:48]   🔄 expSSS: training done, eval in progress...
[2026-04-26 12:05:48]   ⏳ expTTT: step 169/189
[2026-04-26 12:05:48]   ⏳ expUUU: step 84/189
[2026-04-26 12:05:48]   🔄 expVVV: training done, eval in progress...
[2026-04-26 12:07:48] Waiting... B10 missing=['expNNN', 'expOOO', 'expPPP', 'expQQQ', 'expSSS', 'expTTT', 'expUUU', 'expVVV']
[2026-04-26 12:07:48]   ⏳ expNNN: step 81/125
[2026-04-26 12:07:48]   🔄 expOOO: training done, eval in progress...
[2026-04-26 12:07:48]   🔄 expPPP: training done, eval in progress...
[2026-04-26 12:07:48]   🔄 expQQQ: training done, eval in progress...
[2026-04-26 12:07:48]   🔄 expSSS: training done, eval in progress...
[2026-04-26 12:07:48]   ⏳ expTTT: step 172/189
[2026-04-26 12:07:48]   ⏳ expUUU: step 85/189
[2026-04-26 12:07:48]   🔄 expVVV: training done, eval in progress...
[2026-04-26 12:09:48] Waiting... B10 missing=['expNNN', 'expOOO', 'expPPP', 'expQQQ', 'expSSS', 'expTTT', 'expUUU', 'expVVV']
[2026-04-26 12:09:48]   ⏳ expNNN: step 83/125
[2026-04-26 12:09:48]   🔄 expOOO: training done, eval in progress...
[2026-04-26 12:09:48]   🔄 expPPP: training done, eval in progress...
[2026-04-26 12:09:48]   🔄 expQQQ: training done, eval in progress...
[2026-04-26 12:09:48]   🔄 expSSS: training done, eval in progress...
[2026-04-26 12:09:48]   ⏳ expTTT: step 174/189
[2026-04-26 12:09:48]   ⏳ expUUU: step 86/189
[2026-04-26 12:09:48]   🔄 expVVV: training done, eval in progress...
[2026-04-26 12:11:48] Waiting... B10 missing=['expNNN', 'expOOO', 'expPPP', 'expQQQ', 'expSSS', 'expTTT', 'expUUU', 'expVVV']
[2026-04-26 12:11:48]   ⏳ expNNN: step 84/125
[2026-04-26 12:11:48]   🔄 expOOO: training done, eval in progress...
[2026-04-26 12:11:48]   🔄 expPPP: training done, eval in progress...
[2026-04-26 12:11:48]   🔄 expQQQ: training done, eval in progress...
[2026-04-26 12:11:48]   🔄 expSSS: training done, eval in progress...
[2026-04-26 12:11:48]   ⏳ expTTT: step 177/189
[2026-04-26 12:11:48]   ⏳ expUUU: step 88/189
[2026-04-26 12:11:48]   🔄 expVVV: training done, eval in progress...
[2026-04-26 12:13:49] Waiting... B10 missing=['expNNN', 'expOOO', 'expPPP', 'expQQQ', 'expSSS', 'expTTT', 'expUUU', 'expVVV']
[2026-04-26 12:13:49]   ⏳ expNNN: step 85/125
[2026-04-26 12:13:49]   🔄 expOOO: training done, eval in progress...
[2026-04-26 12:13:49]   🔄 expPPP: training done, eval in progress...
[2026-04-26 12:13:49]   🔄 expQQQ: training done, eval in progress...
[2026-04-26 12:13:49]   🔄 expSSS: training done, eval in progress...
[2026-04-26 12:13:49]   ⏳ expTTT: step 180/189
[2026-04-26 12:13:49]   ⏳ expUUU: step 89/189
[2026-04-26 12:13:49]   🔄 expVVV: training done, eval in progress...
[2026-04-26 12:15:49] Waiting... B10 missing=['expNNN', 'expOOO', 'expPPP', 'expQQQ', 'expSSS', 'expTTT', 'expUUU', 'expVVV']
[2026-04-26 12:15:49]   ⏳ expNNN: step 86/125
[2026-04-26 12:15:49]   🔄 expOOO: training done, eval in progress...
[2026-04-26 12:15:49]   🔄 expPPP: training done, eval in progress...
[2026-04-26 12:15:49]   🔄 expQQQ: training done, eval in progress...
[2026-04-26 12:15:49]   🔄 expSSS: training done, eval in progress...
[2026-04-26 12:15:49]   ⏳ expTTT: step 183/189
[2026-04-26 12:15:49]   ⏳ expUUU: step 91/189
[2026-04-26 12:15:49]   🔄 expVVV: training done, eval in progress...
[2026-04-26 12:17:49] Waiting... B10 missing=['expNNN', 'expOOO', 'expPPP', 'expQQQ', 'expSSS', 'expTTT', 'expUUU', 'expVVV']
[2026-04-26 12:17:49]   ⏳ expNNN: step 88/125
[2026-04-26 12:17:49]   🔄 expOOO: training done, eval in progress...
[2026-04-26 12:17:49]   🔄 expPPP: training done, eval in progress...
[2026-04-26 12:17:49]   🔄 expQQQ: training done, eval in progress...
[2026-04-26 12:17:49]   🔄 expSSS: training done, eval in progress...
[2026-04-26 12:17:49]   ⏳ expTTT: step 185/189
[2026-04-26 12:17:49]   ⏳ expUUU: step 92/189
[2026-04-26 12:17:49]   🔄 expVVV: training done, eval in progress...
[2026-04-26 12:19:49] Waiting... B10 missing=['expNNN', 'expOOO', 'expPPP', 'expQQQ', 'expSSS', 'expTTT', 'expUUU', 'expVVV']
[2026-04-26 12:19:49]   ⏳ expNNN: step 89/125
[2026-04-26 12:19:49]   🔄 expOOO: training done, eval in progress...
[2026-04-26 12:19:49]   🔄 expPPP: training done, eval in progress...
[2026-04-26 12:19:49]   🔄 expQQQ: training done, eval in progress...
[2026-04-26 12:19:49]   🔄 expSSS: training done, eval in progress...
[2026-04-26 12:19:49]   ⏳ expTTT: step 188/189
[2026-04-26 12:19:49]   ⏳ expUUU: step 94/189
[2026-04-26 12:19:49]   🔄 expVVV: training done, eval in progress...
[2026-04-26 12:21:49] Waiting... B10 missing=['expNNN', 'expOOO', 'expPPP', 'expQQQ', 'expSSS', 'expTTT', 'expUUU', 'expVVV']
[2026-04-26 12:21:49]   ⏳ expNNN: step 90/125
[2026-04-26 12:21:49]   🔄 expOOO: training done, eval in progress...
[2026-04-26 12:21:49]   🔄 expPPP: training done, eval in progress...
[2026-04-26 12:21:49]   🔄 expQQQ: training done, eval in progress...
[2026-04-26 12:21:49]   🔄 expSSS: training done, eval in progress...
[2026-04-26 12:21:49]   🔄 expTTT: training done, eval in progress...
[2026-04-26 12:21:50]   ⏳ expUUU: step 95/189
[2026-04-26 12:21:50]   🔄 expVVV: training done, eval in progress...
[2026-04-26 12:23:50] Waiting... B10 missing=['expNNN', 'expOOO', 'expPPP', 'expQQQ', 'expSSS', 'expTTT', 'expUUU', 'expVVV']
[2026-04-26 12:23:50]   ⏳ expNNN: step 92/125
[2026-04-26 12:23:50]   🔄 expOOO: training done, eval in progress...
[2026-04-26 12:23:50]   🔄 expPPP: training done, eval in progress...
[2026-04-26 12:23:50]   🔄 expQQQ: training done, eval in progress...
[2026-04-26 12:23:50]   🔄 expSSS: training done, eval in progress...
[2026-04-26 12:23:50]   🔄 expTTT: training done, eval in progress...
[2026-04-26 12:23:50]   ⏳ expUUU: step 96/189
[2026-04-26 12:23:50]   🔄 expVVV: training done, eval in progress...
[2026-04-26 12:25:50] Waiting... B10 missing=['expNNN', 'expOOO', 'expPPP', 'expQQQ', 'expSSS', 'expTTT', 'expUUU', 'expVVV']
[2026-04-26 12:25:50]   ⏳ expNNN: step 93/125
[2026-04-26 12:25:50]   🔄 expOOO: training done, eval in progress...
[2026-04-26 12:25:50]   🔄 expPPP: training done, eval in progress...
[2026-04-26 12:25:50]   🔄 expQQQ: training done, eval in progress...
[2026-04-26 12:25:50]   🔄 expSSS: training done, eval in progress...
[2026-04-26 12:25:50]   🔄 expTTT: training done, eval in progress...
[2026-04-26 12:25:50]   ⏳ expUUU: step 98/189
[2026-04-26 12:25:50]   🔄 expVVV: training done, eval in progress...
[2026-04-26 12:27:50] Waiting... B10 missing=['expNNN', 'expOOO', 'expPPP', 'expQQQ', 'expSSS', 'expTTT', 'expUUU', 'expVVV']
[2026-04-26 12:27:50]   ⏳ expNNN: step 94/125
[2026-04-26 12:27:50]   🔄 expOOO: training done, eval in progress...
[2026-04-26 12:27:50]   🔄 expPPP: training done, eval in progress...
[2026-04-26 12:27:50]   🔄 expQQQ: training done, eval in progress...
[2026-04-26 12:27:50]   🔄 expSSS: training done, eval in progress...
[2026-04-26 12:27:50]   🔄 expTTT: training done, eval in progress...
[2026-04-26 12:27:50]   ⏳ expUUU: step 99/189
[2026-04-26 12:27:50]   🔄 expVVV: training done, eval in progress...
[2026-04-26 12:29:50] Waiting... B10 missing=['expNNN', 'expOOO', 'expPPP', 'expQQQ', 'expSSS', 'expTTT', 'expUUU', 'expVVV']
[2026-04-26 12:29:50]   ⏳ expNNN: step 96/125
[2026-04-26 12:29:50]   🔄 expOOO: training done, eval in progress...
[2026-04-26 12:29:50]   🔄 expPPP: training done, eval in progress...
[2026-04-26 12:29:50]   🔄 expQQQ: training done, eval in progress...
[2026-04-26 12:29:50]   🔄 expSSS: training done, eval in progress...
[2026-04-26 12:29:50]   🔄 expTTT: training done, eval in progress...
[2026-04-26 12:29:50]   ⏳ expUUU: step 100/189
[2026-04-26 12:29:50]   🔄 expVVV: training done, eval in progress...
[2026-04-26 12:31:51] Waiting... B10 missing=['expNNN', 'expOOO', 'expPPP', 'expQQQ', 'expSSS', 'expTTT', 'expUUU', 'expVVV']
[2026-04-26 12:31:51]   ⏳ expNNN: step 97/125
[2026-04-26 12:31:51]   🔄 expOOO: training done, eval in progress...
[2026-04-26 12:31:51]   🔄 expPPP: training done, eval in progress...
[2026-04-26 12:31:51]   🔄 expQQQ: training done, eval in progress...
[2026-04-26 12:31:51]   🔄 expSSS: training done, eval in progress...
[2026-04-26 12:31:51]   🔄 expTTT: training done, eval in progress...
[2026-04-26 12:31:51]   ⏳ expUUU: step 102/189
[2026-04-26 12:31:51]   🔄 expVVV: training done, eval in progress...
[2026-04-26 12:33:51] Waiting... B10 missing=['expNNN', 'expOOO', 'expPPP', 'expQQQ', 'expSSS', 'expTTT', 'expUUU', 'expVVV']
[2026-04-26 12:33:51]   ⏳ expNNN: step 98/125
[2026-04-26 12:33:51]   🔄 expOOO: training done, eval in progress...
[2026-04-26 12:33:51]   🔄 expPPP: training done, eval in progress...
[2026-04-26 12:33:51]   🔄 expQQQ: training done, eval in progress...
[2026-04-26 12:33:51]   🔄 expSSS: training done, eval in progress...
[2026-04-26 12:33:51]   🔄 expTTT: training done, eval in progress...
[2026-04-26 12:33:51]   ⏳ expUUU: step 103/189
[2026-04-26 12:33:51]   🔄 expVVV: training done, eval in progress...
[2026-04-26 12:35:51] Waiting... B10 missing=['expNNN', 'expOOO', 'expPPP', 'expQQQ', 'expSSS', 'expTTT', 'expUUU', 'expVVV']
[2026-04-26 12:35:51]   ⏳ expNNN: step 99/125
[2026-04-26 12:35:51]   🔄 expOOO: training done, eval in progress...
[2026-04-26 12:35:51]   🔄 expPPP: training done, eval in progress...
[2026-04-26 12:35:51]   🔄 expQQQ: training done, eval in progress...
[2026-04-26 12:35:51]   🔄 expSSS: training done, eval in progress...
[2026-04-26 12:35:51]   🔄 expTTT: training done, eval in progress...
[2026-04-26 12:35:51]   ⏳ expUUU: step 104/189
[2026-04-26 12:35:51]   🔄 expVVV: training done, eval in progress...
[2026-04-26 12:37:51] Waiting... B10 missing=['expNNN', 'expOOO', 'expPPP', 'expQQQ', 'expSSS', 'expTTT', 'expUUU', 'expVVV']
[2026-04-26 12:37:51]   ⏳ expNNN: step 100/125
[2026-04-26 12:37:51]   🔄 expOOO: training done, eval in progress...
[2026-04-26 12:37:51]   🔄 expPPP: training done, eval in progress...
[2026-04-26 12:37:51]   🔄 expQQQ: training done, eval in progress...
[2026-04-26 12:37:51]   🔄 expSSS: training done, eval in progress...
[2026-04-26 12:37:51]   🔄 expTTT: training done, eval in progress...
[2026-04-26 12:37:51]   ⏳ expUUU: step 106/189
[2026-04-26 12:37:51]   🔄 expVVV: training done, eval in progress...
[2026-04-26 12:39:51] Waiting... B10 missing=['expNNN', 'expOOO', 'expPPP', 'expQQQ', 'expSSS', 'expTTT', 'expUUU', 'expVVV']
[2026-04-26 12:39:51]   ⏳ expNNN: step 102/125
[2026-04-26 12:39:51]   🔄 expOOO: training done, eval in progress...
[2026-04-26 12:39:51]   🔄 expPPP: training done, eval in progress...
[2026-04-26 12:39:51]   🔄 expQQQ: training done, eval in progress...
[2026-04-26 12:39:51]   🔄 expSSS: training done, eval in progress...
[2026-04-26 12:39:51]   🔄 expTTT: training done, eval in progress...
[2026-04-26 12:39:51]   ⏳ expUUU: step 107/189
[2026-04-26 12:39:51]   🔄 expVVV: training done, eval in progress...
[2026-04-26 12:41:52] Waiting... B10 missing=['expNNN', 'expOOO', 'expPPP', 'expQQQ', 'expSSS', 'expTTT', 'expUUU', 'expVVV']
[2026-04-26 12:41:52]   ⏳ expNNN: step 103/125
[2026-04-26 12:41:52]   🔄 expOOO: training done, eval in progress...
[2026-04-26 12:41:52]   🔄 expPPP: training done, eval in progress...
[2026-04-26 12:41:52]   🔄 expQQQ: training done, eval in progress...
[2026-04-26 12:41:52]   🔄 expSSS: training done, eval in progress...
[2026-04-26 12:41:52]   🔄 expTTT: training done, eval in progress...
[2026-04-26 12:41:52]   ⏳ expUUU: step 109/189
[2026-04-26 12:41:52]   🔄 expVVV: training done, eval in progress...
[2026-04-26 12:43:52] Waiting... B10 missing=['expNNN', 'expOOO', 'expPPP', 'expQQQ', 'expSSS', 'expTTT', 'expUUU', 'expVVV']
[2026-04-26 12:43:52]   ⏳ expNNN: step 104/125
[2026-04-26 12:43:52]   🔄 expOOO: training done, eval in progress...
[2026-04-26 12:43:52]   🔄 expPPP: training done, eval in progress...
[2026-04-26 12:43:52]   🔄 expQQQ: training done, eval in progress...
[2026-04-26 12:43:52]   🔄 expSSS: training done, eval in progress...
[2026-04-26 12:43:52]   🔄 expTTT: training done, eval in progress...
[2026-04-26 12:43:52]   ⏳ expUUU: step 110/189
[2026-04-26 12:43:52]   🔄 expVVV: training done, eval in progress...
[2026-04-26 12:45:52] Waiting... B10 missing=['expNNN', 'expOOO', 'expPPP', 'expQQQ', 'expSSS', 'expTTT', 'expUUU', 'expVVV']
[2026-04-26 12:45:52]   ⏳ expNNN: step 106/125
[2026-04-26 12:45:52]   🔄 expOOO: training done, eval in progress...
[2026-04-26 12:45:52]   🔄 expPPP: training done, eval in progress...
[2026-04-26 12:45:52]   🔄 expQQQ: training done, eval in progress...
[2026-04-26 12:45:52]   🔄 expSSS: training done, eval in progress...
[2026-04-26 12:45:52]   🔄 expTTT: training done, eval in progress...
[2026-04-26 12:45:52]   ⏳ expUUU: step 111/189
[2026-04-26 12:45:52]   🔄 expVVV: training done, eval in progress...
[2026-04-26 12:47:52] Waiting... B10 missing=['expNNN', 'expOOO', 'expPPP', 'expQQQ', 'expSSS', 'expTTT', 'expUUU', 'expVVV']
[2026-04-26 12:47:52]   ⏳ expNNN: step 107/125
[2026-04-26 12:47:52]   🔄 expOOO: training done, eval in progress...
[2026-04-26 12:47:52]   🔄 expPPP: training done, eval in progress...
[2026-04-26 12:47:52]   🔄 expQQQ: training done, eval in progress...
[2026-04-26 12:47:52]   🔄 expSSS: training done, eval in progress...
[2026-04-26 12:47:52]   🔄 expTTT: training done, eval in progress...
[2026-04-26 12:47:52]   ⏳ expUUU: step 113/189
[2026-04-26 12:47:52]   🔄 expVVV: training done, eval in progress...
[2026-04-26 12:49:52] Waiting... B10 missing=['expNNN', 'expOOO', 'expPPP', 'expQQQ', 'expSSS', 'expTTT', 'expUUU', 'expVVV']
[2026-04-26 12:49:52]   ⏳ expNNN: step 108/125
[2026-04-26 12:49:52]   🔄 expOOO: training done, eval in progress...
[2026-04-26 12:49:53]   🔄 expPPP: training done, eval in progress...
[2026-04-26 12:49:53]   🔄 expQQQ: training done, eval in progress...
[2026-04-26 12:49:53]   🔄 expSSS: training done, eval in progress...
[2026-04-26 12:49:53]   🔄 expTTT: training done, eval in progress...
[2026-04-26 12:49:53]   ⏳ expUUU: step 114/189
[2026-04-26 12:49:53]   🔄 expVVV: training done, eval in progress...
[2026-04-26 12:51:53] Waiting... B10 missing=['expNNN', 'expOOO', 'expPPP', 'expQQQ', 'expSSS', 'expTTT', 'expUUU', 'expVVV']
[2026-04-26 12:51:53]   ⏳ expNNN: step 110/125
[2026-04-26 12:51:53]   🔄 expOOO: training done, eval in progress...
[2026-04-26 12:51:53]   🔄 expPPP: training done, eval in progress...
[2026-04-26 12:51:53]   🔄 expQQQ: training done, eval in progress...
[2026-04-26 12:51:53]   🔄 expSSS: training done, eval in progress...
[2026-04-26 12:51:53]   🔄 expTTT: training done, eval in progress...
[2026-04-26 12:51:53]   ⏳ expUUU: step 115/189
[2026-04-26 12:51:53]   🔄 expVVV: training done, eval in progress...
[2026-04-26 12:53:53] Waiting... B10 missing=['expNNN', 'expOOO', 'expPPP', 'expSSS', 'expTTT', 'expUUU', 'expVVV']
[2026-04-26 12:53:53]   ⏳ expNNN: step 111/125
[2026-04-26 12:53:53]   🔄 expOOO: training done, eval in progress...
[2026-04-26 12:53:53]   🔄 expPPP: training done, eval in progress...
[2026-04-26 12:53:53]   ✓ expQQQ: F1=0.340  r8=0.54
[2026-04-26 12:53:53]   🔄 expSSS: training done, eval in progress...
[2026-04-26 12:53:53]   🔄 expTTT: training done, eval in progress...
[2026-04-26 12:53:53]   ⏳ expUUU: step 117/189
[2026-04-26 12:53:53]   🔄 expVVV: training done, eval in progress...
[2026-04-26 12:55:53] Waiting... B10 missing=['expNNN', 'expOOO', 'expPPP', 'expSSS', 'expTTT', 'expUUU', 'expVVV']
[2026-04-26 12:55:53]   ⏳ expNNN: step 112/125
[2026-04-26 12:55:53]   🔄 expOOO: training done, eval in progress...
[2026-04-26 12:55:53]   🔄 expPPP: training done, eval in progress...
[2026-04-26 12:55:53]   ✓ expQQQ: F1=0.340  r8=0.54
[2026-04-26 12:55:53]   🔄 expSSS: training done, eval in progress...
[2026-04-26 12:55:53]   🔄 expTTT: training done, eval in progress...
[2026-04-26 12:55:53]   ⏳ expUUU: step 118/189
[2026-04-26 12:55:53]   🔄 expVVV: training done, eval in progress...
[2026-04-26 12:57:53] Waiting... B10 missing=['expNNN', 'expOOO', 'expPPP', 'expSSS', 'expTTT', 'expUUU', 'expVVV']
[2026-04-26 12:57:53]   ⏳ expNNN: step 114/125
[2026-04-26 12:57:53]   🔄 expOOO: training done, eval in progress...
[2026-04-26 12:57:53]   🔄 expPPP: training done, eval in progress...
[2026-04-26 12:57:53]   ✓ expQQQ: F1=0.340  r8=0.54
[2026-04-26 12:57:53]   🔄 expSSS: training done, eval in progress...
[2026-04-26 12:57:53]   🔄 expTTT: training done, eval in progress...
[2026-04-26 12:57:53]   ⏳ expUUU: step 119/189
[2026-04-26 12:57:53]   🔄 expVVV: training done, eval in progress...
[2026-04-26 12:59:54] Waiting... B10 missing=['expNNN', 'expOOO', 'expPPP', 'expSSS', 'expTTT', 'expUUU', 'expVVV']
[2026-04-26 12:59:54]   ⏳ expNNN: step 115/125
[2026-04-26 12:59:54]   🔄 expOOO: training done, eval in progress...
[2026-04-26 12:59:54]   🔄 expPPP: training done, eval in progress...
[2026-04-26 12:59:54]   ✓ expQQQ: F1=0.340  r8=0.54
[2026-04-26 12:59:54]   🔄 expSSS: training done, eval in progress...
[2026-04-26 12:59:54]   🔄 expTTT: training done, eval in progress...
[2026-04-26 12:59:54]   ⏳ expUUU: step 121/189
[2026-04-26 12:59:54]   🔄 expVVV: training done, eval in progress...
[2026-04-26 13:01:54] Waiting... B10 missing=['expNNN', 'expOOO', 'expPPP', 'expSSS', 'expTTT', 'expUUU', 'expVVV']
[2026-04-26 13:01:54]   ⏳ expNNN: step 116/125
[2026-04-26 13:01:54]   🔄 expOOO: training done, eval in progress...
[2026-04-26 13:01:54]   🔄 expPPP: training done, eval in progress...
[2026-04-26 13:01:54]   ✓ expQQQ: F1=0.340  r8=0.54
[2026-04-26 13:01:54]   🔄 expSSS: training done, eval in progress...
[2026-04-26 13:01:54]   🔄 expTTT: training done, eval in progress...
[2026-04-26 13:01:54]   ⏳ expUUU: step 122/189
[2026-04-26 13:01:54]   🔄 expVVV: training done, eval in progress...
[2026-04-26 13:03:54] Waiting... B10 missing=['expNNN', 'expOOO', 'expPPP', 'expSSS', 'expTTT', 'expUUU', 'expVVV']
[2026-04-26 13:03:54]   ⏳ expNNN: step 117/125
[2026-04-26 13:03:54]   🔄 expOOO: training done, eval in progress...
[2026-04-26 13:03:54]   🔄 expPPP: training done, eval in progress...
[2026-04-26 13:03:54]   ✓ expQQQ: F1=0.340  r8=0.54
[2026-04-26 13:03:54]   🔄 expSSS: training done, eval in progress...
[2026-04-26 13:03:54]   🔄 expTTT: training done, eval in progress...
[2026-04-26 13:03:54]   ⏳ expUUU: step 124/189
[2026-04-26 13:03:54]   🔄 expVVV: training done, eval in progress...
[2026-04-26 13:05:54] Waiting... B10 missing=['expNNN', 'expOOO', 'expPPP', 'expSSS', 'expTTT', 'expUUU', 'expVVV']
[2026-04-26 13:05:54]   ⏳ expNNN: step 119/125
[2026-04-26 13:05:54]   🔄 expOOO: training done, eval in progress...
[2026-04-26 13:05:54]   🔄 expPPP: training done, eval in progress...
[2026-04-26 13:05:54]   ✓ expQQQ: F1=0.340  r8=0.54
[2026-04-26 13:05:54]   🔄 expSSS: training done, eval in progress...
[2026-04-26 13:05:54]   🔄 expTTT: training done, eval in progress...
[2026-04-26 13:05:54]   ⏳ expUUU: step 126/189
[2026-04-26 13:05:54]   🔄 expVVV: training done, eval in progress...
[2026-04-26 13:07:54] Waiting... B10 missing=['expNNN', 'expOOO', 'expPPP', 'expSSS', 'expTTT', 'expUUU', 'expVVV']
[2026-04-26 13:07:54]   ⏳ expNNN: step 120/125
[2026-04-26 13:07:54]   🔄 expOOO: training done, eval in progress...
[2026-04-26 13:07:54]   🔄 expPPP: training done, eval in progress...
[2026-04-26 13:07:54]   ✓ expQQQ: F1=0.340  r8=0.54
[2026-04-26 13:07:54]   🔄 expSSS: training done, eval in progress...
[2026-04-26 13:07:55]   🔄 expTTT: training done, eval in progress...
[2026-04-26 13:07:55]   ⏳ expUUU: step 127/189
[2026-04-26 13:07:55]   🔄 expVVV: training done, eval in progress...
[2026-04-26 13:09:55] Waiting... B10 missing=['expNNN', 'expOOO', 'expPPP', 'expSSS', 'expTTT', 'expUUU', 'expVVV']
[2026-04-26 13:09:55]   ⏳ expNNN: step 121/125
[2026-04-26 13:09:55]   🔄 expOOO: training done, eval in progress...
[2026-04-26 13:09:55]   🔄 expPPP: training done, eval in progress...
[2026-04-26 13:09:55]   ✓ expQQQ: F1=0.340  r8=0.54
[2026-04-26 13:09:55]   🔄 expSSS: training done, eval in progress...
[2026-04-26 13:09:55]   🔄 expTTT: training done, eval in progress...
[2026-04-26 13:09:55]   ⏳ expUUU: step 128/189
[2026-04-26 13:09:55]   🔄 expVVV: training done, eval in progress...
[2026-04-26 13:11:55] Waiting... B10 missing=['expNNN', 'expOOO', 'expPPP', 'expSSS', 'expTTT', 'expUUU', 'expVVV']
[2026-04-26 13:11:55]   ⏳ expNNN: step 123/125
[2026-04-26 13:11:55]   🔄 expOOO: training done, eval in progress...
[2026-04-26 13:11:55]   🔄 expPPP: training done, eval in progress...
[2026-04-26 13:11:55]   ✓ expQQQ: F1=0.340  r8=0.54
[2026-04-26 13:11:55]   🔄 expSSS: training done, eval in progress...
[2026-04-26 13:11:55]   🔄 expTTT: training done, eval in progress...
[2026-04-26 13:11:55]   ⏳ expUUU: step 130/189
[2026-04-26 13:11:55]   🔄 expVVV: training done, eval in progress...
[2026-04-26 13:13:55] Waiting... B10 missing=['expNNN', 'expOOO', 'expPPP', 'expSSS', 'expTTT', 'expUUU', 'expVVV']
[2026-04-26 13:13:55]   ⏳ expNNN: step 124/125
[2026-04-26 13:13:55]   🔄 expOOO: training done, eval in progress...
[2026-04-26 13:13:55]   🔄 expPPP: training done, eval in progress...
[2026-04-26 13:13:55]   ✓ expQQQ: F1=0.340  r8=0.54
[2026-04-26 13:13:55]   🔄 expSSS: training done, eval in progress...
[2026-04-26 13:13:55]   🔄 expTTT: training done, eval in progress...
[2026-04-26 13:13:55]   ⏳ expUUU: step 131/189
[2026-04-26 13:13:55]   🔄 expVVV: training done, eval in progress...
[2026-04-26 13:15:55] Waiting... B10 missing=['expNNN', 'expOOO', 'expPPP', 'expSSS', 'expTTT', 'expUUU', 'expVVV']
[2026-04-26 13:15:55]   🔄 expNNN: training done, eval in progress...
[2026-04-26 13:15:55]   🔄 expOOO: training done, eval in progress...
[2026-04-26 13:15:55]   🔄 expPPP: training done, eval in progress...
[2026-04-26 13:15:55]   ✓ expQQQ: F1=0.340  r8=0.54
[2026-04-26 13:15:55]   🔄 expSSS: training done, eval in progress...
[2026-04-26 13:15:55]   🔄 expTTT: training done, eval in progress...
[2026-04-26 13:15:55]   ⏳ expUUU: step 132/189
[2026-04-26 13:15:55]   🔄 expVVV: training done, eval in progress...
[2026-04-26 13:17:55] Waiting... B10 missing=['expNNN', 'expOOO', 'expPPP', 'expSSS', 'expTTT', 'expUUU', 'expVVV']
[2026-04-26 13:17:55]   🔄 expNNN: training done, eval in progress...
[2026-04-26 13:17:55]   🔄 expOOO: training done, eval in progress...
[2026-04-26 13:17:55]   🔄 expPPP: training done, eval in progress...
[2026-04-26 13:17:55]   ✓ expQQQ: F1=0.340  r8=0.54
[2026-04-26 13:17:55]   🔄 expSSS: training done, eval in progress...
[2026-04-26 13:17:55]   🔄 expTTT: training done, eval in progress...
[2026-04-26 13:17:55]   ⏳ expUUU: step 134/189
[2026-04-26 13:17:55]   🔄 expVVV: training done, eval in progress...
[2026-04-26 13:19:55] Waiting... B10 missing=['expNNN', 'expOOO', 'expPPP', 'expSSS', 'expTTT', 'expUUU', 'expVVV']
[2026-04-26 13:19:55]   🔄 expNNN: training done, eval in progress...
[2026-04-26 13:19:55]   🔄 expOOO: training done, eval in progress...
[2026-04-26 13:19:55]   🔄 expPPP: training done, eval in progress...
[2026-04-26 13:19:55]   ✓ expQQQ: F1=0.340  r8=0.54
[2026-04-26 13:19:55]   🔄 expSSS: training done, eval in progress...
[2026-04-26 13:19:55]   🔄 expTTT: training done, eval in progress...
[2026-04-26 13:19:55]   ⏳ expUUU: step 135/189
[2026-04-26 13:19:55]   🔄 expVVV: training done, eval in progress...
[2026-04-26 13:21:56] Waiting... B10 missing=['expNNN', 'expOOO', 'expPPP', 'expSSS', 'expTTT', 'expUUU', 'expVVV']
[2026-04-26 13:21:56]   🔄 expNNN: training done, eval in progress...
[2026-04-26 13:21:56]   🔄 expOOO: training done, eval in progress...
[2026-04-26 13:21:56]   🔄 expPPP: training done, eval in progress...
[2026-04-26 13:21:56]   ✓ expQQQ: F1=0.340  r8=0.54
[2026-04-26 13:21:56]   🔄 expSSS: training done, eval in progress...
[2026-04-26 13:21:56]   🔄 expTTT: training done, eval in progress...
[2026-04-26 13:21:56]   ⏳ expUUU: step 136/189
[2026-04-26 13:21:56]   🔄 expVVV: training done, eval in progress...
[2026-04-26 13:23:56] Waiting... B10 missing=['expNNN', 'expOOO', 'expPPP', 'expSSS', 'expTTT', 'expUUU', 'expVVV']
[2026-04-26 13:23:56]   🔄 expNNN: training done, eval in progress...
[2026-04-26 13:23:56]   🔄 expOOO: training done, eval in progress...
[2026-04-26 13:23:56]   🔄 expPPP: training done, eval in progress...
[2026-04-26 13:23:56]   ✓ expQQQ: F1=0.340  r8=0.54
[2026-04-26 13:23:56]   🔄 expSSS: training done, eval in progress...
[2026-04-26 13:23:56]   🔄 expTTT: training done, eval in progress...
[2026-04-26 13:23:56]   ⏳ expUUU: step 138/189
[2026-04-26 13:23:56]   🔄 expVVV: training done, eval in progress...
[2026-04-26 13:25:56] Waiting... B10 missing=['expNNN', 'expOOO', 'expPPP', 'expSSS', 'expTTT', 'expUUU', 'expVVV']
[2026-04-26 13:25:56]   🔄 expNNN: training done, eval in progress...
[2026-04-26 13:25:56]   🔄 expOOO: training done, eval in progress...
[2026-04-26 13:25:56]   🔄 expPPP: training done, eval in progress...
[2026-04-26 13:25:56]   ✓ expQQQ: F1=0.340  r8=0.54
[2026-04-26 13:25:56]   🔄 expSSS: training done, eval in progress...
[2026-04-26 13:25:56]   🔄 expTTT: training done, eval in progress...
[2026-04-26 13:25:56]   ⏳ expUUU: step 139/189
[2026-04-26 13:25:56]   🔄 expVVV: training done, eval in progress...
[2026-04-26 13:27:56] Waiting... B10 missing=['expNNN', 'expOOO', 'expPPP', 'expSSS', 'expTTT', 'expUUU', 'expVVV']
[2026-04-26 13:27:56]   🔄 expNNN: training done, eval in progress...
[2026-04-26 13:27:56]   🔄 expOOO: training done, eval in progress...
[2026-04-26 13:27:56]   🔄 expPPP: training done, eval in progress...
[2026-04-26 13:27:56]   ✓ expQQQ: F1=0.340  r8=0.54
[2026-04-26 13:27:56]   🔄 expSSS: training done, eval in progress...
[2026-04-26 13:27:56]   🔄 expTTT: training done, eval in progress...
[2026-04-26 13:27:56]   ⏳ expUUU: step 140/189
[2026-04-26 13:27:56]   🔄 expVVV: training done, eval in progress...
[2026-04-26 13:29:56] Waiting... B10 missing=['expNNN', 'expOOO', 'expPPP', 'expSSS', 'expTTT', 'expUUU', 'expVVV']
[2026-04-26 13:29:56]   🔄 expNNN: training done, eval in progress...
[2026-04-26 13:29:56]   🔄 expOOO: training done, eval in progress...
[2026-04-26 13:29:56]   🔄 expPPP: training done, eval in progress...
[2026-04-26 13:29:56]   ✓ expQQQ: F1=0.340  r8=0.54
[2026-04-26 13:29:56]   🔄 expSSS: training done, eval in progress...
[2026-04-26 13:29:56]   🔄 expTTT: training done, eval in progress...
[2026-04-26 13:29:56]   ⏳ expUUU: step 142/189
[2026-04-26 13:29:56]   🔄 expVVV: training done, eval in progress...
[2026-04-26 13:31:56] Waiting... B10 missing=['expNNN', 'expOOO', 'expPPP', 'expSSS', 'expTTT', 'expUUU', 'expVVV']
[2026-04-26 13:31:56]   🔄 expNNN: training done, eval in progress...
[2026-04-26 13:31:57]   🔄 expOOO: training done, eval in progress...
[2026-04-26 13:31:57]   🔄 expPPP: training done, eval in progress...
[2026-04-26 13:31:57]   ✓ expQQQ: F1=0.340  r8=0.54
[2026-04-26 13:31:57]   🔄 expSSS: training done, eval in progress...
[2026-04-26 13:31:57]   🔄 expTTT: training done, eval in progress...
[2026-04-26 13:31:57]   ⏳ expUUU: step 143/189
[2026-04-26 13:31:57]   🔄 expVVV: training done, eval in progress...
[2026-04-26 13:33:57] Waiting... B10 missing=['expNNN', 'expOOO', 'expPPP', 'expSSS', 'expTTT', 'expUUU', 'expVVV']
[2026-04-26 13:33:57]   🔄 expNNN: training done, eval in progress...
[2026-04-26 13:33:57]   🔄 expOOO: training done, eval in progress...
[2026-04-26 13:33:57]   🔄 expPPP: training done, eval in progress...
[2026-04-26 13:33:57]   ✓ expQQQ: F1=0.340  r8=0.54
[2026-04-26 13:33:57]   🔄 expSSS: training done, eval in progress...
[2026-04-26 13:33:57]   🔄 expTTT: training done, eval in progress...
[2026-04-26 13:33:57]   ⏳ expUUU: step 145/189
[2026-04-26 13:33:57]   🔄 expVVV: training done, eval in progress...
[2026-04-26 13:35:57] Waiting... B10 missing=['expNNN', 'expOOO', 'expPPP', 'expSSS', 'expTTT', 'expUUU', 'expVVV']
[2026-04-26 13:35:57]   🔄 expNNN: training done, eval in progress...
[2026-04-26 13:35:57]   🔄 expOOO: training done, eval in progress...
[2026-04-26 13:35:57]   🔄 expPPP: training done, eval in progress...
[2026-04-26 13:35:57]   ✓ expQQQ: F1=0.340  r8=0.54
[2026-04-26 13:35:57]   🔄 expSSS: training done, eval in progress...
[2026-04-26 13:35:57]   🔄 expTTT: training done, eval in progress...
[2026-04-26 13:35:57]   ⏳ expUUU: step 146/189
[2026-04-26 13:35:57]   🔄 expVVV: training done, eval in progress...
[2026-04-26 13:37:57] Waiting... B10 missing=['expNNN', 'expOOO', 'expPPP', 'expSSS', 'expTTT', 'expUUU', 'expVVV']
[2026-04-26 13:37:57]   🔄 expNNN: training done, eval in progress...
[2026-04-26 13:37:57]   🔄 expOOO: training done, eval in progress...
[2026-04-26 13:37:57]   🔄 expPPP: training done, eval in progress...
[2026-04-26 13:37:57]   ✓ expQQQ: F1=0.340  r8=0.54
[2026-04-26 13:37:57]   🔄 expSSS: training done, eval in progress...
[2026-04-26 13:37:57]   🔄 expTTT: training done, eval in progress...
[2026-04-26 13:37:57]   ⏳ expUUU: step 147/189
[2026-04-26 13:37:57]   🔄 expVVV: training done, eval in progress...
[2026-04-26 13:39:57] Waiting... B10 missing=['expNNN', 'expOOO', 'expPPP', 'expSSS', 'expTTT', 'expUUU', 'expVVV']
[2026-04-26 13:39:57]   🔄 expNNN: training done, eval in progress...
[2026-04-26 13:39:57]   🔄 expOOO: training done, eval in progress...
[2026-04-26 13:39:57]   🔄 expPPP: training done, eval in progress...
[2026-04-26 13:39:57]   ✓ expQQQ: F1=0.340  r8=0.54
[2026-04-26 13:39:57]   🔄 expSSS: training done, eval in progress...
[2026-04-26 13:39:57]   🔄 expTTT: training done, eval in progress...
[2026-04-26 13:39:57]   ⏳ expUUU: step 149/189
[2026-04-26 13:39:57]   🔄 expVVV: training done, eval in progress...
[2026-04-26 13:41:57] Waiting... B10 missing=['expNNN', 'expOOO', 'expPPP', 'expSSS', 'expTTT', 'expUUU', 'expVVV']
[2026-04-26 13:41:57]   🔄 expNNN: training done, eval in progress...
[2026-04-26 13:41:57]   🔄 expOOO: training done, eval in progress...
[2026-04-26 13:41:57]   🔄 expPPP: training done, eval in progress...
[2026-04-26 13:41:57]   ✓ expQQQ: F1=0.340  r8=0.54
[2026-04-26 13:41:57]   🔄 expSSS: training done, eval in progress...
[2026-04-26 13:41:57]   🔄 expTTT: training done, eval in progress...
[2026-04-26 13:41:57]   ⏳ expUUU: step 150/189
[2026-04-26 13:41:57]   🔄 expVVV: training done, eval in progress...
[2026-04-26 13:43:57] Waiting... B10 missing=['expNNN', 'expOOO', 'expPPP', 'expSSS', 'expTTT', 'expUUU', 'expVVV']
[2026-04-26 13:43:58]   🔄 expNNN: training done, eval in progress...
[2026-04-26 13:43:58]   🔄 expOOO: training done, eval in progress...
[2026-04-26 13:43:58]   🔄 expPPP: training done, eval in progress...
[2026-04-26 13:43:58]   ✓ expQQQ: F1=0.340  r8=0.54
[2026-04-26 13:43:58]   🔄 expSSS: training done, eval in progress...
[2026-04-26 13:43:58]   🔄 expTTT: training done, eval in progress...
[2026-04-26 13:43:58]   ⏳ expUUU: step 151/189
[2026-04-26 13:43:58]   🔄 expVVV: training done, eval in progress...
[2026-04-26 13:45:58] Waiting... B10 missing=['expNNN', 'expOOO', 'expPPP', 'expSSS', 'expTTT', 'expUUU', 'expVVV']
[2026-04-26 13:45:58]   🔄 expNNN: training done, eval in progress...
[2026-04-26 13:45:58]   🔄 expOOO: training done, eval in progress...
[2026-04-26 13:45:58]   🔄 expPPP: training done, eval in progress...
[2026-04-26 13:45:58]   ✓ expQQQ: F1=0.340  r8=0.54
[2026-04-26 13:45:58]   🔄 expSSS: training done, eval in progress...
[2026-04-26 13:45:58]   🔄 expTTT: training done, eval in progress...
[2026-04-26 13:45:58]   ⏳ expUUU: step 153/189
[2026-04-26 13:45:58]   🔄 expVVV: training done, eval in progress...
[2026-04-26 13:47:58] Waiting... B10 missing=['expNNN', 'expOOO', 'expPPP', 'expSSS', 'expTTT', 'expUUU', 'expVVV']
[2026-04-26 13:47:58]   🔄 expNNN: training done, eval in progress...
[2026-04-26 13:47:58]   🔄 expOOO: training done, eval in progress...
[2026-04-26 13:47:58]   🔄 expPPP: training done, eval in progress...
[2026-04-26 13:47:58]   ✓ expQQQ: F1=0.340  r8=0.54
[2026-04-26 13:47:58]   🔄 expSSS: training done, eval in progress...
[2026-04-26 13:47:58]   🔄 expTTT: training done, eval in progress...
[2026-04-26 13:47:58]   ⏳ expUUU: step 154/189
[2026-04-26 13:47:58]   🔄 expVVV: training done, eval in progress...
[2026-04-26 13:49:58] Waiting... B10 missing=['expNNN', 'expOOO', 'expPPP', 'expSSS', 'expTTT', 'expUUU', 'expVVV']
[2026-04-26 13:49:58]   🔄 expNNN: training done, eval in progress...
[2026-04-26 13:49:58]   🔄 expOOO: training done, eval in progress...
[2026-04-26 13:49:58]   🔄 expPPP: training done, eval in progress...
[2026-04-26 13:49:58]   ✓ expQQQ: F1=0.340  r8=0.54
[2026-04-26 13:49:58]   🔄 expSSS: training done, eval in progress...
[2026-04-26 13:49:58]   🔄 expTTT: training done, eval in progress...
[2026-04-26 13:49:58]   ⏳ expUUU: step 156/189
[2026-04-26 13:49:58]   🔄 expVVV: training done, eval in progress...
[2026-04-26 13:51:58] Waiting... B10 missing=['expNNN', 'expOOO', 'expPPP', 'expSSS', 'expTTT', 'expUUU', 'expVVV']
[2026-04-26 13:51:58]   🔄 expNNN: training done, eval in progress...
[2026-04-26 13:51:58]   🔄 expOOO: training done, eval in progress...
[2026-04-26 13:51:58]   🔄 expPPP: training done, eval in progress...
[2026-04-26 13:51:58]   ✓ expQQQ: F1=0.340  r8=0.54
[2026-04-26 13:51:58]   🔄 expSSS: training done, eval in progress...
[2026-04-26 13:51:58]   🔄 expTTT: training done, eval in progress...
[2026-04-26 13:51:58]   ⏳ expUUU: step 157/189
[2026-04-26 13:51:58]   🔄 expVVV: training done, eval in progress...
[2026-04-26 13:53:58] Waiting... B10 missing=['expNNN', 'expOOO', 'expPPP', 'expSSS', 'expTTT', 'expUUU', 'expVVV']
[2026-04-26 13:53:58]   🔄 expNNN: training done, eval in progress...
[2026-04-26 13:53:58]   🔄 expOOO: training done, eval in progress...
[2026-04-26 13:53:58]   🔄 expPPP: training done, eval in progress...
[2026-04-26 13:53:58]   ✓ expQQQ: F1=0.340  r8=0.54
[2026-04-26 13:53:58]   🔄 expSSS: training done, eval in progress...
[2026-04-26 13:53:58]   🔄 expTTT: training done, eval in progress...
[2026-04-26 13:53:58]   ⏳ expUUU: step 158/189
[2026-04-26 13:53:58]   🔄 expVVV: training done, eval in progress...
[2026-04-26 13:55:59] Waiting... B10 missing=['expNNN', 'expOOO', 'expPPP', 'expSSS', 'expTTT', 'expUUU', 'expVVV']
[2026-04-26 13:55:59]   🔄 expNNN: training done, eval in progress...
[2026-04-26 13:55:59]   🔄 expOOO: training done, eval in progress...
[2026-04-26 13:55:59]   🔄 expPPP: training done, eval in progress...
[2026-04-26 13:55:59]   ✓ expQQQ: F1=0.340  r8=0.54
[2026-04-26 13:55:59]   🔄 expSSS: training done, eval in progress...
[2026-04-26 13:55:59]   🔄 expTTT: training done, eval in progress...
[2026-04-26 13:55:59]   ⏳ expUUU: step 160/189
[2026-04-26 13:55:59]   🔄 expVVV: training done, eval in progress...
[2026-04-26 13:57:59] Waiting... B10 missing=['expNNN', 'expOOO', 'expPPP', 'expSSS', 'expTTT', 'expUUU', 'expVVV']
[2026-04-26 13:57:59]   🔄 expNNN: training done, eval in progress...
[2026-04-26 13:57:59]   🔄 expOOO: training done, eval in progress...
[2026-04-26 13:57:59]   🔄 expPPP: training done, eval in progress...
[2026-04-26 13:57:59]   ✓ expQQQ: F1=0.340  r8=0.54
[2026-04-26 13:57:59]   🔄 expSSS: training done, eval in progress...
[2026-04-26 13:57:59]   🔄 expTTT: training done, eval in progress...
[2026-04-26 13:57:59]   ⏳ expUUU: step 161/189
[2026-04-26 13:57:59]   🔄 expVVV: training done, eval in progress...
[2026-04-26 13:59:59] Waiting... B10 missing=['expNNN', 'expOOO', 'expPPP', 'expSSS', 'expTTT', 'expUUU', 'expVVV']
[2026-04-26 13:59:59]   🔄 expNNN: training done, eval in progress...
[2026-04-26 13:59:59]   🔄 expOOO: training done, eval in progress...
[2026-04-26 13:59:59]   🔄 expPPP: training done, eval in progress...
[2026-04-26 13:59:59]   ✓ expQQQ: F1=0.340  r8=0.54
[2026-04-26 13:59:59]   🔄 expSSS: training done, eval in progress...
[2026-04-26 13:59:59]   🔄 expTTT: training done, eval in progress...
[2026-04-26 13:59:59]   ⏳ expUUU: step 162/189
[2026-04-26 13:59:59]   🔄 expVVV: training done, eval in progress...
[2026-04-26 14:01:59] Waiting... B10 missing=['expNNN', 'expOOO', 'expPPP', 'expSSS', 'expTTT', 'expUUU', 'expVVV']
[2026-04-26 14:01:59]   🔄 expNNN: training done, eval in progress...
[2026-04-26 14:01:59]   🔄 expOOO: training done, eval in progress...
[2026-04-26 14:01:59]   🔄 expPPP: training done, eval in progress...
[2026-04-26 14:01:59]   ✓ expQQQ: F1=0.340  r8=0.54
[2026-04-26 14:01:59]   🔄 expSSS: training done, eval in progress...
[2026-04-26 14:01:59]   🔄 expTTT: training done, eval in progress...
[2026-04-26 14:01:59]   ⏳ expUUU: step 164/189
[2026-04-26 14:01:59]   🔄 expVVV: training done, eval in progress...
[2026-04-26 14:03:59] Waiting... B10 missing=['expNNN', 'expOOO', 'expPPP', 'expSSS', 'expTTT', 'expUUU', 'expVVV']
[2026-04-26 14:03:59]   🔄 expNNN: training done, eval in progress...
[2026-04-26 14:03:59]   🔄 expOOO: training done, eval in progress...
[2026-04-26 14:03:59]   🔄 expPPP: training done, eval in progress...
[2026-04-26 14:03:59]   ✓ expQQQ: F1=0.340  r8=0.54
[2026-04-26 14:03:59]   🔄 expSSS: training done, eval in progress...
[2026-04-26 14:03:59]   🔄 expTTT: training done, eval in progress...
[2026-04-26 14:03:59]   ⏳ expUUU: step 165/189
[2026-04-26 14:03:59]   🔄 expVVV: training done, eval in progress...
[2026-04-26 14:06:00] Waiting... B10 missing=['expNNN', 'expOOO', 'expPPP', 'expSSS', 'expTTT', 'expUUU', 'expVVV']
[2026-04-26 14:06:00]   🔄 expNNN: training done, eval in progress...
[2026-04-26 14:06:00]   🔄 expOOO: training done, eval in progress...
[2026-04-26 14:06:00]   🔄 expPPP: training done, eval in progress...
[2026-04-26 14:06:00]   ✓ expQQQ: F1=0.340  r8=0.54
[2026-04-26 14:06:00]   🔄 expSSS: training done, eval in progress...
[2026-04-26 14:06:00]   🔄 expTTT: training done, eval in progress...
[2026-04-26 14:06:00]   ⏳ expUUU: step 166/189
[2026-04-26 14:06:00]   🔄 expVVV: training done, eval in progress...
[2026-04-26 14:08:00] Waiting... B10 missing=['expNNN', 'expPPP', 'expSSS', 'expTTT', 'expUUU', 'expVVV']
[2026-04-26 14:08:00]   🔄 expNNN: training done, eval in progress...
[2026-04-26 14:08:00]   ✓ expOOO: F1=0.352  r8=0.69
[2026-04-26 14:08:00]   🔄 expPPP: training done, eval in progress...
[2026-04-26 14:08:00]   ✓ expQQQ: F1=0.340  r8=0.54
[2026-04-26 14:08:00]   🔄 expSSS: training done, eval in progress...
[2026-04-26 14:08:00]   🔄 expTTT: training done, eval in progress...
[2026-04-26 14:08:00]   ⏳ expUUU: step 168/189
[2026-04-26 14:08:00]   🔄 expVVV: training done, eval in progress...
[2026-04-26 14:10:00] Waiting... B10 missing=['expNNN', 'expPPP', 'expSSS', 'expTTT', 'expUUU', 'expVVV']
[2026-04-26 14:10:00]   🔄 expNNN: training done, eval in progress...
[2026-04-26 14:10:00]   ✓ expOOO: F1=0.352  r8=0.69
[2026-04-26 14:10:00]   🔄 expPPP: training done, eval in progress...
[2026-04-26 14:10:00]   ✓ expQQQ: F1=0.340  r8=0.54
[2026-04-26 14:10:00]   🔄 expSSS: training done, eval in progress...
[2026-04-26 14:10:00]   🔄 expTTT: training done, eval in progress...
[2026-04-26 14:10:00]   ⏳ expUUU: step 169/189
[2026-04-26 14:10:00]   🔄 expVVV: training done, eval in progress...
[2026-04-26 14:12:00] Waiting... B10 missing=['expNNN', 'expPPP', 'expSSS', 'expTTT', 'expUUU']
[2026-04-26 14:12:00]   🔄 expNNN: training done, eval in progress...
[2026-04-26 14:12:00]   ✓ expOOO: F1=0.335  r8=0.77
[2026-04-26 14:12:00]   🔄 expPPP: training done, eval in progress...
[2026-04-26 14:12:00]   ✓ expQQQ: F1=0.340  r8=0.54
[2026-04-26 14:12:00]   🔄 expSSS: training done, eval in progress...
[2026-04-26 14:12:00]   🔄 expTTT: training done, eval in progress...
[2026-04-26 14:12:00]   ⏳ expUUU: step 171/189
[2026-04-26 14:12:00]   ✓ expVVV: F1=0.413  r8=0.92
[2026-04-26 14:14:00] Waiting... B10 missing=['expNNN', 'expPPP', 'expSSS', 'expTTT', 'expUUU']
[2026-04-26 14:14:00]   🔄 expNNN: training done, eval in progress...
[2026-04-26 14:14:00]   ✓ expOOO: F1=0.335  r8=0.77
[2026-04-26 14:14:00]   🔄 expPPP: training done, eval in progress...
[2026-04-26 14:14:00]   ✓ expQQQ: F1=0.340  r8=0.54
[2026-04-26 14:14:00]   🔄 expSSS: training done, eval in progress...
[2026-04-26 14:14:00]   🔄 expTTT: training done, eval in progress...
[2026-04-26 14:14:00]   ⏳ expUUU: step 172/189
[2026-04-26 14:14:00]   ✓ expVVV: F1=0.413  r8=0.92
[2026-04-26 14:16:00] Waiting... B10 missing=['expNNN', 'expPPP', 'expTTT', 'expUUU']
[2026-04-26 14:16:00]   🔄 expNNN: training done, eval in progress...
[2026-04-26 14:16:00]   ✓ expOOO: F1=0.335  r8=0.77
[2026-04-26 14:16:00]   🔄 expPPP: training done, eval in progress...
[2026-04-26 14:16:00]   ✓ expQQQ: F1=0.340  r8=0.54
[2026-04-26 14:16:00]   ✓ expSSS: F1=0.364  r8=0.77
[2026-04-26 14:16:00]   🔄 expTTT: training done, eval in progress...
[2026-04-26 14:16:00]   ⏳ expUUU: step 173/189
[2026-04-26 14:16:00]   ✓ expVVV: F1=0.413  r8=0.92
[2026-04-26 14:18:01] Waiting... B10 missing=['expNNN', 'expPPP', 'expTTT', 'expUUU']
[2026-04-26 14:18:01]   🔄 expNNN: training done, eval in progress...
[2026-04-26 14:18:01]   ✓ expOOO: F1=0.335  r8=0.77
[2026-04-26 14:18:01]   🔄 expPPP: training done, eval in progress...
[2026-04-26 14:18:01]   ✓ expQQQ: F1=0.340  r8=0.54
[2026-04-26 14:18:01]   ✓ expSSS: F1=0.364  r8=0.77
[2026-04-26 14:18:01]   🔄 expTTT: training done, eval in progress...
[2026-04-26 14:18:01]   ⏳ expUUU: step 175/189
[2026-04-26 14:18:01]   ✓ expVVV: F1=0.413  r8=0.92
[2026-04-26 14:20:01] Waiting... B10 missing=['expNNN', 'expPPP', 'expTTT', 'expUUU']
[2026-04-26 14:20:01]   🔄 expNNN: training done, eval in progress...
[2026-04-26 14:20:01]   ✓ expOOO: F1=0.335  r8=0.77
[2026-04-26 14:20:01]   🔄 expPPP: training done, eval in progress...
[2026-04-26 14:20:01]   ✓ expQQQ: F1=0.340  r8=0.54
[2026-04-26 14:20:01]   ✓ expSSS: F1=0.364  r8=0.77
[2026-04-26 14:20:01]   🔄 expTTT: training done, eval in progress...
[2026-04-26 14:20:01]   ⏳ expUUU: step 176/189
[2026-04-26 14:20:01]   ✓ expVVV: F1=0.413  r8=0.92
[2026-04-26 14:22:01] Waiting... B10 missing=['expNNN', 'expPPP', 'expTTT', 'expUUU']
[2026-04-26 14:22:01]   🔄 expNNN: training done, eval in progress...
[2026-04-26 14:22:01]   ✓ expOOO: F1=0.335  r8=0.77
[2026-04-26 14:22:01]   🔄 expPPP: training done, eval in progress...
[2026-04-26 14:22:01]   ✓ expQQQ: F1=0.340  r8=0.54
[2026-04-26 14:22:01]   ✓ expSSS: F1=0.364  r8=0.77
[2026-04-26 14:22:01]   🔄 expTTT: training done, eval in progress...
[2026-04-26 14:22:01]   ⏳ expUUU: step 177/189
[2026-04-26 14:22:01]   ✓ expVVV: F1=0.413  r8=0.92
[2026-04-26 14:24:01] Waiting... B10 missing=['expNNN', 'expPPP', 'expTTT', 'expUUU']
[2026-04-26 14:24:01]   🔄 expNNN: training done, eval in progress...
[2026-04-26 14:24:01]   ✓ expOOO: F1=0.335  r8=0.77
[2026-04-26 14:24:01]   🔄 expPPP: training done, eval in progress...
[2026-04-26 14:24:01]   ✓ expQQQ: F1=0.340  r8=0.54
[2026-04-26 14:24:01]   ✓ expSSS: F1=0.364  r8=0.77
[2026-04-26 14:24:01]   🔄 expTTT: training done, eval in progress...
[2026-04-26 14:24:01]   ⏳ expUUU: step 179/189
[2026-04-26 14:24:01]   ✓ expVVV: F1=0.413  r8=0.92
[2026-04-26 14:26:01] Waiting... B10 missing=['expNNN', 'expTTT', 'expUUU']
[2026-04-26 14:26:01]   🔄 expNNN: training done, eval in progress...
[2026-04-26 14:26:01]   ✓ expOOO: F1=0.335  r8=0.77
[2026-04-26 14:26:01]   ✓ expPPP: F1=0.386  r8=0.69
[2026-04-26 14:26:01]   ✓ expQQQ: F1=0.340  r8=0.54
[2026-04-26 14:26:01]   ✓ expSSS: F1=0.364  r8=0.77
[2026-04-26 14:26:01]   🔄 expTTT: training done, eval in progress...
[2026-04-26 14:26:01]   ⏳ expUUU: step 180/189
[2026-04-26 14:26:01]   ✓ expVVV: F1=0.413  r8=0.92
[2026-04-26 14:28:01] Waiting... B10 missing=['expNNN', 'expTTT', 'expUUU']
[2026-04-26 14:28:01]   🔄 expNNN: training done, eval in progress...
[2026-04-26 14:28:01]   ✓ expOOO: F1=0.335  r8=0.77
[2026-04-26 14:28:01]   ✓ expPPP: F1=0.386  r8=0.69
[2026-04-26 14:28:01]   ✓ expQQQ: F1=0.340  r8=0.54
[2026-04-26 14:28:01]   ✓ expSSS: F1=0.364  r8=0.77
[2026-04-26 14:28:01]   🔄 expTTT: training done, eval in progress...
[2026-04-26 14:28:01]   ⏳ expUUU: step 181/189
[2026-04-26 14:28:01]   ✓ expVVV: F1=0.413  r8=0.92
[2026-04-26 14:30:02] Waiting... B10 missing=['expNNN', 'expTTT', 'expUUU']
[2026-04-26 14:30:02]   🔄 expNNN: training done, eval in progress...
[2026-04-26 14:30:02]   ✓ expOOO: F1=0.335  r8=0.77
[2026-04-26 14:30:02]   ✓ expPPP: F1=0.386  r8=0.69
[2026-04-26 14:30:02]   ✓ expQQQ: F1=0.340  r8=0.54
[2026-04-26 14:30:02]   ✓ expSSS: F1=0.364  r8=0.77
[2026-04-26 14:30:02]   🔄 expTTT: training done, eval in progress...
[2026-04-26 14:30:02]   ⏳ expUUU: step 183/189
[2026-04-26 14:30:02]   ✓ expVVV: F1=0.413  r8=0.92
[2026-04-26 14:32:02] Waiting... B10 missing=['expNNN', 'expTTT', 'expUUU']
[2026-04-26 14:32:02]   🔄 expNNN: training done, eval in progress...
[2026-04-26 14:32:02]   ✓ expOOO: F1=0.335  r8=0.77
[2026-04-26 14:32:02]   ✓ expPPP: F1=0.386  r8=0.69
[2026-04-26 14:32:02]   ✓ expQQQ: F1=0.340  r8=0.54
[2026-04-26 14:32:02]   ✓ expSSS: F1=0.364  r8=0.77
[2026-04-26 14:32:02]   🔄 expTTT: training done, eval in progress...
[2026-04-26 14:32:02]   ⏳ expUUU: step 184/189
[2026-04-26 14:32:02]   ✓ expVVV: F1=0.413  r8=0.92
[2026-04-26 14:34:02] Waiting... B10 missing=['expNNN', 'expTTT', 'expUUU']
[2026-04-26 14:34:02]   🔄 expNNN: training done, eval in progress...
[2026-04-26 14:34:02]   ✓ expOOO: F1=0.335  r8=0.77
[2026-04-26 14:34:02]   ✓ expPPP: F1=0.386  r8=0.69
[2026-04-26 14:34:02]   ✓ expQQQ: F1=0.340  r8=0.54
[2026-04-26 14:34:02]   ✓ expSSS: F1=0.364  r8=0.77
[2026-04-26 14:34:02]   🔄 expTTT: training done, eval in progress...
[2026-04-26 14:34:02]   ⏳ expUUU: step 186/189
[2026-04-26 14:34:02]   ✓ expVVV: F1=0.413  r8=0.92
[2026-04-26 14:36:02] Waiting... B10 missing=['expNNN', 'expTTT', 'expUUU']
[2026-04-26 14:36:02]   🔄 expNNN: training done, eval in progress...
[2026-04-26 14:36:02]   ✓ expOOO: F1=0.335  r8=0.77
[2026-04-26 14:36:02]   ✓ expPPP: F1=0.386  r8=0.69
[2026-04-26 14:36:02]   ✓ expQQQ: F1=0.340  r8=0.54
[2026-04-26 14:36:02]   ✓ expSSS: F1=0.364  r8=0.77
[2026-04-26 14:36:02]   🔄 expTTT: training done, eval in progress...
[2026-04-26 14:36:02]   ⏳ expUUU: step 187/189
[2026-04-26 14:36:02]   ✓ expVVV: F1=0.413  r8=0.92
[2026-04-26 14:38:02] Waiting... B10 missing=['expNNN', 'expTTT', 'expUUU']
[2026-04-26 14:38:02]   🔄 expNNN: training done, eval in progress...
[2026-04-26 14:38:02]   ✓ expOOO: F1=0.335  r8=0.77
[2026-04-26 14:38:02]   ✓ expPPP: F1=0.386  r8=0.69
[2026-04-26 14:38:02]   ✓ expQQQ: F1=0.340  r8=0.54
[2026-04-26 14:38:02]   ✓ expSSS: F1=0.364  r8=0.77
[2026-04-26 14:38:02]   🔄 expTTT: training done, eval in progress...
[2026-04-26 14:38:02]   🔄 expUUU: training done, eval in progress...
[2026-04-26 14:38:02]   ✓ expVVV: F1=0.413  r8=0.92
[2026-04-26 14:40:03] Waiting... B10 missing=['expNNN', 'expTTT', 'expUUU']
[2026-04-26 14:40:03]   🔄 expNNN: training done, eval in progress...
[2026-04-26 14:40:03]   ✓ expOOO: F1=0.335  r8=0.77
[2026-04-26 14:40:03]   ✓ expPPP: F1=0.386  r8=0.69
[2026-04-26 14:40:03]   ✓ expQQQ: F1=0.340  r8=0.54
[2026-04-26 14:40:03]   ✓ expSSS: F1=0.364  r8=0.77
[2026-04-26 14:40:03]   🔄 expTTT: training done, eval in progress...
[2026-04-26 14:40:03]   🔄 expUUU: training done, eval in progress...
[2026-04-26 14:40:03]   ✓ expVVV: F1=0.413  r8=0.92
[2026-04-26 14:42:03] Waiting... B10 missing=['expNNN', 'expTTT', 'expUUU']
[2026-04-26 14:42:03]   🔄 expNNN: training done, eval in progress...
[2026-04-26 14:42:03]   ✓ expOOO: F1=0.335  r8=0.77
[2026-04-26 14:42:03]   ✓ expPPP: F1=0.386  r8=0.69
[2026-04-26 14:42:03]   ✓ expQQQ: F1=0.340  r8=0.54
[2026-04-26 14:42:03]   ✓ expSSS: F1=0.364  r8=0.77
[2026-04-26 14:42:03]   🔄 expTTT: training done, eval in progress...
[2026-04-26 14:42:03]   🔄 expUUU: training done, eval in progress...
[2026-04-26 14:42:03]   ✓ expVVV: F1=0.413  r8=0.92
[2026-04-26 14:44:03] Waiting... B10 missing=['expNNN', 'expTTT', 'expUUU']
[2026-04-26 14:44:03]   🔄 expNNN: training done, eval in progress...
[2026-04-26 14:44:03]   ✓ expOOO: F1=0.335  r8=0.77
[2026-04-26 14:44:03]   ✓ expPPP: F1=0.386  r8=0.69
[2026-04-26 14:44:03]   ✓ expQQQ: F1=0.340  r8=0.54
[2026-04-26 14:44:03]   ✓ expSSS: F1=0.364  r8=0.77
[2026-04-26 14:44:03]   🔄 expTTT: training done, eval in progress...
[2026-04-26 14:44:03]   🔄 expUUU: training done, eval in progress...
[2026-04-26 14:44:03]   ✓ expVVV: F1=0.413  r8=0.92
[2026-04-26 14:46:03] Waiting... B10 missing=['expNNN', 'expTTT', 'expUUU']
[2026-04-26 14:46:03]   🔄 expNNN: training done, eval in progress...
[2026-04-26 14:46:03]   ✓ expOOO: F1=0.335  r8=0.77
[2026-04-26 14:46:03]   ✓ expPPP: F1=0.386  r8=0.69
[2026-04-26 14:46:03]   ✓ expQQQ: F1=0.340  r8=0.54
[2026-04-26 14:46:03]   ✓ expSSS: F1=0.364  r8=0.77
[2026-04-26 14:46:03]   🔄 expTTT: training done, eval in progress...
[2026-04-26 14:46:03]   🔄 expUUU: training done, eval in progress...
[2026-04-26 14:46:03]   ✓ expVVV: F1=0.413  r8=0.92
[2026-04-26 14:48:03] Waiting... B10 missing=['expNNN', 'expTTT', 'expUUU']
[2026-04-26 14:48:03]   🔄 expNNN: training done, eval in progress...
[2026-04-26 14:48:03]   ✓ expOOO: F1=0.335  r8=0.77
[2026-04-26 14:48:03]   ✓ expPPP: F1=0.386  r8=0.69
[2026-04-26 14:48:03]   ✓ expQQQ: F1=0.340  r8=0.54
[2026-04-26 14:48:03]   ✓ expSSS: F1=0.364  r8=0.77
[2026-04-26 14:48:03]   🔄 expTTT: training done, eval in progress...
[2026-04-26 14:48:03]   🔄 expUUU: training done, eval in progress...
[2026-04-26 14:48:03]   ✓ expVVV: F1=0.413  r8=0.92
[2026-04-26 14:50:03] Waiting... B10 missing=['expNNN', 'expTTT', 'expUUU']
[2026-04-26 14:50:03]   🔄 expNNN: training done, eval in progress...
[2026-04-26 14:50:03]   ✓ expOOO: F1=0.335  r8=0.77
[2026-04-26 14:50:03]   ✓ expPPP: F1=0.386  r8=0.69
[2026-04-26 14:50:03]   ✓ expQQQ: F1=0.340  r8=0.54
[2026-04-26 14:50:03]   ✓ expSSS: F1=0.364  r8=0.77
[2026-04-26 14:50:03]   🔄 expTTT: training done, eval in progress...
[2026-04-26 14:50:03]   🔄 expUUU: training done, eval in progress...
[2026-04-26 14:50:03]   ✓ expVVV: F1=0.413  r8=0.92
[2026-04-26 14:52:03] Waiting... B10 missing=['expNNN', 'expTTT', 'expUUU']
[2026-04-26 14:52:03]   🔄 expNNN: training done, eval in progress...
[2026-04-26 14:52:03]   ✓ expOOO: F1=0.335  r8=0.77
[2026-04-26 14:52:03]   ✓ expPPP: F1=0.386  r8=0.69
[2026-04-26 14:52:03]   ✓ expQQQ: F1=0.340  r8=0.54
[2026-04-26 14:52:03]   ✓ expSSS: F1=0.364  r8=0.77
[2026-04-26 14:52:03]   🔄 expTTT: training done, eval in progress...
[2026-04-26 14:52:03]   🔄 expUUU: training done, eval in progress...
[2026-04-26 14:52:03]   ✓ expVVV: F1=0.413  r8=0.92
[2026-04-26 14:54:04] Waiting... B10 missing=['expNNN', 'expTTT', 'expUUU']
[2026-04-26 14:54:04]   🔄 expNNN: training done, eval in progress...
[2026-04-26 14:54:04]   ✓ expOOO: F1=0.335  r8=0.77
[2026-04-26 14:54:04]   ✓ expPPP: F1=0.386  r8=0.69
[2026-04-26 14:54:04]   ✓ expQQQ: F1=0.340  r8=0.54
[2026-04-26 14:54:04]   ✓ expSSS: F1=0.364  r8=0.77
[2026-04-26 14:54:04]   🔄 expTTT: training done, eval in progress...
[2026-04-26 14:54:04]   🔄 expUUU: training done, eval in progress...
[2026-04-26 14:54:04]   ✓ expVVV: F1=0.413  r8=0.92
[2026-04-26 14:56:04] Waiting... B10 missing=['expNNN', 'expTTT', 'expUUU']
[2026-04-26 14:56:04]   🔄 expNNN: training done, eval in progress...
[2026-04-26 14:56:04]   ✓ expOOO: F1=0.335  r8=0.77
[2026-04-26 14:56:04]   ✓ expPPP: F1=0.386  r8=0.69
[2026-04-26 14:56:04]   ✓ expQQQ: F1=0.340  r8=0.54
[2026-04-26 14:56:04]   ✓ expSSS: F1=0.364  r8=0.77
[2026-04-26 14:56:04]   🔄 expTTT: training done, eval in progress...
[2026-04-26 14:56:04]   🔄 expUUU: training done, eval in progress...
[2026-04-26 14:56:04]   ✓ expVVV: F1=0.413  r8=0.92
[2026-04-26 14:58:04] Waiting... B10 missing=['expNNN', 'expTTT', 'expUUU']
[2026-04-26 14:58:04]   🔄 expNNN: training done, eval in progress...
[2026-04-26 14:58:04]   ✓ expOOO: F1=0.335  r8=0.77
[2026-04-26 14:58:04]   ✓ expPPP: F1=0.386  r8=0.69
[2026-04-26 14:58:04]   ✓ expQQQ: F1=0.340  r8=0.54
[2026-04-26 14:58:04]   ✓ expSSS: F1=0.364  r8=0.77
[2026-04-26 14:58:04]   🔄 expTTT: training done, eval in progress...
[2026-04-26 14:58:04]   🔄 expUUU: training done, eval in progress...
[2026-04-26 14:58:04]   ✓ expVVV: F1=0.413  r8=0.92
[2026-04-26 15:00:04] Waiting... B10 missing=['expNNN', 'expTTT', 'expUUU']
[2026-04-26 15:00:04]   🔄 expNNN: training done, eval in progress...
[2026-04-26 15:00:04]   ✓ expOOO: F1=0.335  r8=0.77
[2026-04-26 15:00:04]   ✓ expPPP: F1=0.386  r8=0.69
[2026-04-26 15:00:04]   ✓ expQQQ: F1=0.340  r8=0.54
[2026-04-26 15:00:04]   ✓ expSSS: F1=0.364  r8=0.77
[2026-04-26 15:00:04]   🔄 expTTT: training done, eval in progress...
[2026-04-26 15:00:04]   🔄 expUUU: training done, eval in progress...
[2026-04-26 15:00:04]   ✓ expVVV: F1=0.413  r8=0.92
[2026-04-26 15:02:04] Waiting... B10 missing=['expNNN', 'expTTT', 'expUUU']
[2026-04-26 15:02:04]   🔄 expNNN: training done, eval in progress...
[2026-04-26 15:02:04]   ✓ expOOO: F1=0.335  r8=0.77
[2026-04-26 15:02:04]   ✓ expPPP: F1=0.386  r8=0.69
[2026-04-26 15:02:04]   ✓ expQQQ: F1=0.340  r8=0.54
[2026-04-26 15:02:04]   ✓ expSSS: F1=0.364  r8=0.77
[2026-04-26 15:02:04]   🔄 expTTT: training done, eval in progress...
[2026-04-26 15:02:04]   🔄 expUUU: training done, eval in progress...
[2026-04-26 15:02:04]   ✓ expVVV: F1=0.413  r8=0.92
[2026-04-26 15:04:04] Waiting... B10 missing=['expNNN', 'expUUU']
[2026-04-26 15:04:04]   🔄 expNNN: training done, eval in progress...
[2026-04-26 15:04:04]   ✓ expOOO: F1=0.335  r8=0.77
[2026-04-26 15:04:04]   ✓ expPPP: F1=0.386  r8=0.69
[2026-04-26 15:04:04]   ✓ expQQQ: F1=0.340  r8=0.54
[2026-04-26 15:04:04]   ✓ expSSS: F1=0.364  r8=0.77
[2026-04-26 15:04:04]   ✓ expTTT: F1=0.426  r8=0.77
[2026-04-26 15:04:04]   🔄 expUUU: training done, eval in progress...
[2026-04-26 15:04:04]   ✓ expVVV: F1=0.413  r8=0.92
[2026-04-26 15:06:05] Waiting... B10 missing=['expNNN', 'expUUU']
[2026-04-26 15:06:05]   🔄 expNNN: training done, eval in progress...
[2026-04-26 15:06:05]   ✓ expOOO: F1=0.335  r8=0.77
[2026-04-26 15:06:05]   ✓ expPPP: F1=0.386  r8=0.69
[2026-04-26 15:06:05]   ✓ expQQQ: F1=0.340  r8=0.54
[2026-04-26 15:06:05]   ✓ expSSS: F1=0.364  r8=0.77
[2026-04-26 15:06:05]   ✓ expTTT: F1=0.426  r8=0.77
[2026-04-26 15:06:05]   🔄 expUUU: training done, eval in progress...
[2026-04-26 15:06:05]   ✓ expVVV: F1=0.413  r8=0.92
[2026-04-26 15:08:05] Waiting... B10 missing=['expNNN', 'expUUU']
[2026-04-26 15:08:05]   🔄 expNNN: training done, eval in progress...
[2026-04-26 15:08:05]   ✓ expOOO: F1=0.335  r8=0.77
[2026-04-26 15:08:05]   ✓ expPPP: F1=0.386  r8=0.69
[2026-04-26 15:08:05]   ✓ expQQQ: F1=0.340  r8=0.54
[2026-04-26 15:08:05]   ✓ expSSS: F1=0.364  r8=0.77
[2026-04-26 15:08:05]   ✓ expTTT: F1=0.426  r8=0.77
[2026-04-26 15:08:05]   🔄 expUUU: training done, eval in progress...
[2026-04-26 15:08:05]   ✓ expVVV: F1=0.413  r8=0.92
[2026-04-26 15:10:05] Waiting... B10 missing=['expNNN', 'expUUU']
[2026-04-26 15:10:05]   🔄 expNNN: training done, eval in progress...
[2026-04-26 15:10:05]   ✓ expOOO: F1=0.335  r8=0.77
[2026-04-26 15:10:05]   ✓ expPPP: F1=0.386  r8=0.69
[2026-04-26 15:10:05]   ✓ expQQQ: F1=0.340  r8=0.54
[2026-04-26 15:10:05]   ✓ expSSS: F1=0.364  r8=0.77
[2026-04-26 15:10:05]   ✓ expTTT: F1=0.426  r8=0.77
[2026-04-26 15:10:05]   🔄 expUUU: training done, eval in progress...
[2026-04-26 15:10:05]   ✓ expVVV: F1=0.413  r8=0.92
[2026-04-26 15:12:05] Waiting... B10 missing=['expNNN', 'expUUU']
[2026-04-26 15:12:05]   🔄 expNNN: training done, eval in progress...
[2026-04-26 15:12:05]   ✓ expOOO: F1=0.335  r8=0.77
[2026-04-26 15:12:05]   ✓ expPPP: F1=0.386  r8=0.69
[2026-04-26 15:12:05]   ✓ expQQQ: F1=0.340  r8=0.54
[2026-04-26 15:12:05]   ✓ expSSS: F1=0.364  r8=0.77
[2026-04-26 15:12:05]   ✓ expTTT: F1=0.426  r8=0.77
[2026-04-26 15:12:05]   🔄 expUUU: training done, eval in progress...
[2026-04-26 15:12:05]   ✓ expVVV: F1=0.413  r8=0.92
[2026-04-26 15:14:05] Waiting... B10 missing=['expNNN', 'expUUU']
[2026-04-26 15:14:05]   🔄 expNNN: training done, eval in progress...
[2026-04-26 15:14:05]   ✓ expOOO: F1=0.335  r8=0.77
[2026-04-26 15:14:05]   ✓ expPPP: F1=0.386  r8=0.69
[2026-04-26 15:14:05]   ✓ expQQQ: F1=0.340  r8=0.54
[2026-04-26 15:14:05]   ✓ expSSS: F1=0.364  r8=0.77
[2026-04-26 15:14:05]   ✓ expTTT: F1=0.426  r8=0.77
[2026-04-26 15:14:05]   🔄 expUUU: training done, eval in progress...
[2026-04-26 15:14:05]   ✓ expVVV: F1=0.413  r8=0.92
[2026-04-26 15:16:05] Waiting... B10 missing=['expNNN', 'expUUU']
[2026-04-26 15:16:05]   🔄 expNNN: training done, eval in progress...
[2026-04-26 15:16:05]   ✓ expOOO: F1=0.335  r8=0.77
[2026-04-26 15:16:05]   ✓ expPPP: F1=0.386  r8=0.69
[2026-04-26 15:16:05]   ✓ expQQQ: F1=0.340  r8=0.54
[2026-04-26 15:16:05]   ✓ expSSS: F1=0.364  r8=0.77
[2026-04-26 15:16:05]   ✓ expTTT: F1=0.426  r8=0.77
[2026-04-26 15:16:05]   🔄 expUUU: training done, eval in progress...
[2026-04-26 15:16:05]   ✓ expVVV: F1=0.413  r8=0.92
[2026-04-26 15:18:06] Waiting... B10 missing=['expNNN', 'expUUU']
[2026-04-26 15:18:06]   🔄 expNNN: training done, eval in progress...
[2026-04-26 15:18:06]   ✓ expOOO: F1=0.335  r8=0.77
[2026-04-26 15:18:06]   ✓ expPPP: F1=0.386  r8=0.69
[2026-04-26 15:18:06]   ✓ expQQQ: F1=0.340  r8=0.54
[2026-04-26 15:18:06]   ✓ expSSS: F1=0.364  r8=0.77
[2026-04-26 15:18:06]   ✓ expTTT: F1=0.426  r8=0.77
[2026-04-26 15:18:06]   🔄 expUUU: training done, eval in progress...
[2026-04-26 15:18:06]   ✓ expVVV: F1=0.413  r8=0.92
[2026-04-26 15:20:06] Waiting... B10 missing=['expNNN', 'expUUU']
[2026-04-26 15:20:06]   🔄 expNNN: training done, eval in progress...
[2026-04-26 15:20:06]   ✓ expOOO: F1=0.335  r8=0.77
[2026-04-26 15:20:06]   ✓ expPPP: F1=0.386  r8=0.69
[2026-04-26 15:20:06]   ✓ expQQQ: F1=0.340  r8=0.54
[2026-04-26 15:20:06]   ✓ expSSS: F1=0.364  r8=0.77
[2026-04-26 15:20:06]   ✓ expTTT: F1=0.426  r8=0.77
[2026-04-26 15:20:06]   🔄 expUUU: training done, eval in progress...
[2026-04-26 15:20:06]   ✓ expVVV: F1=0.413  r8=0.92
[2026-04-26 15:22:06] Waiting... B10 missing=['expNNN', 'expUUU']
[2026-04-26 15:22:06]   🔄 expNNN: training done, eval in progress...
[2026-04-26 15:22:06]   ✓ expOOO: F1=0.335  r8=0.77
[2026-04-26 15:22:06]   ✓ expPPP: F1=0.386  r8=0.69
[2026-04-26 15:22:06]   ✓ expQQQ: F1=0.340  r8=0.54
[2026-04-26 15:22:06]   ✓ expSSS: F1=0.364  r8=0.77
[2026-04-26 15:22:06]   ✓ expTTT: F1=0.426  r8=0.77
[2026-04-26 15:22:06]   🔄 expUUU: training done, eval in progress...
[2026-04-26 15:22:06]   ✓ expVVV: F1=0.413  r8=0.92
[2026-04-26 15:24:06] Waiting... B10 missing=['expNNN', 'expUUU']
[2026-04-26 15:24:06]   🔄 expNNN: training done, eval in progress...
[2026-04-26 15:24:06]   ✓ expOOO: F1=0.335  r8=0.77
[2026-04-26 15:24:06]   ✓ expPPP: F1=0.386  r8=0.69
[2026-04-26 15:24:06]   ✓ expQQQ: F1=0.340  r8=0.54
[2026-04-26 15:24:06]   ✓ expSSS: F1=0.364  r8=0.77
[2026-04-26 15:24:06]   ✓ expTTT: F1=0.426  r8=0.77
[2026-04-26 15:24:06]   🔄 expUUU: training done, eval in progress...
[2026-04-26 15:24:06]   ✓ expVVV: F1=0.413  r8=0.92
[2026-04-26 15:26:06] Waiting... B10 missing=['expNNN', 'expUUU']
[2026-04-26 15:26:06]   🔄 expNNN: training done, eval in progress...
[2026-04-26 15:26:06]   ✓ expOOO: F1=0.335  r8=0.77
[2026-04-26 15:26:06]   ✓ expPPP: F1=0.386  r8=0.69
[2026-04-26 15:26:06]   ✓ expQQQ: F1=0.340  r8=0.54
[2026-04-26 15:26:06]   ✓ expSSS: F1=0.364  r8=0.77
[2026-04-26 15:26:06]   ✓ expTTT: F1=0.426  r8=0.77
[2026-04-26 15:26:06]   🔄 expUUU: training done, eval in progress...
[2026-04-26 15:26:06]   ✓ expVVV: F1=0.413  r8=0.92
[2026-04-26 15:28:06] Waiting... B10 missing=['expNNN', 'expUUU']
[2026-04-26 15:28:06]   🔄 expNNN: training done, eval in progress...
[2026-04-26 15:28:06]   ✓ expOOO: F1=0.335  r8=0.77
[2026-04-26 15:28:06]   ✓ expPPP: F1=0.386  r8=0.69
[2026-04-26 15:28:06]   ✓ expQQQ: F1=0.340  r8=0.54
[2026-04-26 15:28:06]   ✓ expSSS: F1=0.364  r8=0.77
[2026-04-26 15:28:06]   ✓ expTTT: F1=0.426  r8=0.77
[2026-04-26 15:28:06]   🔄 expUUU: training done, eval in progress...
[2026-04-26 15:28:06]   ✓ expVVV: F1=0.413  r8=0.92
[2026-04-26 15:30:07] Waiting... B10 missing=['expNNN', 'expUUU']
[2026-04-26 15:30:07]   🔄 expNNN: training done, eval in progress...
[2026-04-26 15:30:07]   ✓ expOOO: F1=0.335  r8=0.77
[2026-04-26 15:30:07]   ✓ expPPP: F1=0.386  r8=0.69
[2026-04-26 15:30:07]   ✓ expQQQ: F1=0.340  r8=0.54
[2026-04-26 15:30:07]   ✓ expSSS: F1=0.364  r8=0.77
[2026-04-26 15:30:07]   ✓ expTTT: F1=0.426  r8=0.77
[2026-04-26 15:30:07]   🔄 expUUU: training done, eval in progress...
[2026-04-26 15:30:07]   ✓ expVVV: F1=0.413  r8=0.92
[2026-04-26 15:32:07] Waiting... B10 missing=['expNNN', 'expUUU']
[2026-04-26 15:32:07]   🔄 expNNN: training done, eval in progress...
[2026-04-26 15:32:07]   ✓ expOOO: F1=0.335  r8=0.77
[2026-04-26 15:32:07]   ✓ expPPP: F1=0.386  r8=0.69
[2026-04-26 15:32:07]   ✓ expQQQ: F1=0.340  r8=0.54
[2026-04-26 15:32:07]   ✓ expSSS: F1=0.364  r8=0.77
[2026-04-26 15:32:07]   ✓ expTTT: F1=0.426  r8=0.77
[2026-04-26 15:32:07]   🔄 expUUU: training done, eval in progress...
[2026-04-26 15:32:07]   ✓ expVVV: F1=0.413  r8=0.92
[2026-04-26 15:34:07] Waiting... B10 missing=['expNNN', 'expUUU']
[2026-04-26 15:34:07]   🔄 expNNN: training done, eval in progress...
[2026-04-26 15:34:07]   ✓ expOOO: F1=0.335  r8=0.77
[2026-04-26 15:34:07]   ✓ expPPP: F1=0.386  r8=0.69
[2026-04-26 15:34:07]   ✓ expQQQ: F1=0.340  r8=0.54
[2026-04-26 15:34:07]   ✓ expSSS: F1=0.364  r8=0.77
[2026-04-26 15:34:07]   ✓ expTTT: F1=0.426  r8=0.77
[2026-04-26 15:34:07]   🔄 expUUU: training done, eval in progress...
[2026-04-26 15:34:07]   ✓ expVVV: F1=0.413  r8=0.92
[2026-04-26 15:36:07] Waiting... B10 missing=['expNNN', 'expUUU']
[2026-04-26 15:36:07]   🔄 expNNN: training done, eval in progress...
[2026-04-26 15:36:07]   ✓ expOOO: F1=0.335  r8=0.77
[2026-04-26 15:36:07]   ✓ expPPP: F1=0.386  r8=0.69
[2026-04-26 15:36:07]   ✓ expQQQ: F1=0.340  r8=0.54
[2026-04-26 15:36:07]   ✓ expSSS: F1=0.364  r8=0.77
[2026-04-26 15:36:07]   ✓ expTTT: F1=0.426  r8=0.77
[2026-04-26 15:36:07]   🔄 expUUU: training done, eval in progress...
[2026-04-26 15:36:07]   ✓ expVVV: F1=0.413  r8=0.92
[2026-04-26 15:38:07] Waiting... B10 missing=['expNNN', 'expUUU']
[2026-04-26 15:38:07]   🔄 expNNN: training done, eval in progress...
[2026-04-26 15:38:07]   ✓ expOOO: F1=0.335  r8=0.77
[2026-04-26 15:38:07]   ✓ expPPP: F1=0.386  r8=0.69
[2026-04-26 15:38:07]   ✓ expQQQ: F1=0.340  r8=0.54
[2026-04-26 15:38:07]   ✓ expSSS: F1=0.364  r8=0.77
[2026-04-26 15:38:07]   ✓ expTTT: F1=0.426  r8=0.77
[2026-04-26 15:38:07]   🔄 expUUU: training done, eval in progress...
[2026-04-26 15:38:07]   ✓ expVVV: F1=0.413  r8=0.92
[2026-04-26 15:40:07] Waiting... B10 missing=['expNNN', 'expUUU']
[2026-04-26 15:40:07]   🔄 expNNN: training done, eval in progress...
[2026-04-26 15:40:07]   ✓ expOOO: F1=0.335  r8=0.77
[2026-04-26 15:40:07]   ✓ expPPP: F1=0.386  r8=0.69
[2026-04-26 15:40:07]   ✓ expQQQ: F1=0.340  r8=0.54
[2026-04-26 15:40:07]   ✓ expSSS: F1=0.364  r8=0.77
[2026-04-26 15:40:07]   ✓ expTTT: F1=0.426  r8=0.77
[2026-04-26 15:40:07]   🔄 expUUU: training done, eval in progress...
[2026-04-26 15:40:07]   ✓ expVVV: F1=0.413  r8=0.92
[2026-04-26 15:42:07] Waiting... B10 missing=['expNNN', 'expUUU']
[2026-04-26 15:42:07]   🔄 expNNN: training done, eval in progress...
[2026-04-26 15:42:07]   ✓ expOOO: F1=0.335  r8=0.77
[2026-04-26 15:42:07]   ✓ expPPP: F1=0.386  r8=0.69
[2026-04-26 15:42:07]   ✓ expQQQ: F1=0.340  r8=0.54
[2026-04-26 15:42:07]   ✓ expSSS: F1=0.364  r8=0.77
[2026-04-26 15:42:07]   ✓ expTTT: F1=0.426  r8=0.77
[2026-04-26 15:42:07]   🔄 expUUU: training done, eval in progress...
[2026-04-26 15:42:07]   ✓ expVVV: F1=0.413  r8=0.92
[2026-04-26 15:44:07] Waiting... B10 missing=['expNNN', 'expUUU']
[2026-04-26 15:44:07]   🔄 expNNN: training done, eval in progress...
[2026-04-26 15:44:07]   ✓ expOOO: F1=0.335  r8=0.77
[2026-04-26 15:44:07]   ✓ expPPP: F1=0.386  r8=0.69
[2026-04-26 15:44:07]   ✓ expQQQ: F1=0.340  r8=0.54
[2026-04-26 15:44:07]   ✓ expSSS: F1=0.364  r8=0.77
[2026-04-26 15:44:07]   ✓ expTTT: F1=0.426  r8=0.77
[2026-04-26 15:44:07]   🔄 expUUU: training done, eval in progress...
[2026-04-26 15:44:07]   ✓ expVVV: F1=0.413  r8=0.92
[2026-04-26 15:46:08] Waiting... B10 missing=['expNNN', 'expUUU']
[2026-04-26 15:46:08]   🔄 expNNN: training done, eval in progress...
[2026-04-26 15:46:08]   ✓ expOOO: F1=0.335  r8=0.77
[2026-04-26 15:46:08]   ✓ expPPP: F1=0.386  r8=0.69
[2026-04-26 15:46:08]   ✓ expQQQ: F1=0.340  r8=0.54
[2026-04-26 15:46:08]   ✓ expSSS: F1=0.364  r8=0.77
[2026-04-26 15:46:08]   ✓ expTTT: F1=0.426  r8=0.77
[2026-04-26 15:46:08]   🔄 expUUU: training done, eval in progress...
[2026-04-26 15:46:08]   ✓ expVVV: F1=0.413  r8=0.92
[2026-04-26 15:48:08] Waiting... B10 missing=['expNNN', 'expUUU']
[2026-04-26 15:48:08]   🔄 expNNN: training done, eval in progress...
[2026-04-26 15:48:08]   ✓ expOOO: F1=0.335  r8=0.77
[2026-04-26 15:48:08]   ✓ expPPP: F1=0.386  r8=0.69
[2026-04-26 15:48:08]   ✓ expQQQ: F1=0.340  r8=0.54
[2026-04-26 15:48:08]   ✓ expSSS: F1=0.364  r8=0.77
[2026-04-26 15:48:08]   ✓ expTTT: F1=0.426  r8=0.77
[2026-04-26 15:48:08]   🔄 expUUU: training done, eval in progress...
[2026-04-26 15:48:08]   ✓ expVVV: F1=0.413  r8=0.92
[2026-04-26 15:50:08] Waiting... B10 missing=['expNNN', 'expUUU']
[2026-04-26 15:50:08]   🔄 expNNN: training done, eval in progress...
[2026-04-26 15:50:08]   ✓ expOOO: F1=0.335  r8=0.77
[2026-04-26 15:50:08]   ✓ expPPP: F1=0.386  r8=0.69
[2026-04-26 15:50:08]   ✓ expQQQ: F1=0.340  r8=0.54
[2026-04-26 15:50:08]   ✓ expSSS: F1=0.364  r8=0.77
[2026-04-26 15:50:08]   ✓ expTTT: F1=0.426  r8=0.77
[2026-04-26 15:50:08]   🔄 expUUU: training done, eval in progress...
[2026-04-26 15:50:08]   ✓ expVVV: F1=0.413  r8=0.92
[2026-04-26 15:52:08] Waiting... B10 missing=['expNNN', 'expUUU']
[2026-04-26 15:52:08]   🔄 expNNN: training done, eval in progress...
[2026-04-26 15:52:08]   ✓ expOOO: F1=0.335  r8=0.77
[2026-04-26 15:52:08]   ✓ expPPP: F1=0.386  r8=0.69
[2026-04-26 15:52:08]   ✓ expQQQ: F1=0.340  r8=0.54
[2026-04-26 15:52:08]   ✓ expSSS: F1=0.364  r8=0.77
[2026-04-26 15:52:08]   ✓ expTTT: F1=0.426  r8=0.77
[2026-04-26 15:52:08]   🔄 expUUU: training done, eval in progress...
[2026-04-26 15:52:08]   ✓ expVVV: F1=0.413  r8=0.92
[2026-04-26 15:54:08] Waiting... B10 missing=['expNNN', 'expUUU']
[2026-04-26 15:54:08]   🔄 expNNN: training done, eval in progress...
[2026-04-26 15:54:08]   ✓ expOOO: F1=0.335  r8=0.77
[2026-04-26 15:54:08]   ✓ expPPP: F1=0.386  r8=0.69
[2026-04-26 15:54:08]   ✓ expQQQ: F1=0.340  r8=0.54
[2026-04-26 15:54:08]   ✓ expSSS: F1=0.364  r8=0.77
[2026-04-26 15:54:08]   ✓ expTTT: F1=0.426  r8=0.77
[2026-04-26 15:54:08]   🔄 expUUU: training done, eval in progress...
[2026-04-26 15:54:08]   ✓ expVVV: F1=0.413  r8=0.92
[2026-04-26 15:56:08] Waiting... B10 missing=['expNNN', 'expUUU']
[2026-04-26 15:56:08]   🔄 expNNN: training done, eval in progress...
[2026-04-26 15:56:08]   ✓ expOOO: F1=0.335  r8=0.77
[2026-04-26 15:56:08]   ✓ expPPP: F1=0.386  r8=0.69
[2026-04-26 15:56:08]   ✓ expQQQ: F1=0.340  r8=0.54
[2026-04-26 15:56:08]   ✓ expSSS: F1=0.364  r8=0.77
[2026-04-26 15:56:08]   ✓ expTTT: F1=0.426  r8=0.77
[2026-04-26 15:56:08]   🔄 expUUU: training done, eval in progress...
[2026-04-26 15:56:08]   ✓ expVVV: F1=0.413  r8=0.92
[2026-04-26 15:58:09] Waiting... B10 missing=['expNNN', 'expUUU']
[2026-04-26 15:58:09]   🔄 expNNN: training done, eval in progress...
[2026-04-26 15:58:09]   ✓ expOOO: F1=0.335  r8=0.77
[2026-04-26 15:58:09]   ✓ expPPP: F1=0.386  r8=0.69
[2026-04-26 15:58:09]   ✓ expQQQ: F1=0.340  r8=0.54
[2026-04-26 15:58:09]   ✓ expSSS: F1=0.364  r8=0.77
[2026-04-26 15:58:09]   ✓ expTTT: F1=0.426  r8=0.77
[2026-04-26 15:58:09]   🔄 expUUU: training done, eval in progress...
[2026-04-26 15:58:09]   ✓ expVVV: F1=0.413  r8=0.92
[2026-04-26 16:00:09] Waiting... B10 missing=['expNNN', 'expUUU']
[2026-04-26 16:00:09]   🔄 expNNN: training done, eval in progress...
[2026-04-26 16:00:09]   ✓ expOOO: F1=0.335  r8=0.77
[2026-04-26 16:00:09]   ✓ expPPP: F1=0.386  r8=0.69
[2026-04-26 16:00:09]   ✓ expQQQ: F1=0.340  r8=0.54
[2026-04-26 16:00:09]   ✓ expSSS: F1=0.364  r8=0.77
[2026-04-26 16:00:09]   ✓ expTTT: F1=0.426  r8=0.77
[2026-04-26 16:00:09]   🔄 expUUU: training done, eval in progress...
[2026-04-26 16:00:09]   ✓ expVVV: F1=0.413  r8=0.92
[2026-04-26 16:02:09] Waiting... B10 missing=['expNNN', 'expUUU']
[2026-04-26 16:02:09]   🔄 expNNN: training done, eval in progress...
[2026-04-26 16:02:09]   ✓ expOOO: F1=0.335  r8=0.77
[2026-04-26 16:02:09]   ✓ expPPP: F1=0.386  r8=0.69
[2026-04-26 16:02:09]   ✓ expQQQ: F1=0.340  r8=0.54
[2026-04-26 16:02:09]   ✓ expSSS: F1=0.364  r8=0.77
[2026-04-26 16:02:09]   ✓ expTTT: F1=0.426  r8=0.77
[2026-04-26 16:02:09]   🔄 expUUU: training done, eval in progress...
[2026-04-26 16:02:09]   ✓ expVVV: F1=0.413  r8=0.92
[2026-04-26 16:04:09] Waiting... B10 missing=['expNNN', 'expUUU']
[2026-04-26 16:04:09]   🔄 expNNN: training done, eval in progress...
[2026-04-26 16:04:09]   ✓ expOOO: F1=0.335  r8=0.77
[2026-04-26 16:04:09]   ✓ expPPP: F1=0.386  r8=0.69
[2026-04-26 16:04:09]   ✓ expQQQ: F1=0.340  r8=0.54
[2026-04-26 16:04:09]   ✓ expSSS: F1=0.364  r8=0.77
[2026-04-26 16:04:09]   ✓ expTTT: F1=0.426  r8=0.77
[2026-04-26 16:04:09]   🔄 expUUU: training done, eval in progress...
[2026-04-26 16:04:09]   ✓ expVVV: F1=0.413  r8=0.92
[2026-04-26 16:06:09] Waiting... B10 missing=['expNNN', 'expUUU']
[2026-04-26 16:06:09]   🔄 expNNN: training done, eval in progress...
[2026-04-26 16:06:09]   ✓ expOOO: F1=0.335  r8=0.77
[2026-04-26 16:06:09]   ✓ expPPP: F1=0.386  r8=0.69
[2026-04-26 16:06:09]   ✓ expQQQ: F1=0.340  r8=0.54
[2026-04-26 16:06:09]   ✓ expSSS: F1=0.364  r8=0.77
[2026-04-26 16:06:09]   ✓ expTTT: F1=0.426  r8=0.77
[2026-04-26 16:06:09]   🔄 expUUU: training done, eval in progress...
[2026-04-26 16:06:09]   ✓ expVVV: F1=0.413  r8=0.92
[2026-04-26 16:08:09] Waiting... B10 missing=['expNNN', 'expUUU']
[2026-04-26 16:08:09]   🔄 expNNN: training done, eval in progress...
[2026-04-26 16:08:09]   ✓ expOOO: F1=0.335  r8=0.77
[2026-04-26 16:08:09]   ✓ expPPP: F1=0.386  r8=0.69
[2026-04-26 16:08:09]   ✓ expQQQ: F1=0.340  r8=0.54
[2026-04-26 16:08:09]   ✓ expSSS: F1=0.364  r8=0.77
[2026-04-26 16:08:09]   ✓ expTTT: F1=0.426  r8=0.77
[2026-04-26 16:08:09]   🔄 expUUU: training done, eval in progress...
[2026-04-26 16:08:09]   ✓ expVVV: F1=0.413  r8=0.92
[2026-04-26 16:10:09] Waiting... B10 missing=['expNNN', 'expUUU']
[2026-04-26 16:10:09]   🔄 expNNN: training done, eval in progress...
[2026-04-26 16:10:09]   ✓ expOOO: F1=0.335  r8=0.77
[2026-04-26 16:10:09]   ✓ expPPP: F1=0.386  r8=0.69
[2026-04-26 16:10:09]   ✓ expQQQ: F1=0.340  r8=0.54
[2026-04-26 16:10:09]   ✓ expSSS: F1=0.364  r8=0.77
[2026-04-26 16:10:09]   ✓ expTTT: F1=0.426  r8=0.77
[2026-04-26 16:10:09]   🔄 expUUU: training done, eval in progress...
[2026-04-26 16:10:09]   ✓ expVVV: F1=0.413  r8=0.92
[2026-04-26 16:12:10] Waiting... B10 missing=['expNNN', 'expUUU']
[2026-04-26 16:12:10]   🔄 expNNN: training done, eval in progress...
[2026-04-26 16:12:10]   ✓ expOOO: F1=0.335  r8=0.77
[2026-04-26 16:12:10]   ✓ expPPP: F1=0.386  r8=0.69
[2026-04-26 16:12:10]   ✓ expQQQ: F1=0.340  r8=0.54
[2026-04-26 16:12:10]   ✓ expSSS: F1=0.364  r8=0.77
[2026-04-26 16:12:10]   ✓ expTTT: F1=0.426  r8=0.77
[2026-04-26 16:12:10]   🔄 expUUU: training done, eval in progress...
[2026-04-26 16:12:10]   ✓ expVVV: F1=0.413  r8=0.92
[2026-04-26 16:14:10] Waiting... B10 missing=['expNNN', 'expUUU']
[2026-04-26 16:14:10]   🔄 expNNN: training done, eval in progress...
[2026-04-26 16:14:10]   ✓ expOOO: F1=0.335  r8=0.77
[2026-04-26 16:14:10]   ✓ expPPP: F1=0.386  r8=0.69
[2026-04-26 16:14:10]   ✓ expQQQ: F1=0.340  r8=0.54
[2026-04-26 16:14:10]   ✓ expSSS: F1=0.364  r8=0.77
[2026-04-26 16:14:10]   ✓ expTTT: F1=0.426  r8=0.77
[2026-04-26 16:14:10]   🔄 expUUU: training done, eval in progress...
[2026-04-26 16:14:10]   ✓ expVVV: F1=0.413  r8=0.92
[2026-04-26 16:16:10] Waiting... B10 missing=['expNNN', 'expUUU']
[2026-04-26 16:16:10]   🔄 expNNN: training done, eval in progress...
[2026-04-26 16:16:10]   ✓ expOOO: F1=0.335  r8=0.77
[2026-04-26 16:16:10]   ✓ expPPP: F1=0.386  r8=0.69
[2026-04-26 16:16:10]   ✓ expQQQ: F1=0.340  r8=0.54
[2026-04-26 16:16:10]   ✓ expSSS: F1=0.364  r8=0.77
[2026-04-26 16:16:10]   ✓ expTTT: F1=0.426  r8=0.77
[2026-04-26 16:16:10]   🔄 expUUU: training done, eval in progress...
[2026-04-26 16:16:10]   ✓ expVVV: F1=0.413  r8=0.92
[2026-04-26 16:18:10] Waiting... B10 missing=['expNNN', 'expUUU']
[2026-04-26 16:18:10]   🔄 expNNN: training done, eval in progress...
[2026-04-26 16:18:10]   ✓ expOOO: F1=0.335  r8=0.77
[2026-04-26 16:18:10]   ✓ expPPP: F1=0.386  r8=0.69
[2026-04-26 16:18:10]   ✓ expQQQ: F1=0.340  r8=0.54
[2026-04-26 16:18:10]   ✓ expSSS: F1=0.364  r8=0.77
[2026-04-26 16:18:10]   ✓ expTTT: F1=0.426  r8=0.77
[2026-04-26 16:18:10]   🔄 expUUU: training done, eval in progress...
[2026-04-26 16:18:10]   ✓ expVVV: F1=0.413  r8=0.92
[2026-04-26 16:20:10] Waiting... B10 missing=['expNNN', 'expUUU']
[2026-04-26 16:20:10]   🔄 expNNN: training done, eval in progress...
[2026-04-26 16:20:10]   ✓ expOOO: F1=0.335  r8=0.77
[2026-04-26 16:20:10]   ✓ expPPP: F1=0.386  r8=0.69
[2026-04-26 16:20:10]   ✓ expQQQ: F1=0.340  r8=0.54
[2026-04-26 16:20:10]   ✓ expSSS: F1=0.364  r8=0.77
[2026-04-26 16:20:10]   ✓ expTTT: F1=0.426  r8=0.77
[2026-04-26 16:20:10]   🔄 expUUU: training done, eval in progress...
[2026-04-26 16:20:10]   ✓ expVVV: F1=0.413  r8=0.92
[2026-04-26 16:22:10] Waiting... B10 missing=['expNNN', 'expUUU']
[2026-04-26 16:22:10]   🔄 expNNN: training done, eval in progress...
[2026-04-26 16:22:10]   ✓ expOOO: F1=0.335  r8=0.77
[2026-04-26 16:22:10]   ✓ expPPP: F1=0.386  r8=0.69
[2026-04-26 16:22:10]   ✓ expQQQ: F1=0.340  r8=0.54
[2026-04-26 16:22:10]   ✓ expSSS: F1=0.364  r8=0.77
[2026-04-26 16:22:10]   ✓ expTTT: F1=0.426  r8=0.77
[2026-04-26 16:22:10]   🔄 expUUU: training done, eval in progress...
[2026-04-26 16:22:10]   ✓ expVVV: F1=0.413  r8=0.92
[2026-04-26 16:24:11] Waiting... B10 missing=['expNNN', 'expUUU']
[2026-04-26 16:24:11]   🔄 expNNN: training done, eval in progress...
[2026-04-26 16:24:11]   ✓ expOOO: F1=0.335  r8=0.77
[2026-04-26 16:24:11]   ✓ expPPP: F1=0.386  r8=0.69
[2026-04-26 16:24:11]   ✓ expQQQ: F1=0.340  r8=0.54
[2026-04-26 16:24:11]   ✓ expSSS: F1=0.364  r8=0.77
[2026-04-26 16:24:11]   ✓ expTTT: F1=0.426  r8=0.77
[2026-04-26 16:24:11]   🔄 expUUU: training done, eval in progress...
[2026-04-26 16:24:11]   ✓ expVVV: F1=0.413  r8=0.92
[2026-04-26 16:26:11] Waiting... B10 missing=['expNNN', 'expUUU']
[2026-04-26 16:26:11]   🔄 expNNN: training done, eval in progress...
[2026-04-26 16:26:11]   ✓ expOOO: F1=0.335  r8=0.77
[2026-04-26 16:26:11]   ✓ expPPP: F1=0.386  r8=0.69
[2026-04-26 16:26:11]   ✓ expQQQ: F1=0.340  r8=0.54
[2026-04-26 16:26:11]   ✓ expSSS: F1=0.364  r8=0.77
[2026-04-26 16:26:11]   ✓ expTTT: F1=0.426  r8=0.77
[2026-04-26 16:26:11]   🔄 expUUU: training done, eval in progress...
[2026-04-26 16:26:11]   ✓ expVVV: F1=0.413  r8=0.92
[2026-04-26 16:28:11] Waiting... B10 missing=['expNNN', 'expUUU']
[2026-04-26 16:28:11]   🔄 expNNN: training done, eval in progress...
[2026-04-26 16:28:11]   ✓ expOOO: F1=0.335  r8=0.77
[2026-04-26 16:28:11]   ✓ expPPP: F1=0.386  r8=0.69
[2026-04-26 16:28:11]   ✓ expQQQ: F1=0.340  r8=0.54
[2026-04-26 16:28:11]   ✓ expSSS: F1=0.364  r8=0.77
[2026-04-26 16:28:11]   ✓ expTTT: F1=0.426  r8=0.77
[2026-04-26 16:28:11]   🔄 expUUU: training done, eval in progress...
[2026-04-26 16:28:11]   ✓ expVVV: F1=0.413  r8=0.92
[2026-04-26 16:30:11] Waiting... B10 missing=['expNNN', 'expUUU']
[2026-04-26 16:30:11]   🔄 expNNN: training done, eval in progress...
[2026-04-26 16:30:11]   ✓ expOOO: F1=0.335  r8=0.77
[2026-04-26 16:30:11]   ✓ expPPP: F1=0.386  r8=0.69
[2026-04-26 16:30:11]   ✓ expQQQ: F1=0.340  r8=0.54
[2026-04-26 16:30:11]   ✓ expSSS: F1=0.364  r8=0.77
[2026-04-26 16:30:11]   ✓ expTTT: F1=0.426  r8=0.77
[2026-04-26 16:30:11]   🔄 expUUU: training done, eval in progress...
[2026-04-26 16:30:11]   ✓ expVVV: F1=0.413  r8=0.92
[2026-04-26 16:32:11] Waiting... B10 missing=['expNNN', 'expUUU']
[2026-04-26 16:32:11]   🔄 expNNN: training done, eval in progress...
[2026-04-26 16:32:11]   ✓ expOOO: F1=0.335  r8=0.77
[2026-04-26 16:32:11]   ✓ expPPP: F1=0.386  r8=0.69
[2026-04-26 16:32:11]   ✓ expQQQ: F1=0.340  r8=0.54
[2026-04-26 16:32:11]   ✓ expSSS: F1=0.364  r8=0.77
[2026-04-26 16:32:11]   ✓ expTTT: F1=0.426  r8=0.77
[2026-04-26 16:32:11]   🔄 expUUU: training done, eval in progress...
[2026-04-26 16:32:11]   ✓ expVVV: F1=0.413  r8=0.92
[2026-04-26 16:34:11] Waiting... B10 missing=['expNNN', 'expUUU']
[2026-04-26 16:34:11]   🔄 expNNN: training done, eval in progress...
[2026-04-26 16:34:11]   ✓ expOOO: F1=0.335  r8=0.77
[2026-04-26 16:34:11]   ✓ expPPP: F1=0.386  r8=0.69
[2026-04-26 16:34:11]   ✓ expQQQ: F1=0.340  r8=0.54
[2026-04-26 16:34:11]   ✓ expSSS: F1=0.364  r8=0.77
[2026-04-26 16:34:11]   ✓ expTTT: F1=0.426  r8=0.77
[2026-04-26 16:34:11]   🔄 expUUU: training done, eval in progress...
[2026-04-26 16:34:11]   ✓ expVVV: F1=0.413  r8=0.92
[2026-04-26 16:36:11] Waiting... B10 missing=['expNNN', 'expUUU']
[2026-04-26 16:36:12]   🔄 expNNN: training done, eval in progress...
[2026-04-26 16:36:12]   ✓ expOOO: F1=0.335  r8=0.77
[2026-04-26 16:36:12]   ✓ expPPP: F1=0.386  r8=0.69
[2026-04-26 16:36:12]   ✓ expQQQ: F1=0.340  r8=0.54
[2026-04-26 16:36:12]   ✓ expSSS: F1=0.364  r8=0.77
[2026-04-26 16:36:12]   ✓ expTTT: F1=0.426  r8=0.77
[2026-04-26 16:36:12]   🔄 expUUU: training done, eval in progress...
[2026-04-26 16:36:12]   ✓ expVVV: F1=0.413  r8=0.92
[2026-04-26 16:38:12] Waiting... B10 missing=['expNNN', 'expUUU']
[2026-04-26 16:38:12]   🔄 expNNN: training done, eval in progress...
[2026-04-26 16:38:12]   ✓ expOOO: F1=0.335  r8=0.77
[2026-04-26 16:38:12]   ✓ expPPP: F1=0.386  r8=0.69
[2026-04-26 16:38:12]   ✓ expQQQ: F1=0.340  r8=0.54
[2026-04-26 16:38:12]   ✓ expSSS: F1=0.364  r8=0.77
[2026-04-26 16:38:12]   ✓ expTTT: F1=0.426  r8=0.77
[2026-04-26 16:38:12]   🔄 expUUU: training done, eval in progress...
[2026-04-26 16:38:12]   ✓ expVVV: F1=0.413  r8=0.92
[2026-04-26 16:40:12] Waiting... B10 missing=['expNNN', 'expUUU']
[2026-04-26 16:40:12]   🔄 expNNN: training done, eval in progress...
[2026-04-26 16:40:12]   ✓ expOOO: F1=0.335  r8=0.77
[2026-04-26 16:40:12]   ✓ expPPP: F1=0.386  r8=0.69
[2026-04-26 16:40:12]   ✓ expQQQ: F1=0.340  r8=0.54
[2026-04-26 16:40:12]   ✓ expSSS: F1=0.364  r8=0.77
[2026-04-26 16:40:12]   ✓ expTTT: F1=0.426  r8=0.77
[2026-04-26 16:40:12]   🔄 expUUU: training done, eval in progress...
[2026-04-26 16:40:12]   ✓ expVVV: F1=0.413  r8=0.92
[2026-04-26 16:42:12] Waiting... B10 missing=['expNNN', 'expUUU']
[2026-04-26 16:42:12]   🔄 expNNN: training done, eval in progress...
[2026-04-26 16:42:12]   ✓ expOOO: F1=0.335  r8=0.77
[2026-04-26 16:42:12]   ✓ expPPP: F1=0.386  r8=0.69
[2026-04-26 16:42:12]   ✓ expQQQ: F1=0.340  r8=0.54
[2026-04-26 16:42:12]   ✓ expSSS: F1=0.364  r8=0.77
[2026-04-26 16:42:12]   ✓ expTTT: F1=0.426  r8=0.77
[2026-04-26 16:42:12]   🔄 expUUU: training done, eval in progress...
[2026-04-26 16:42:12]   ✓ expVVV: F1=0.413  r8=0.92
[2026-04-26 16:44:12] Waiting... B10 missing=['expNNN', 'expUUU']
[2026-04-26 16:44:12]   🔄 expNNN: training done, eval in progress...
[2026-04-26 16:44:12]   ✓ expOOO: F1=0.335  r8=0.77
[2026-04-26 16:44:12]   ✓ expPPP: F1=0.386  r8=0.69
[2026-04-26 16:44:12]   ✓ expQQQ: F1=0.340  r8=0.54
[2026-04-26 16:44:12]   ✓ expSSS: F1=0.364  r8=0.77
[2026-04-26 16:44:12]   ✓ expTTT: F1=0.426  r8=0.77
[2026-04-26 16:44:12]   🔄 expUUU: training done, eval in progress...
[2026-04-26 16:44:12]   ✓ expVVV: F1=0.413  r8=0.92
[2026-04-26 16:46:12] Waiting... B10 missing=['expNNN', 'expUUU']
[2026-04-26 16:46:12]   🔄 expNNN: training done, eval in progress...
[2026-04-26 16:46:12]   ✓ expOOO: F1=0.335  r8=0.77
[2026-04-26 16:46:12]   ✓ expPPP: F1=0.386  r8=0.69
[2026-04-26 16:46:12]   ✓ expQQQ: F1=0.340  r8=0.54
[2026-04-26 16:46:12]   ✓ expSSS: F1=0.364  r8=0.77
[2026-04-26 16:46:12]   ✓ expTTT: F1=0.426  r8=0.77
[2026-04-26 16:46:12]   🔄 expUUU: training done, eval in progress...
[2026-04-26 16:46:12]   ✓ expVVV: F1=0.413  r8=0.92
[2026-04-26 16:48:12] Waiting... B10 missing=['expNNN', 'expUUU']
[2026-04-26 16:48:12]   🔄 expNNN: training done, eval in progress...
[2026-04-26 16:48:12]   ✓ expOOO: F1=0.335  r8=0.77
[2026-04-26 16:48:12]   ✓ expPPP: F1=0.386  r8=0.69
[2026-04-26 16:48:12]   ✓ expQQQ: F1=0.340  r8=0.54
[2026-04-26 16:48:12]   ✓ expSSS: F1=0.364  r8=0.77
[2026-04-26 16:48:12]   ✓ expTTT: F1=0.426  r8=0.77
[2026-04-26 16:48:12]   🔄 expUUU: training done, eval in progress...
[2026-04-26 16:48:12]   ✓ expVVV: F1=0.413  r8=0.92
[2026-04-26 16:50:13] Waiting... B10 missing=['expNNN', 'expUUU']
[2026-04-26 16:50:13]   🔄 expNNN: training done, eval in progress...
[2026-04-26 16:50:13]   ✓ expOOO: F1=0.335  r8=0.77
[2026-04-26 16:50:13]   ✓ expPPP: F1=0.386  r8=0.69
[2026-04-26 16:50:13]   ✓ expQQQ: F1=0.340  r8=0.54
[2026-04-26 16:50:13]   ✓ expSSS: F1=0.364  r8=0.77
[2026-04-26 16:50:13]   ✓ expTTT: F1=0.426  r8=0.77
[2026-04-26 16:50:13]   🔄 expUUU: training done, eval in progress...
[2026-04-26 16:50:13]   ✓ expVVV: F1=0.413  r8=0.92
[2026-04-26 16:52:13] Waiting... B10 missing=['expNNN', 'expUUU']
[2026-04-26 16:52:13]   🔄 expNNN: training done, eval in progress...
[2026-04-26 16:52:13]   ✓ expOOO: F1=0.335  r8=0.77
[2026-04-26 16:52:13]   ✓ expPPP: F1=0.386  r8=0.69
[2026-04-26 16:52:13]   ✓ expQQQ: F1=0.340  r8=0.54
[2026-04-26 16:52:13]   ✓ expSSS: F1=0.364  r8=0.77
[2026-04-26 16:52:13]   ✓ expTTT: F1=0.426  r8=0.77
[2026-04-26 16:52:13]   🔄 expUUU: training done, eval in progress...
[2026-04-26 16:52:13]   ✓ expVVV: F1=0.413  r8=0.92
[2026-04-26 16:54:13] Waiting... B10 missing=['expNNN', 'expUUU']
[2026-04-26 16:54:13]   🔄 expNNN: training done, eval in progress...
[2026-04-26 16:54:13]   ✓ expOOO: F1=0.335  r8=0.77
[2026-04-26 16:54:13]   ✓ expPPP: F1=0.386  r8=0.69
[2026-04-26 16:54:13]   ✓ expQQQ: F1=0.340  r8=0.54
[2026-04-26 16:54:13]   ✓ expSSS: F1=0.364  r8=0.77
[2026-04-26 16:54:13]   ✓ expTTT: F1=0.426  r8=0.77
[2026-04-26 16:54:13]   🔄 expUUU: training done, eval in progress...
[2026-04-26 16:54:13]   ✓ expVVV: F1=0.413  r8=0.92
[2026-04-26 16:56:13] Waiting... B10 missing=['expNNN', 'expUUU']
[2026-04-26 16:56:13]   🔄 expNNN: training done, eval in progress...
[2026-04-26 16:56:13]   ✓ expOOO: F1=0.335  r8=0.77
[2026-04-26 16:56:13]   ✓ expPPP: F1=0.386  r8=0.69
[2026-04-26 16:56:13]   ✓ expQQQ: F1=0.340  r8=0.54
[2026-04-26 16:56:13]   ✓ expSSS: F1=0.364  r8=0.77
[2026-04-26 16:56:13]   ✓ expTTT: F1=0.426  r8=0.77
[2026-04-26 16:56:13]   🔄 expUUU: training done, eval in progress...
[2026-04-26 16:56:13]   ✓ expVVV: F1=0.413  r8=0.92
[2026-04-26 16:58:13] Waiting... B10 missing=['expNNN', 'expUUU']
[2026-04-26 16:58:13]   🔄 expNNN: training done, eval in progress...
[2026-04-26 16:58:13]   ✓ expOOO: F1=0.335  r8=0.77
[2026-04-26 16:58:13]   ✓ expPPP: F1=0.386  r8=0.69
[2026-04-26 16:58:13]   ✓ expQQQ: F1=0.340  r8=0.54
[2026-04-26 16:58:13]   ✓ expSSS: F1=0.364  r8=0.77
[2026-04-26 16:58:13]   ✓ expTTT: F1=0.426  r8=0.77
[2026-04-26 16:58:13]   🔄 expUUU: training done, eval in progress...
[2026-04-26 16:58:13]   ✓ expVVV: F1=0.413  r8=0.92
[2026-04-26 17:00:13] Waiting... B10 missing=['expNNN', 'expUUU']
[2026-04-26 17:00:13]   🔄 expNNN: training done, eval in progress...
[2026-04-26 17:00:13]   ✓ expOOO: F1=0.335  r8=0.77
[2026-04-26 17:00:13]   ✓ expPPP: F1=0.386  r8=0.69
[2026-04-26 17:00:13]   ✓ expQQQ: F1=0.340  r8=0.54
[2026-04-26 17:00:13]   ✓ expSSS: F1=0.364  r8=0.77
[2026-04-26 17:00:13]   ✓ expTTT: F1=0.426  r8=0.77
[2026-04-26 17:00:13]   🔄 expUUU: training done, eval in progress...
[2026-04-26 17:00:13]   ✓ expVVV: F1=0.413  r8=0.92
[2026-04-26 17:02:13] Waiting... B10 missing=['expNNN', 'expUUU']
[2026-04-26 17:02:13]   🔄 expNNN: training done, eval in progress...
[2026-04-26 17:02:13]   ✓ expOOO: F1=0.335  r8=0.77
[2026-04-26 17:02:13]   ✓ expPPP: F1=0.386  r8=0.69
[2026-04-26 17:02:13]   ✓ expQQQ: F1=0.340  r8=0.54
[2026-04-26 17:02:13]   ✓ expSSS: F1=0.364  r8=0.77
[2026-04-26 17:02:13]   ✓ expTTT: F1=0.426  r8=0.77
[2026-04-26 17:02:13]   🔄 expUUU: training done, eval in progress...
[2026-04-26 17:02:13]   ✓ expVVV: F1=0.413  r8=0.92
[2026-04-26 17:04:13] Waiting... B10 missing=['expNNN', 'expUUU']
[2026-04-26 17:04:13]   🔄 expNNN: training done, eval in progress...
[2026-04-26 17:04:13]   ✓ expOOO: F1=0.335  r8=0.77
[2026-04-26 17:04:13]   ✓ expPPP: F1=0.386  r8=0.69
[2026-04-26 17:04:13]   ✓ expQQQ: F1=0.340  r8=0.54
[2026-04-26 17:04:13]   ✓ expSSS: F1=0.364  r8=0.77
[2026-04-26 17:04:13]   ✓ expTTT: F1=0.426  r8=0.77
[2026-04-26 17:04:13]   🔄 expUUU: training done, eval in progress...
[2026-04-26 17:04:13]   ✓ expVVV: F1=0.413  r8=0.92
[2026-04-26 17:06:14] Waiting... B10 missing=['expNNN', 'expUUU']
[2026-04-26 17:06:14]   🔄 expNNN: training done, eval in progress...
[2026-04-26 17:06:14]   ✓ expOOO: F1=0.335  r8=0.77
[2026-04-26 17:06:14]   ✓ expPPP: F1=0.386  r8=0.69
[2026-04-26 17:06:14]   ✓ expQQQ: F1=0.340  r8=0.54
[2026-04-26 17:06:14]   ✓ expSSS: F1=0.364  r8=0.77
[2026-04-26 17:06:14]   ✓ expTTT: F1=0.426  r8=0.77
[2026-04-26 17:06:14]   🔄 expUUU: training done, eval in progress...
[2026-04-26 17:06:14]   ✓ expVVV: F1=0.413  r8=0.92
[2026-04-26 17:08:14] Waiting... B10 missing=['expNNN', 'expUUU']
[2026-04-26 17:08:14]   🔄 expNNN: training done, eval in progress...
[2026-04-26 17:08:14]   ✓ expOOO: F1=0.335  r8=0.77
[2026-04-26 17:08:14]   ✓ expPPP: F1=0.386  r8=0.69
[2026-04-26 17:08:14]   ✓ expQQQ: F1=0.340  r8=0.54
[2026-04-26 17:08:14]   ✓ expSSS: F1=0.364  r8=0.77
[2026-04-26 17:08:14]   ✓ expTTT: F1=0.426  r8=0.77
[2026-04-26 17:08:14]   🔄 expUUU: training done, eval in progress...
[2026-04-26 17:08:14]   ✓ expVVV: F1=0.413  r8=0.92
[2026-04-26 17:10:14] Waiting... B10 missing=['expNNN', 'expUUU']
[2026-04-26 17:10:14]   🔄 expNNN: training done, eval in progress...
[2026-04-26 17:10:14]   ✓ expOOO: F1=0.335  r8=0.77
[2026-04-26 17:10:14]   ✓ expPPP: F1=0.386  r8=0.69
[2026-04-26 17:10:14]   ✓ expQQQ: F1=0.340  r8=0.54
[2026-04-26 17:10:14]   ✓ expSSS: F1=0.364  r8=0.77
[2026-04-26 17:10:14]   ✓ expTTT: F1=0.426  r8=0.77
[2026-04-26 17:10:14]   🔄 expUUU: training done, eval in progress...
[2026-04-26 17:10:14]   ✓ expVVV: F1=0.413  r8=0.92
[2026-04-26 17:12:14] Waiting... B10 missing=['expNNN', 'expUUU']
[2026-04-26 17:12:14]   🔄 expNNN: training done, eval in progress...
[2026-04-26 17:12:14]   ✓ expOOO: F1=0.335  r8=0.77
[2026-04-26 17:12:14]   ✓ expPPP: F1=0.386  r8=0.69
[2026-04-26 17:12:14]   ✓ expQQQ: F1=0.340  r8=0.54
[2026-04-26 17:12:14]   ✓ expSSS: F1=0.364  r8=0.77
[2026-04-26 17:12:14]   ✓ expTTT: F1=0.426  r8=0.77
[2026-04-26 17:12:14]   🔄 expUUU: training done, eval in progress...
[2026-04-26 17:12:14]   ✓ expVVV: F1=0.413  r8=0.92
[2026-04-26 17:14:14] Waiting... B10 missing=['expNNN', 'expUUU']
[2026-04-26 17:14:14]   🔄 expNNN: training done, eval in progress...
[2026-04-26 17:14:14]   ✓ expOOO: F1=0.335  r8=0.77
[2026-04-26 17:14:14]   ✓ expPPP: F1=0.386  r8=0.69
[2026-04-26 17:14:14]   ✓ expQQQ: F1=0.340  r8=0.54
[2026-04-26 17:14:14]   ✓ expSSS: F1=0.364  r8=0.77
[2026-04-26 17:14:14]   ✓ expTTT: F1=0.426  r8=0.77
[2026-04-26 17:14:14]   🔄 expUUU: training done, eval in progress...
[2026-04-26 17:14:14]   ✓ expVVV: F1=0.413  r8=0.92
[2026-04-26 17:16:14] Waiting... B10 missing=['expNNN', 'expUUU']
[2026-04-26 17:16:14]   🔄 expNNN: training done, eval in progress...
[2026-04-26 17:16:14]   ✓ expOOO: F1=0.335  r8=0.77
[2026-04-26 17:16:14]   ✓ expPPP: F1=0.386  r8=0.69
[2026-04-26 17:16:14]   ✓ expQQQ: F1=0.340  r8=0.54
[2026-04-26 17:16:14]   ✓ expSSS: F1=0.364  r8=0.77
[2026-04-26 17:16:14]   ✓ expTTT: F1=0.426  r8=0.77
[2026-04-26 17:16:14]   🔄 expUUU: training done, eval in progress...
[2026-04-26 17:16:14]   ✓ expVVV: F1=0.413  r8=0.92
[2026-04-26 17:18:15] Waiting... B10 missing=['expNNN', 'expUUU']
[2026-04-26 17:18:15]   🔄 expNNN: training done, eval in progress...
[2026-04-26 17:18:15]   ✓ expOOO: F1=0.335  r8=0.77
[2026-04-26 17:18:15]   ✓ expPPP: F1=0.386  r8=0.69
[2026-04-26 17:18:15]   ✓ expQQQ: F1=0.340  r8=0.54
[2026-04-26 17:18:15]   ✓ expSSS: F1=0.364  r8=0.77
[2026-04-26 17:18:15]   ✓ expTTT: F1=0.426  r8=0.77
[2026-04-26 17:18:15]   🔄 expUUU: training done, eval in progress...
[2026-04-26 17:18:15]   ✓ expVVV: F1=0.413  r8=0.92
[2026-04-26 17:20:15] Waiting... B10 missing=['expNNN', 'expUUU']
[2026-04-26 17:20:15]   🔄 expNNN: training done, eval in progress...
[2026-04-26 17:20:15]   ✓ expOOO: F1=0.335  r8=0.77
[2026-04-26 17:20:15]   ✓ expPPP: F1=0.386  r8=0.69
[2026-04-26 17:20:15]   ✓ expQQQ: F1=0.340  r8=0.54
[2026-04-26 17:20:15]   ✓ expSSS: F1=0.364  r8=0.77
[2026-04-26 17:20:15]   ✓ expTTT: F1=0.426  r8=0.77
[2026-04-26 17:20:15]   🔄 expUUU: training done, eval in progress...
[2026-04-26 17:20:15]   ✓ expVVV: F1=0.413  r8=0.92
[2026-04-26 17:22:15] Waiting... B10 missing=['expNNN', 'expUUU']
[2026-04-26 17:22:15]   🔄 expNNN: training done, eval in progress...
[2026-04-26 17:22:15]   ✓ expOOO: F1=0.335  r8=0.77
[2026-04-26 17:22:15]   ✓ expPPP: F1=0.386  r8=0.69
[2026-04-26 17:22:15]   ✓ expQQQ: F1=0.340  r8=0.54
[2026-04-26 17:22:15]   ✓ expSSS: F1=0.364  r8=0.77
[2026-04-26 17:22:15]   ✓ expTTT: F1=0.426  r8=0.77
[2026-04-26 17:22:15]   🔄 expUUU: training done, eval in progress...
[2026-04-26 17:22:15]   ✓ expVVV: F1=0.413  r8=0.92
[2026-04-26 17:24:15] Waiting... B10 missing=['expNNN', 'expUUU']
[2026-04-26 17:24:15]   🔄 expNNN: training done, eval in progress...
[2026-04-26 17:24:15]   ✓ expOOO: F1=0.335  r8=0.77
[2026-04-26 17:24:15]   ✓ expPPP: F1=0.386  r8=0.69
[2026-04-26 17:24:15]   ✓ expQQQ: F1=0.340  r8=0.54
[2026-04-26 17:24:15]   ✓ expSSS: F1=0.364  r8=0.77
[2026-04-26 17:24:15]   ✓ expTTT: F1=0.426  r8=0.77
[2026-04-26 17:24:15]   🔄 expUUU: training done, eval in progress...
[2026-04-26 17:24:15]   ✓ expVVV: F1=0.413  r8=0.92
[2026-04-26 17:26:15] Waiting... B10 missing=['expNNN', 'expUUU']
[2026-04-26 17:26:15]   🔄 expNNN: training done, eval in progress...
[2026-04-26 17:26:15]   ✓ expOOO: F1=0.335  r8=0.77
[2026-04-26 17:26:15]   ✓ expPPP: F1=0.386  r8=0.69
[2026-04-26 17:26:15]   ✓ expQQQ: F1=0.340  r8=0.54
[2026-04-26 17:26:15]   ✓ expSSS: F1=0.364  r8=0.77
[2026-04-26 17:26:15]   ✓ expTTT: F1=0.426  r8=0.77
[2026-04-26 17:26:15]   🔄 expUUU: training done, eval in progress...
[2026-04-26 17:26:15]   ✓ expVVV: F1=0.413  r8=0.92
[2026-04-26 17:28:16] Waiting... B10 missing=['expNNN', 'expUUU']
[2026-04-26 17:28:16]   🔄 expNNN: training done, eval in progress...
[2026-04-26 17:28:16]   ✓ expOOO: F1=0.335  r8=0.77
[2026-04-26 17:28:16]   ✓ expPPP: F1=0.386  r8=0.69
[2026-04-26 17:28:16]   ✓ expQQQ: F1=0.340  r8=0.54
[2026-04-26 17:28:16]   ✓ expSSS: F1=0.364  r8=0.77
[2026-04-26 17:28:16]   ✓ expTTT: F1=0.426  r8=0.77
[2026-04-26 17:28:16]   🔄 expUUU: training done, eval in progress...
[2026-04-26 17:28:16]   ✓ expVVV: F1=0.413  r8=0.92
[2026-04-26 17:30:16] Waiting... B10 missing=['expNNN', 'expUUU']
[2026-04-26 17:30:16]   🔄 expNNN: training done, eval in progress...
[2026-04-26 17:30:16]   ✓ expOOO: F1=0.335  r8=0.77
[2026-04-26 17:30:16]   ✓ expPPP: F1=0.386  r8=0.69
[2026-04-26 17:30:16]   ✓ expQQQ: F1=0.340  r8=0.54
[2026-04-26 17:30:16]   ✓ expSSS: F1=0.364  r8=0.77
[2026-04-26 17:30:16]   ✓ expTTT: F1=0.426  r8=0.77
[2026-04-26 17:30:16]   🔄 expUUU: training done, eval in progress...
[2026-04-26 17:30:16]   ✓ expVVV: F1=0.413  r8=0.92
[2026-04-26 17:32:16] Waiting... B10 missing=['expNNN', 'expUUU']
[2026-04-26 17:32:16]   🔄 expNNN: training done, eval in progress...
[2026-04-26 17:32:16]   ✓ expOOO: F1=0.335  r8=0.77
[2026-04-26 17:32:16]   ✓ expPPP: F1=0.386  r8=0.69
[2026-04-26 17:32:16]   ✓ expQQQ: F1=0.340  r8=0.54
[2026-04-26 17:32:16]   ✓ expSSS: F1=0.364  r8=0.77
[2026-04-26 17:32:16]   ✓ expTTT: F1=0.426  r8=0.77
[2026-04-26 17:32:16]   🔄 expUUU: training done, eval in progress...
[2026-04-26 17:32:16]   ✓ expVVV: F1=0.413  r8=0.92
[2026-04-26 17:34:16] Waiting... B10 missing=['expNNN', 'expUUU']
[2026-04-26 17:34:16]   🔄 expNNN: training done, eval in progress...
[2026-04-26 17:34:16]   ✓ expOOO: F1=0.335  r8=0.77
[2026-04-26 17:34:16]   ✓ expPPP: F1=0.386  r8=0.69
[2026-04-26 17:34:16]   ✓ expQQQ: F1=0.340  r8=0.54
[2026-04-26 17:34:16]   ✓ expSSS: F1=0.364  r8=0.77
[2026-04-26 17:34:16]   ✓ expTTT: F1=0.426  r8=0.77
[2026-04-26 17:34:16]   🔄 expUUU: training done, eval in progress...
[2026-04-26 17:34:16]   ✓ expVVV: F1=0.413  r8=0.92
[2026-04-26 17:36:16] Waiting... B10 missing=['expNNN', 'expUUU']
[2026-04-26 17:36:16]   🔄 expNNN: training done, eval in progress...
[2026-04-26 17:36:16]   ✓ expOOO: F1=0.335  r8=0.77
[2026-04-26 17:36:16]   ✓ expPPP: F1=0.386  r8=0.69
[2026-04-26 17:36:16]   ✓ expQQQ: F1=0.340  r8=0.54
[2026-04-26 17:36:16]   ✓ expSSS: F1=0.364  r8=0.77
[2026-04-26 17:36:16]   ✓ expTTT: F1=0.426  r8=0.77
[2026-04-26 17:36:16]   🔄 expUUU: training done, eval in progress...
[2026-04-26 17:36:16]   ✓ expVVV: F1=0.413  r8=0.92
[2026-04-26 17:38:16] Waiting... B10 missing=['expNNN', 'expUUU']
[2026-04-26 17:38:16]   🔄 expNNN: training done, eval in progress...
[2026-04-26 17:38:16]   ✓ expOOO: F1=0.335  r8=0.77
[2026-04-26 17:38:16]   ✓ expPPP: F1=0.386  r8=0.69
[2026-04-26 17:38:16]   ✓ expQQQ: F1=0.340  r8=0.54
[2026-04-26 17:38:16]   ✓ expSSS: F1=0.364  r8=0.77
[2026-04-26 17:38:16]   ✓ expTTT: F1=0.426  r8=0.77
[2026-04-26 17:38:16]   🔄 expUUU: training done, eval in progress...
[2026-04-26 17:38:16]   ✓ expVVV: F1=0.413  r8=0.92
[2026-04-26 17:40:16] Waiting... B10 missing=['expNNN', 'expUUU']
[2026-04-26 17:40:17]   🔄 expNNN: training done, eval in progress...
[2026-04-26 17:40:17]   ✓ expOOO: F1=0.335  r8=0.77
[2026-04-26 17:40:17]   ✓ expPPP: F1=0.386  r8=0.69
[2026-04-26 17:40:17]   ✓ expQQQ: F1=0.340  r8=0.54
[2026-04-26 17:40:17]   ✓ expSSS: F1=0.364  r8=0.77
[2026-04-26 17:40:17]   ✓ expTTT: F1=0.426  r8=0.77
[2026-04-26 17:40:17]   🔄 expUUU: training done, eval in progress...
[2026-04-26 17:40:17]   ✓ expVVV: F1=0.413  r8=0.92
[2026-04-26 17:42:17] Waiting... B10 missing=['expNNN', 'expUUU']
[2026-04-26 17:42:17]   🔄 expNNN: training done, eval in progress...
[2026-04-26 17:42:17]   ✓ expOOO: F1=0.335  r8=0.77
[2026-04-26 17:42:17]   ✓ expPPP: F1=0.386  r8=0.69
[2026-04-26 17:42:17]   ✓ expQQQ: F1=0.340  r8=0.54
[2026-04-26 17:42:17]   ✓ expSSS: F1=0.364  r8=0.77
[2026-04-26 17:42:17]   ✓ expTTT: F1=0.426  r8=0.77
[2026-04-26 17:42:17]   🔄 expUUU: training done, eval in progress...
[2026-04-26 17:42:17]   ✓ expVVV: F1=0.413  r8=0.92
[2026-04-26 17:44:17] Waiting... B10 missing=['expNNN', 'expUUU']
[2026-04-26 17:44:17]   🔄 expNNN: training done, eval in progress...
[2026-04-26 17:44:17]   ✓ expOOO: F1=0.335  r8=0.77
[2026-04-26 17:44:17]   ✓ expPPP: F1=0.386  r8=0.69
[2026-04-26 17:44:17]   ✓ expQQQ: F1=0.340  r8=0.54
[2026-04-26 17:44:17]   ✓ expSSS: F1=0.364  r8=0.77
[2026-04-26 17:44:17]   ✓ expTTT: F1=0.426  r8=0.77
[2026-04-26 17:44:17]   🔄 expUUU: training done, eval in progress...
[2026-04-26 17:44:17]   ✓ expVVV: F1=0.413  r8=0.92
[2026-04-26 17:46:17] Waiting... B10 missing=['expNNN', 'expUUU']
[2026-04-26 17:46:17]   🔄 expNNN: training done, eval in progress...
[2026-04-26 17:46:17]   ✓ expOOO: F1=0.335  r8=0.77
[2026-04-26 17:46:17]   ✓ expPPP: F1=0.386  r8=0.69
[2026-04-26 17:46:17]   ✓ expQQQ: F1=0.340  r8=0.54
[2026-04-26 17:46:17]   ✓ expSSS: F1=0.364  r8=0.77
[2026-04-26 17:46:17]   ✓ expTTT: F1=0.426  r8=0.77
[2026-04-26 17:46:17]   🔄 expUUU: training done, eval in progress...
[2026-04-26 17:46:17]   ✓ expVVV: F1=0.413  r8=0.92
[2026-04-26 17:48:17] Waiting... B10 missing=['expNNN', 'expUUU']
[2026-04-26 17:48:17]   🔄 expNNN: training done, eval in progress...
[2026-04-26 17:48:17]   ✓ expOOO: F1=0.335  r8=0.77
[2026-04-26 17:48:17]   ✓ expPPP: F1=0.386  r8=0.69
[2026-04-26 17:48:17]   ✓ expQQQ: F1=0.340  r8=0.54
[2026-04-26 17:48:17]   ✓ expSSS: F1=0.364  r8=0.77
[2026-04-26 17:48:17]   ✓ expTTT: F1=0.426  r8=0.77
[2026-04-26 17:48:17]   🔄 expUUU: training done, eval in progress...
[2026-04-26 17:48:17]   ✓ expVVV: F1=0.413  r8=0.92
[2026-04-26 17:50:17] Waiting... B10 missing=['expNNN', 'expUUU']
[2026-04-26 17:50:17]   🔄 expNNN: training done, eval in progress...
[2026-04-26 17:50:17]   ✓ expOOO: F1=0.335  r8=0.77
[2026-04-26 17:50:17]   ✓ expPPP: F1=0.386  r8=0.69
[2026-04-26 17:50:17]   ✓ expQQQ: F1=0.340  r8=0.54
[2026-04-26 17:50:17]   ✓ expSSS: F1=0.364  r8=0.77
[2026-04-26 17:50:17]   ✓ expTTT: F1=0.426  r8=0.77
[2026-04-26 17:50:17]   🔄 expUUU: training done, eval in progress...
[2026-04-26 17:50:17]   ✓ expVVV: F1=0.413  r8=0.92
[2026-04-26 17:52:17] Waiting... B10 missing=['expNNN', 'expUUU']
[2026-04-26 17:52:17]   🔄 expNNN: training done, eval in progress...
[2026-04-26 17:52:17]   ✓ expOOO: F1=0.335  r8=0.77
[2026-04-26 17:52:17]   ✓ expPPP: F1=0.386  r8=0.69
[2026-04-26 17:52:17]   ✓ expQQQ: F1=0.340  r8=0.54
[2026-04-26 17:52:17]   ✓ expSSS: F1=0.364  r8=0.77
[2026-04-26 17:52:17]   ✓ expTTT: F1=0.426  r8=0.77
[2026-04-26 17:52:17]   🔄 expUUU: training done, eval in progress...
[2026-04-26 17:52:17]   ✓ expVVV: F1=0.413  r8=0.92
[2026-04-26 17:54:18] Waiting... B10 missing=['expNNN', 'expUUU']
[2026-04-26 17:54:18]   🔄 expNNN: training done, eval in progress...
[2026-04-26 17:54:18]   ✓ expOOO: F1=0.335  r8=0.77
[2026-04-26 17:54:18]   ✓ expPPP: F1=0.386  r8=0.69
[2026-04-26 17:54:18]   ✓ expQQQ: F1=0.340  r8=0.54
[2026-04-26 17:54:18]   ✓ expSSS: F1=0.364  r8=0.77
[2026-04-26 17:54:18]   ✓ expTTT: F1=0.426  r8=0.77
[2026-04-26 17:54:18]   🔄 expUUU: training done, eval in progress...
[2026-04-26 17:54:18]   ✓ expVVV: F1=0.413  r8=0.92
[2026-04-26 17:56:18] Waiting... B10 missing=['expNNN', 'expUUU']
[2026-04-26 17:56:18]   🔄 expNNN: training done, eval in progress...
[2026-04-26 17:56:18]   ✓ expOOO: F1=0.335  r8=0.77
[2026-04-26 17:56:18]   ✓ expPPP: F1=0.386  r8=0.69
[2026-04-26 17:56:18]   ✓ expQQQ: F1=0.340  r8=0.54
[2026-04-26 17:56:18]   ✓ expSSS: F1=0.364  r8=0.77
[2026-04-26 17:56:18]   ✓ expTTT: F1=0.426  r8=0.77
[2026-04-26 17:56:18]   🔄 expUUU: training done, eval in progress...
[2026-04-26 17:56:18]   ✓ expVVV: F1=0.413  r8=0.92
[2026-04-26 17:58:18] Waiting... B10 missing=['expNNN', 'expUUU']
[2026-04-26 17:58:18]   🔄 expNNN: training done, eval in progress...
[2026-04-26 17:58:18]   ✓ expOOO: F1=0.335  r8=0.77
[2026-04-26 17:58:18]   ✓ expPPP: F1=0.386  r8=0.69
[2026-04-26 17:58:18]   ✓ expQQQ: F1=0.340  r8=0.54
[2026-04-26 17:58:18]   ✓ expSSS: F1=0.364  r8=0.77
[2026-04-26 17:58:18]   ✓ expTTT: F1=0.426  r8=0.77
[2026-04-26 17:58:18]   🔄 expUUU: training done, eval in progress...
[2026-04-26 17:58:18]   ✓ expVVV: F1=0.413  r8=0.92
[2026-04-26 18:00:18] Waiting... B10 missing=['expNNN', 'expUUU']
[2026-04-26 18:00:18]   🔄 expNNN: training done, eval in progress...
[2026-04-26 18:00:18]   ✓ expOOO: F1=0.335  r8=0.77
[2026-04-26 18:00:18]   ✓ expPPP: F1=0.386  r8=0.69
[2026-04-26 18:00:18]   ✓ expQQQ: F1=0.340  r8=0.54
[2026-04-26 18:00:18]   ✓ expSSS: F1=0.364  r8=0.77
[2026-04-26 18:00:18]   ✓ expTTT: F1=0.426  r8=0.77
[2026-04-26 18:00:18]   🔄 expUUU: training done, eval in progress...
[2026-04-26 18:00:18]   ✓ expVVV: F1=0.413  r8=0.92
[2026-04-26 18:02:18] Waiting... B10 missing=['expNNN', 'expUUU']
[2026-04-26 18:02:18]   🔄 expNNN: training done, eval in progress...
[2026-04-26 18:02:18]   ✓ expOOO: F1=0.335  r8=0.77
[2026-04-26 18:02:18]   ✓ expPPP: F1=0.386  r8=0.69
[2026-04-26 18:02:18]   ✓ expQQQ: F1=0.340  r8=0.54
[2026-04-26 18:02:18]   ✓ expSSS: F1=0.364  r8=0.77
[2026-04-26 18:02:18]   ✓ expTTT: F1=0.426  r8=0.77
[2026-04-26 18:02:18]   🔄 expUUU: training done, eval in progress...
[2026-04-26 18:02:18]   ✓ expVVV: F1=0.413  r8=0.92
[2026-04-26 18:04:18] Waiting... B10 missing=['expNNN', 'expUUU']
[2026-04-26 18:04:18]   🔄 expNNN: training done, eval in progress...
[2026-04-26 18:04:18]   ✓ expOOO: F1=0.335  r8=0.77
[2026-04-26 18:04:18]   ✓ expPPP: F1=0.386  r8=0.69
[2026-04-26 18:04:18]   ✓ expQQQ: F1=0.340  r8=0.54
[2026-04-26 18:04:18]   ✓ expSSS: F1=0.364  r8=0.77
[2026-04-26 18:04:18]   ✓ expTTT: F1=0.426  r8=0.77
[2026-04-26 18:04:18]   🔄 expUUU: training done, eval in progress...
[2026-04-26 18:04:18]   ✓ expVVV: F1=0.413  r8=0.92
[2026-04-26 18:06:19] Waiting... B10 missing=['expNNN', 'expUUU']
[2026-04-26 18:06:19]   🔄 expNNN: training done, eval in progress...
[2026-04-26 18:06:19]   ✓ expOOO: F1=0.335  r8=0.77
[2026-04-26 18:06:19]   ✓ expPPP: F1=0.386  r8=0.69
[2026-04-26 18:06:19]   ✓ expQQQ: F1=0.340  r8=0.54
[2026-04-26 18:06:19]   ✓ expSSS: F1=0.364  r8=0.77
[2026-04-26 18:06:19]   ✓ expTTT: F1=0.426  r8=0.77
[2026-04-26 18:06:19]   🔄 expUUU: training done, eval in progress...
[2026-04-26 18:06:19]   ✓ expVVV: F1=0.413  r8=0.92
[2026-04-26 18:08:19] Waiting... B10 missing=['expNNN', 'expUUU']
[2026-04-26 18:08:19]   🔄 expNNN: training done, eval in progress...
[2026-04-26 18:08:19]   ✓ expOOO: F1=0.335  r8=0.77
[2026-04-26 18:08:19]   ✓ expPPP: F1=0.386  r8=0.69
[2026-04-26 18:08:19]   ✓ expQQQ: F1=0.340  r8=0.54
[2026-04-26 18:08:19]   ✓ expSSS: F1=0.364  r8=0.77
[2026-04-26 18:08:19]   ✓ expTTT: F1=0.426  r8=0.77
[2026-04-26 18:08:19]   🔄 expUUU: training done, eval in progress...
[2026-04-26 18:08:19]   ✓ expVVV: F1=0.413  r8=0.92
[2026-04-26 18:10:19] Waiting... B10 missing=['expNNN', 'expUUU']
[2026-04-26 18:10:19]   🔄 expNNN: training done, eval in progress...
[2026-04-26 18:10:19]   ✓ expOOO: F1=0.335  r8=0.77
[2026-04-26 18:10:19]   ✓ expPPP: F1=0.386  r8=0.69
[2026-04-26 18:10:19]   ✓ expQQQ: F1=0.340  r8=0.54
[2026-04-26 18:10:19]   ✓ expSSS: F1=0.364  r8=0.77
[2026-04-26 18:10:19]   ✓ expTTT: F1=0.426  r8=0.77
[2026-04-26 18:10:19]   🔄 expUUU: training done, eval in progress...
[2026-04-26 18:10:19]   ✓ expVVV: F1=0.413  r8=0.92
[2026-04-26 18:12:19] Waiting... B10 missing=['expNNN', 'expUUU']
[2026-04-26 18:12:19]   🔄 expNNN: training done, eval in progress...
[2026-04-26 18:12:19]   ✓ expOOO: F1=0.335  r8=0.77
[2026-04-26 18:12:19]   ✓ expPPP: F1=0.386  r8=0.69
[2026-04-26 18:12:19]   ✓ expQQQ: F1=0.340  r8=0.54
[2026-04-26 18:12:19]   ✓ expSSS: F1=0.364  r8=0.77
[2026-04-26 18:12:19]   ✓ expTTT: F1=0.426  r8=0.77
[2026-04-26 18:12:19]   🔄 expUUU: training done, eval in progress...
[2026-04-26 18:12:19]   ✓ expVVV: F1=0.413  r8=0.92
[2026-04-26 18:14:19] Waiting... B10 missing=['expNNN', 'expUUU']
[2026-04-26 18:14:19]   🔄 expNNN: training done, eval in progress...
[2026-04-26 18:14:19]   ✓ expOOO: F1=0.335  r8=0.77
[2026-04-26 18:14:19]   ✓ expPPP: F1=0.386  r8=0.69
[2026-04-26 18:14:19]   ✓ expQQQ: F1=0.340  r8=0.54
[2026-04-26 18:14:19]   ✓ expSSS: F1=0.364  r8=0.77
[2026-04-26 18:14:19]   ✓ expTTT: F1=0.426  r8=0.77
[2026-04-26 18:14:19]   🔄 expUUU: training done, eval in progress...
[2026-04-26 18:14:19]   ✓ expVVV: F1=0.413  r8=0.92
[2026-04-26 18:16:19] Waiting... B10 missing=['expNNN', 'expUUU']
[2026-04-26 18:16:19]   🔄 expNNN: training done, eval in progress...
[2026-04-26 18:16:19]   ✓ expOOO: F1=0.335  r8=0.77
[2026-04-26 18:16:19]   ✓ expPPP: F1=0.386  r8=0.69
[2026-04-26 18:16:19]   ✓ expQQQ: F1=0.340  r8=0.54
[2026-04-26 18:16:19]   ✓ expSSS: F1=0.364  r8=0.77
[2026-04-26 18:16:19]   ✓ expTTT: F1=0.426  r8=0.77
[2026-04-26 18:16:19]   🔄 expUUU: training done, eval in progress...
[2026-04-26 18:16:19]   ✓ expVVV: F1=0.413  r8=0.92
[2026-04-26 18:18:20] Waiting... B10 missing=['expNNN', 'expUUU']
[2026-04-26 18:18:20]   🔄 expNNN: training done, eval in progress...
[2026-04-26 18:18:20]   ✓ expOOO: F1=0.335  r8=0.77
[2026-04-26 18:18:20]   ✓ expPPP: F1=0.386  r8=0.69
[2026-04-26 18:18:20]   ✓ expQQQ: F1=0.340  r8=0.54
[2026-04-26 18:18:20]   ✓ expSSS: F1=0.364  r8=0.77
[2026-04-26 18:18:20]   ✓ expTTT: F1=0.426  r8=0.77
[2026-04-26 18:18:20]   🔄 expUUU: training done, eval in progress...
[2026-04-26 18:18:20]   ✓ expVVV: F1=0.413  r8=0.92
[2026-04-26 18:20:20] Waiting... B10 missing=['expNNN', 'expUUU']
[2026-04-26 18:20:20]   🔄 expNNN: training done, eval in progress...
[2026-04-26 18:20:20]   ✓ expOOO: F1=0.335  r8=0.77
[2026-04-26 18:20:20]   ✓ expPPP: F1=0.386  r8=0.69
[2026-04-26 18:20:20]   ✓ expQQQ: F1=0.340  r8=0.54
[2026-04-26 18:20:20]   ✓ expSSS: F1=0.364  r8=0.77
[2026-04-26 18:20:20]   ✓ expTTT: F1=0.426  r8=0.77
[2026-04-26 18:20:20]   🔄 expUUU: training done, eval in progress...
[2026-04-26 18:20:20]   ✓ expVVV: F1=0.413  r8=0.92
[2026-04-26 18:22:20] Waiting... B10 missing=['expNNN', 'expUUU']
[2026-04-26 18:22:20]   🔄 expNNN: training done, eval in progress...
[2026-04-26 18:22:20]   ✓ expOOO: F1=0.335  r8=0.77
[2026-04-26 18:22:20]   ✓ expPPP: F1=0.386  r8=0.69
[2026-04-26 18:22:20]   ✓ expQQQ: F1=0.340  r8=0.54
[2026-04-26 18:22:20]   ✓ expSSS: F1=0.364  r8=0.77
[2026-04-26 18:22:20]   ✓ expTTT: F1=0.426  r8=0.77
[2026-04-26 18:22:20]   🔄 expUUU: training done, eval in progress...
[2026-04-26 18:22:20]   ✓ expVVV: F1=0.413  r8=0.92
[2026-04-26 18:24:20] Waiting... B10 missing=['expNNN', 'expUUU']
[2026-04-26 18:24:20]   🔄 expNNN: training done, eval in progress...
[2026-04-26 18:24:20]   ✓ expOOO: F1=0.335  r8=0.77
[2026-04-26 18:24:20]   ✓ expPPP: F1=0.386  r8=0.69
[2026-04-26 18:24:20]   ✓ expQQQ: F1=0.340  r8=0.54
[2026-04-26 18:24:20]   ✓ expSSS: F1=0.364  r8=0.77
[2026-04-26 18:24:20]   ✓ expTTT: F1=0.426  r8=0.77
[2026-04-26 18:24:20]   🔄 expUUU: training done, eval in progress...
[2026-04-26 18:24:20]   ✓ expVVV: F1=0.413  r8=0.92
[2026-04-26 18:26:20] Waiting... B10 missing=['expNNN', 'expUUU']
[2026-04-26 18:26:20]   🔄 expNNN: training done, eval in progress...
[2026-04-26 18:26:20]   ✓ expOOO: F1=0.335  r8=0.77
[2026-04-26 18:26:20]   ✓ expPPP: F1=0.386  r8=0.69
[2026-04-26 18:26:20]   ✓ expQQQ: F1=0.340  r8=0.54
[2026-04-26 18:26:20]   ✓ expSSS: F1=0.364  r8=0.77
[2026-04-26 18:26:20]   ✓ expTTT: F1=0.426  r8=0.77
[2026-04-26 18:26:20]   🔄 expUUU: training done, eval in progress...
[2026-04-26 18:26:20]   ✓ expVVV: F1=0.413  r8=0.92
[2026-04-26 18:28:20] Waiting... B10 missing=['expNNN', 'expUUU']
[2026-04-26 18:28:20]   🔄 expNNN: training done, eval in progress...
[2026-04-26 18:28:20]   ✓ expOOO: F1=0.335  r8=0.77
[2026-04-26 18:28:20]   ✓ expPPP: F1=0.386  r8=0.69
[2026-04-26 18:28:20]   ✓ expQQQ: F1=0.340  r8=0.54
[2026-04-26 18:28:20]   ✓ expSSS: F1=0.364  r8=0.77
[2026-04-26 18:28:20]   ✓ expTTT: F1=0.426  r8=0.77
[2026-04-26 18:28:20]   🔄 expUUU: training done, eval in progress...
[2026-04-26 18:28:20]   ✓ expVVV: F1=0.413  r8=0.92
[2026-04-26 18:30:21] Waiting... B10 missing=['expNNN', 'expUUU']
[2026-04-26 18:30:21]   🔄 expNNN: training done, eval in progress...
[2026-04-26 18:30:21]   ✓ expOOO: F1=0.335  r8=0.77
[2026-04-26 18:30:21]   ✓ expPPP: F1=0.386  r8=0.69
[2026-04-26 18:30:21]   ✓ expQQQ: F1=0.340  r8=0.54
[2026-04-26 18:30:21]   ✓ expSSS: F1=0.364  r8=0.77
[2026-04-26 18:30:21]   ✓ expTTT: F1=0.426  r8=0.77
[2026-04-26 18:30:21]   🔄 expUUU: training done, eval in progress...
[2026-04-26 18:30:21]   ✓ expVVV: F1=0.413  r8=0.92
[2026-04-26 18:32:21] Waiting... B10 missing=['expNNN', 'expUUU']
[2026-04-26 18:32:21]   🔄 expNNN: training done, eval in progress...
[2026-04-26 18:32:21]   ✓ expOOO: F1=0.335  r8=0.77
[2026-04-26 18:32:21]   ✓ expPPP: F1=0.386  r8=0.69
[2026-04-26 18:32:21]   ✓ expQQQ: F1=0.340  r8=0.54
[2026-04-26 18:32:21]   ✓ expSSS: F1=0.364  r8=0.77
[2026-04-26 18:32:21]   ✓ expTTT: F1=0.426  r8=0.77
[2026-04-26 18:32:21]   🔄 expUUU: training done, eval in progress...
[2026-04-26 18:32:21]   ✓ expVVV: F1=0.413  r8=0.92
[2026-04-26 18:34:21] Waiting... B10 missing=['expNNN', 'expUUU']
[2026-04-26 18:34:21]   🔄 expNNN: training done, eval in progress...
[2026-04-26 18:34:21]   ✓ expOOO: F1=0.335  r8=0.77
[2026-04-26 18:34:21]   ✓ expPPP: F1=0.386  r8=0.69
[2026-04-26 18:34:21]   ✓ expQQQ: F1=0.340  r8=0.54
[2026-04-26 18:34:21]   ✓ expSSS: F1=0.364  r8=0.77
[2026-04-26 18:34:21]   ✓ expTTT: F1=0.426  r8=0.77
[2026-04-26 18:34:21]   🔄 expUUU: training done, eval in progress...
[2026-04-26 18:34:21]   ✓ expVVV: F1=0.413  r8=0.92
[2026-04-26 18:36:21] Waiting... B10 missing=['expNNN', 'expUUU']
[2026-04-26 18:36:21]   🔄 expNNN: training done, eval in progress...
[2026-04-26 18:36:21]   ✓ expOOO: F1=0.335  r8=0.77
[2026-04-26 18:36:21]   ✓ expPPP: F1=0.386  r8=0.69
[2026-04-26 18:36:21]   ✓ expQQQ: F1=0.340  r8=0.54
[2026-04-26 18:36:21]   ✓ expSSS: F1=0.364  r8=0.77
[2026-04-26 18:36:21]   ✓ expTTT: F1=0.426  r8=0.77
[2026-04-26 18:36:21]   🔄 expUUU: training done, eval in progress...
[2026-04-26 18:36:21]   ✓ expVVV: F1=0.413  r8=0.92
[2026-04-26 18:38:21] Waiting... B10 missing=['expNNN', 'expUUU']
[2026-04-26 18:38:21]   🔄 expNNN: training done, eval in progress...
[2026-04-26 18:38:21]   ✓ expOOO: F1=0.335  r8=0.77
[2026-04-26 18:38:21]   ✓ expPPP: F1=0.386  r8=0.69
[2026-04-26 18:38:21]   ✓ expQQQ: F1=0.340  r8=0.54
[2026-04-26 18:38:21]   ✓ expSSS: F1=0.364  r8=0.77
[2026-04-26 18:38:21]   ✓ expTTT: F1=0.426  r8=0.77
[2026-04-26 18:38:21]   🔄 expUUU: training done, eval in progress...
[2026-04-26 18:38:21]   ✓ expVVV: F1=0.413  r8=0.92
[2026-04-26 18:40:21] Waiting... B10 missing=['expNNN', 'expUUU']
[2026-04-26 18:40:21]   🔄 expNNN: training done, eval in progress...
[2026-04-26 18:40:21]   ✓ expOOO: F1=0.335  r8=0.77
[2026-04-26 18:40:21]   ✓ expPPP: F1=0.386  r8=0.69
[2026-04-26 18:40:21]   ✓ expQQQ: F1=0.340  r8=0.54
[2026-04-26 18:40:21]   ✓ expSSS: F1=0.364  r8=0.77
[2026-04-26 18:40:21]   ✓ expTTT: F1=0.426  r8=0.77
[2026-04-26 18:40:21]   🔄 expUUU: training done, eval in progress...
[2026-04-26 18:40:21]   ✓ expVVV: F1=0.413  r8=0.92
[2026-04-26 18:42:22] Waiting... B10 missing=['expNNN', 'expUUU']
[2026-04-26 18:42:22]   🔄 expNNN: training done, eval in progress...
[2026-04-26 18:42:22]   ✓ expOOO: F1=0.335  r8=0.77
[2026-04-26 18:42:22]   ✓ expPPP: F1=0.386  r8=0.69
[2026-04-26 18:42:22]   ✓ expQQQ: F1=0.340  r8=0.54
[2026-04-26 18:42:22]   ✓ expSSS: F1=0.364  r8=0.77
[2026-04-26 18:42:22]   ✓ expTTT: F1=0.426  r8=0.77
[2026-04-26 18:42:22]   🔄 expUUU: training done, eval in progress...
[2026-04-26 18:42:22]   ✓ expVVV: F1=0.413  r8=0.92
[2026-04-26 18:44:22] Waiting... B10 missing=['expNNN', 'expUUU']
[2026-04-26 18:44:22]   🔄 expNNN: training done, eval in progress...
[2026-04-26 18:44:22]   ✓ expOOO: F1=0.335  r8=0.77
[2026-04-26 18:44:22]   ✓ expPPP: F1=0.386  r8=0.69
[2026-04-26 18:44:22]   ✓ expQQQ: F1=0.340  r8=0.54
[2026-04-26 18:44:22]   ✓ expSSS: F1=0.364  r8=0.77
[2026-04-26 18:44:22]   ✓ expTTT: F1=0.426  r8=0.77
[2026-04-26 18:44:22]   🔄 expUUU: training done, eval in progress...
[2026-04-26 18:44:22]   ✓ expVVV: F1=0.413  r8=0.92
[2026-04-26 18:46:22] Waiting... B10 missing=['expNNN', 'expUUU']
[2026-04-26 18:46:22]   🔄 expNNN: training done, eval in progress...
[2026-04-26 18:46:22]   ✓ expOOO: F1=0.335  r8=0.77
[2026-04-26 18:46:22]   ✓ expPPP: F1=0.386  r8=0.69
[2026-04-26 18:46:22]   ✓ expQQQ: F1=0.340  r8=0.54
[2026-04-26 18:46:22]   ✓ expSSS: F1=0.364  r8=0.77
[2026-04-26 18:46:22]   ✓ expTTT: F1=0.426  r8=0.77
[2026-04-26 18:46:22]   🔄 expUUU: training done, eval in progress...
[2026-04-26 18:46:22]   ✓ expVVV: F1=0.413  r8=0.92
[2026-04-26 18:48:22] Waiting... B10 missing=['expNNN', 'expUUU']
[2026-04-26 18:48:22]   🔄 expNNN: training done, eval in progress...
[2026-04-26 18:48:22]   ✓ expOOO: F1=0.335  r8=0.77
[2026-04-26 18:48:22]   ✓ expPPP: F1=0.386  r8=0.69
[2026-04-26 18:48:22]   ✓ expQQQ: F1=0.340  r8=0.54
[2026-04-26 18:48:22]   ✓ expSSS: F1=0.364  r8=0.77
[2026-04-26 18:48:22]   ✓ expTTT: F1=0.426  r8=0.77
[2026-04-26 18:48:22]   🔄 expUUU: training done, eval in progress...
[2026-04-26 18:48:22]   ✓ expVVV: F1=0.413  r8=0.92
[2026-04-26 18:50:22] Waiting... B10 missing=['expNNN', 'expUUU']
[2026-04-26 18:50:22]   🔄 expNNN: training done, eval in progress...
[2026-04-26 18:50:22]   ✓ expOOO: F1=0.335  r8=0.77
[2026-04-26 18:50:22]   ✓ expPPP: F1=0.386  r8=0.69
[2026-04-26 18:50:22]   ✓ expQQQ: F1=0.340  r8=0.54
[2026-04-26 18:50:22]   ✓ expSSS: F1=0.364  r8=0.77
[2026-04-26 18:50:22]   ✓ expTTT: F1=0.426  r8=0.77
[2026-04-26 18:50:22]   🔄 expUUU: training done, eval in progress...
[2026-04-26 18:50:22]   ✓ expVVV: F1=0.413  r8=0.92
[2026-04-26 18:52:22] Waiting... B10 missing=['expNNN', 'expUUU']
[2026-04-26 18:52:22]   🔄 expNNN: training done, eval in progress...
[2026-04-26 18:52:22]   ✓ expOOO: F1=0.335  r8=0.77
[2026-04-26 18:52:22]   ✓ expPPP: F1=0.386  r8=0.69
[2026-04-26 18:52:22]   ✓ expQQQ: F1=0.340  r8=0.54
[2026-04-26 18:52:22]   ✓ expSSS: F1=0.364  r8=0.77
[2026-04-26 18:52:22]   ✓ expTTT: F1=0.426  r8=0.77
[2026-04-26 18:52:22]   🔄 expUUU: training done, eval in progress...
[2026-04-26 18:52:22]   ✓ expVVV: F1=0.413  r8=0.92
[2026-04-26 18:54:22] Waiting... B10 missing=['expNNN', 'expUUU']
[2026-04-26 18:54:22]   🔄 expNNN: training done, eval in progress...
[2026-04-26 18:54:22]   ✓ expOOO: F1=0.335  r8=0.77
[2026-04-26 18:54:22]   ✓ expPPP: F1=0.386  r8=0.69
[2026-04-26 18:54:22]   ✓ expQQQ: F1=0.340  r8=0.54
[2026-04-26 18:54:22]   ✓ expSSS: F1=0.364  r8=0.77
[2026-04-26 18:54:22]   ✓ expTTT: F1=0.426  r8=0.77
[2026-04-26 18:54:23]   🔄 expUUU: training done, eval in progress...
[2026-04-26 18:54:23]   ✓ expVVV: F1=0.413  r8=0.92
[2026-04-26 18:56:23] Waiting... B10 missing=['expNNN', 'expUUU']
[2026-04-26 18:56:23]   🔄 expNNN: training done, eval in progress...
[2026-04-26 18:56:23]   ✓ expOOO: F1=0.335  r8=0.77
[2026-04-26 18:56:23]   ✓ expPPP: F1=0.386  r8=0.69
[2026-04-26 18:56:23]   ✓ expQQQ: F1=0.340  r8=0.54
[2026-04-26 18:56:23]   ✓ expSSS: F1=0.364  r8=0.77
[2026-04-26 18:56:23]   ✓ expTTT: F1=0.426  r8=0.77
[2026-04-26 18:56:23]   🔄 expUUU: training done, eval in progress...
[2026-04-26 18:56:23]   ✓ expVVV: F1=0.413  r8=0.92
[2026-04-26 18:58:23] Waiting... B10 missing=['expNNN', 'expUUU']
[2026-04-26 18:58:23]   🔄 expNNN: training done, eval in progress...
[2026-04-26 18:58:23]   ✓ expOOO: F1=0.335  r8=0.77
[2026-04-26 18:58:23]   ✓ expPPP: F1=0.386  r8=0.69
[2026-04-26 18:58:23]   ✓ expQQQ: F1=0.340  r8=0.54
[2026-04-26 18:58:23]   ✓ expSSS: F1=0.364  r8=0.77
[2026-04-26 18:58:23]   ✓ expTTT: F1=0.426  r8=0.77
[2026-04-26 18:58:23]   🔄 expUUU: training done, eval in progress...
[2026-04-26 18:58:23]   ✓ expVVV: F1=0.413  r8=0.92
[2026-04-26 19:00:23] Waiting... B10 missing=['expNNN', 'expUUU']
[2026-04-26 19:00:23]   🔄 expNNN: training done, eval in progress...
[2026-04-26 19:00:23]   ✓ expOOO: F1=0.335  r8=0.77
[2026-04-26 19:00:23]   ✓ expPPP: F1=0.386  r8=0.69
[2026-04-26 19:00:23]   ✓ expQQQ: F1=0.340  r8=0.54
[2026-04-26 19:00:23]   ✓ expSSS: F1=0.364  r8=0.77
[2026-04-26 19:00:23]   ✓ expTTT: F1=0.426  r8=0.77
[2026-04-26 19:00:23]   🔄 expUUU: training done, eval in progress...
[2026-04-26 19:00:23]   ✓ expVVV: F1=0.413  r8=0.92
[2026-04-26 19:02:23] Waiting... B10 missing=['expUUU']
[2026-04-26 19:02:23]   ✓ expNNN: F1=0.347  r8=0.85
[2026-04-26 19:02:23]   ✓ expOOO: F1=0.335  r8=0.77
[2026-04-26 19:02:23]   ✓ expPPP: F1=0.386  r8=0.69
[2026-04-26 19:02:23]   ✓ expQQQ: F1=0.340  r8=0.54
[2026-04-26 19:02:23]   ✓ expSSS: F1=0.364  r8=0.77
[2026-04-26 19:02:23]   ✓ expTTT: F1=0.426  r8=0.77
[2026-04-26 19:02:23]   🔄 expUUU: training done, eval in progress...
[2026-04-26 19:02:23]   ✓ expVVV: F1=0.413  r8=0.92
[2026-04-26 19:04:23] Waiting... B10 missing=['expUUU']
[2026-04-26 19:04:23]   ✓ expNNN: F1=0.356  r8=0.85
[2026-04-26 19:04:23]   ✓ expOOO: F1=0.335  r8=0.77
[2026-04-26 19:04:23]   ✓ expPPP: F1=0.386  r8=0.69
[2026-04-26 19:04:23]   ✓ expQQQ: F1=0.340  r8=0.54
[2026-04-26 19:04:23]   ✓ expSSS: F1=0.364  r8=0.77
[2026-04-26 19:04:23]   ✓ expTTT: F1=0.426  r8=0.77
[2026-04-26 19:04:23]   🔄 expUUU: training done, eval in progress...
[2026-04-26 19:04:23]   ✓ expVVV: F1=0.413  r8=0.92
[2026-04-26 19:06:23] Waiting... B10 missing=['expUUU']
[2026-04-26 19:06:23]   ✓ expNNN: F1=0.356  r8=0.85
[2026-04-26 19:06:23]   ✓ expOOO: F1=0.335  r8=0.77
[2026-04-26 19:06:23]   ✓ expPPP: F1=0.386  r8=0.69
[2026-04-26 19:06:23]   ✓ expQQQ: F1=0.340  r8=0.54
[2026-04-26 19:06:24]   ✓ expSSS: F1=0.364  r8=0.77
[2026-04-26 19:06:24]   ✓ expTTT: F1=0.426  r8=0.77
[2026-04-26 19:06:24]   🔄 expUUU: training done, eval in progress...
[2026-04-26 19:06:24]   ✓ expVVV: F1=0.413  r8=0.92
[2026-04-26 19:08:24] Waiting... B10 missing=['expUUU']
[2026-04-26 19:08:24]   ✓ expNNN: F1=0.356  r8=0.85
[2026-04-26 19:08:24]   ✓ expOOO: F1=0.335  r8=0.77
[2026-04-26 19:08:24]   ✓ expPPP: F1=0.386  r8=0.69
[2026-04-26 19:08:24]   ✓ expQQQ: F1=0.340  r8=0.54
[2026-04-26 19:08:24]   ✓ expSSS: F1=0.364  r8=0.77
[2026-04-26 19:08:24]   ✓ expTTT: F1=0.426  r8=0.77
[2026-04-26 19:08:24]   🔄 expUUU: training done, eval in progress...
[2026-04-26 19:08:24]   ✓ expVVV: F1=0.413  r8=0.92
[2026-04-26 19:10:24] Waiting... B10 missing=['expUUU']
[2026-04-26 19:10:24]   ✓ expNNN: F1=0.356  r8=0.85
[2026-04-26 19:10:24]   ✓ expOOO: F1=0.335  r8=0.77
[2026-04-26 19:10:24]   ✓ expPPP: F1=0.386  r8=0.69
[2026-04-26 19:10:24]   ✓ expQQQ: F1=0.340  r8=0.54
[2026-04-26 19:10:24]   ✓ expSSS: F1=0.364  r8=0.77
[2026-04-26 19:10:24]   ✓ expTTT: F1=0.426  r8=0.77
[2026-04-26 19:10:24]   🔄 expUUU: training done, eval in progress...
[2026-04-26 19:10:24]   ✓ expVVV: F1=0.413  r8=0.92
[2026-04-26 19:12:24] Waiting... B10 missing=['expUUU']
[2026-04-26 19:12:24]   ✓ expNNN: F1=0.356  r8=0.85
[2026-04-26 19:12:24]   ✓ expOOO: F1=0.335  r8=0.77
[2026-04-26 19:12:24]   ✓ expPPP: F1=0.386  r8=0.69
[2026-04-26 19:12:24]   ✓ expQQQ: F1=0.340  r8=0.54
[2026-04-26 19:12:24]   ✓ expSSS: F1=0.364  r8=0.77
[2026-04-26 19:12:24]   ✓ expTTT: F1=0.426  r8=0.77
[2026-04-26 19:12:24]   🔄 expUUU: training done, eval in progress...
[2026-04-26 19:12:24]   ✓ expVVV: F1=0.413  r8=0.92
[2026-04-26 19:14:24] Waiting... B10 missing=['expUUU']
[2026-04-26 19:14:24]   ✓ expNNN: F1=0.356  r8=0.85
[2026-04-26 19:14:24]   ✓ expOOO: F1=0.335  r8=0.77
[2026-04-26 19:14:24]   ✓ expPPP: F1=0.386  r8=0.69
[2026-04-26 19:14:24]   ✓ expQQQ: F1=0.340  r8=0.54
[2026-04-26 19:14:24]   ✓ expSSS: F1=0.364  r8=0.77
[2026-04-26 19:14:24]   ✓ expTTT: F1=0.426  r8=0.77
[2026-04-26 19:14:24]   🔄 expUUU: training done, eval in progress...
[2026-04-26 19:14:24]   ✓ expVVV: F1=0.413  r8=0.92
[2026-04-26 19:16:24] Waiting... B10 missing=['expUUU']
[2026-04-26 19:16:24]   ✓ expNNN: F1=0.356  r8=0.85
[2026-04-26 19:16:24]   ✓ expOOO: F1=0.335  r8=0.77
[2026-04-26 19:16:24]   ✓ expPPP: F1=0.386  r8=0.69
[2026-04-26 19:16:24]   ✓ expQQQ: F1=0.340  r8=0.54
[2026-04-26 19:16:24]   ✓ expSSS: F1=0.364  r8=0.77
[2026-04-26 19:16:24]   ✓ expTTT: F1=0.426  r8=0.77
[2026-04-26 19:16:24]   🔄 expUUU: training done, eval in progress...
[2026-04-26 19:16:24]   ✓ expVVV: F1=0.413  r8=0.92
[2026-04-26 19:18:24] Waiting... B10 missing=['expUUU']
[2026-04-26 19:18:24]   ✓ expNNN: F1=0.356  r8=0.85
[2026-04-26 19:18:24]   ✓ expOOO: F1=0.335  r8=0.77
[2026-04-26 19:18:24]   ✓ expPPP: F1=0.386  r8=0.69
[2026-04-26 19:18:24]   ✓ expQQQ: F1=0.340  r8=0.54
[2026-04-26 19:18:24]   ✓ expSSS: F1=0.364  r8=0.77
[2026-04-26 19:18:24]   ✓ expTTT: F1=0.426  r8=0.77
[2026-04-26 19:18:24]   🔄 expUUU: training done, eval in progress...
[2026-04-26 19:18:24]   ✓ expVVV: F1=0.413  r8=0.92
[2026-04-26 19:20:25] Waiting... B10 missing=['expUUU']
[2026-04-26 19:20:25]   ✓ expNNN: F1=0.356  r8=0.85
[2026-04-26 19:20:25]   ✓ expOOO: F1=0.335  r8=0.77
[2026-04-26 19:20:25]   ✓ expPPP: F1=0.386  r8=0.69
[2026-04-26 19:20:25]   ✓ expQQQ: F1=0.340  r8=0.54
[2026-04-26 19:20:25]   ✓ expSSS: F1=0.364  r8=0.77
[2026-04-26 19:20:25]   ✓ expTTT: F1=0.426  r8=0.77
[2026-04-26 19:20:25]   🔄 expUUU: training done, eval in progress...
[2026-04-26 19:20:25]   ✓ expVVV: F1=0.413  r8=0.92
[2026-04-26 19:22:25] Waiting... B10 missing=['expUUU']
[2026-04-26 19:22:25]   ✓ expNNN: F1=0.356  r8=0.85
[2026-04-26 19:22:25]   ✓ expOOO: F1=0.335  r8=0.77
[2026-04-26 19:22:25]   ✓ expPPP: F1=0.386  r8=0.69
[2026-04-26 19:22:25]   ✓ expQQQ: F1=0.340  r8=0.54
[2026-04-26 19:22:25]   ✓ expSSS: F1=0.364  r8=0.77
[2026-04-26 19:22:25]   ✓ expTTT: F1=0.426  r8=0.77
[2026-04-26 19:22:25]   🔄 expUUU: training done, eval in progress...
[2026-04-26 19:22:25]   ✓ expVVV: F1=0.413  r8=0.92
[2026-04-26 19:24:25] Waiting... B10 missing=['expUUU']
[2026-04-26 19:24:25]   ✓ expNNN: F1=0.356  r8=0.85
[2026-04-26 19:24:25]   ✓ expOOO: F1=0.335  r8=0.77
[2026-04-26 19:24:25]   ✓ expPPP: F1=0.386  r8=0.69
[2026-04-26 19:24:25]   ✓ expQQQ: F1=0.340  r8=0.54
[2026-04-26 19:24:25]   ✓ expSSS: F1=0.364  r8=0.77
[2026-04-26 19:24:25]   ✓ expTTT: F1=0.426  r8=0.77
[2026-04-26 19:24:25]   🔄 expUUU: training done, eval in progress...
[2026-04-26 19:24:25]   ✓ expVVV: F1=0.413  r8=0.92
[2026-04-26 19:26:25] Waiting... B10 missing=['expUUU']
[2026-04-26 19:26:25]   ✓ expNNN: F1=0.356  r8=0.85
[2026-04-26 19:26:25]   ✓ expOOO: F1=0.335  r8=0.77
[2026-04-26 19:26:25]   ✓ expPPP: F1=0.386  r8=0.69
[2026-04-26 19:26:25]   ✓ expQQQ: F1=0.340  r8=0.54
[2026-04-26 19:26:25]   ✓ expSSS: F1=0.364  r8=0.77
[2026-04-26 19:26:25]   ✓ expTTT: F1=0.426  r8=0.77
[2026-04-26 19:26:25]   🔄 expUUU: training done, eval in progress...
[2026-04-26 19:26:25]   ✓ expVVV: F1=0.413  r8=0.92
[2026-04-26 19:28:25] Waiting... B10 missing=['expUUU']
[2026-04-26 19:28:25]   ✓ expNNN: F1=0.356  r8=0.85
[2026-04-26 19:28:25]   ✓ expOOO: F1=0.335  r8=0.77
[2026-04-26 19:28:25]   ✓ expPPP: F1=0.386  r8=0.69
[2026-04-26 19:28:25]   ✓ expQQQ: F1=0.340  r8=0.54
[2026-04-26 19:28:25]   ✓ expSSS: F1=0.364  r8=0.77
[2026-04-26 19:28:25]   ✓ expTTT: F1=0.426  r8=0.77
[2026-04-26 19:28:25]   🔄 expUUU: training done, eval in progress...
[2026-04-26 19:28:25]   ✓ expVVV: F1=0.413  r8=0.92
[2026-04-26 19:30:25] Waiting... B10 missing=['expUUU']
[2026-04-26 19:30:25]   ✓ expNNN: F1=0.356  r8=0.85
[2026-04-26 19:30:25]   ✓ expOOO: F1=0.335  r8=0.77
[2026-04-26 19:30:25]   ✓ expPPP: F1=0.386  r8=0.69
[2026-04-26 19:30:25]   ✓ expQQQ: F1=0.340  r8=0.54
[2026-04-26 19:30:25]   ✓ expSSS: F1=0.364  r8=0.77
[2026-04-26 19:30:25]   ✓ expTTT: F1=0.426  r8=0.77
[2026-04-26 19:30:25]   🔄 expUUU: training done, eval in progress...
[2026-04-26 19:30:25]   ✓ expVVV: F1=0.413  r8=0.92
[2026-04-26 19:32:26] Waiting... B10 missing=['expUUU']
[2026-04-26 19:32:26]   ✓ expNNN: F1=0.356  r8=0.85
[2026-04-26 19:32:26]   ✓ expOOO: F1=0.335  r8=0.77
[2026-04-26 19:32:26]   ✓ expPPP: F1=0.386  r8=0.69
[2026-04-26 19:32:26]   ✓ expQQQ: F1=0.340  r8=0.54
[2026-04-26 19:32:26]   ✓ expSSS: F1=0.364  r8=0.77
[2026-04-26 19:32:26]   ✓ expTTT: F1=0.426  r8=0.77
[2026-04-26 19:32:26]   🔄 expUUU: training done, eval in progress...
[2026-04-26 19:32:26]   ✓ expVVV: F1=0.413  r8=0.92
[2026-04-26 19:34:26] Waiting... B10 missing=['expUUU']
[2026-04-26 19:34:26]   ✓ expNNN: F1=0.356  r8=0.85
[2026-04-26 19:34:26]   ✓ expOOO: F1=0.335  r8=0.77
[2026-04-26 19:34:26]   ✓ expPPP: F1=0.386  r8=0.69
[2026-04-26 19:34:26]   ✓ expQQQ: F1=0.340  r8=0.54
[2026-04-26 19:34:26]   ✓ expSSS: F1=0.364  r8=0.77
[2026-04-26 19:34:26]   ✓ expTTT: F1=0.426  r8=0.77
[2026-04-26 19:34:26]   🔄 expUUU: training done, eval in progress...
[2026-04-26 19:34:26]   ✓ expVVV: F1=0.413  r8=0.92
[2026-04-26 19:36:26] Waiting... B10 missing=['expUUU']
[2026-04-26 19:36:26]   ✓ expNNN: F1=0.356  r8=0.85
[2026-04-26 19:36:26]   ✓ expOOO: F1=0.335  r8=0.77
[2026-04-26 19:36:26]   ✓ expPPP: F1=0.386  r8=0.69
[2026-04-26 19:36:26]   ✓ expQQQ: F1=0.340  r8=0.54
[2026-04-26 19:36:26]   ✓ expSSS: F1=0.364  r8=0.77
[2026-04-26 19:36:26]   ✓ expTTT: F1=0.426  r8=0.77
[2026-04-26 19:36:26]   🔄 expUUU: training done, eval in progress...
[2026-04-26 19:36:26]   ✓ expVVV: F1=0.413  r8=0.92
[2026-04-26 19:38:26] Waiting... B10 missing=['expUUU']
[2026-04-26 19:38:26]   ✓ expNNN: F1=0.356  r8=0.85
[2026-04-26 19:38:26]   ✓ expOOO: F1=0.335  r8=0.77
[2026-04-26 19:38:26]   ✓ expPPP: F1=0.386  r8=0.69
[2026-04-26 19:38:26]   ✓ expQQQ: F1=0.340  r8=0.54
[2026-04-26 19:38:26]   ✓ expSSS: F1=0.364  r8=0.77
[2026-04-26 19:38:26]   ✓ expTTT: F1=0.426  r8=0.77
[2026-04-26 19:38:26]   🔄 expUUU: training done, eval in progress...
[2026-04-26 19:38:26]   ✓ expVVV: F1=0.413  r8=0.92
[2026-04-26 19:40:26] Waiting... B10 missing=['expUUU']
[2026-04-26 19:40:26]   ✓ expNNN: F1=0.356  r8=0.85
[2026-04-26 19:40:26]   ✓ expOOO: F1=0.335  r8=0.77
[2026-04-26 19:40:26]   ✓ expPPP: F1=0.386  r8=0.69
[2026-04-26 19:40:26]   ✓ expQQQ: F1=0.340  r8=0.54
[2026-04-26 19:40:26]   ✓ expSSS: F1=0.364  r8=0.77
[2026-04-26 19:40:26]   ✓ expTTT: F1=0.426  r8=0.77
[2026-04-26 19:40:26]   🔄 expUUU: training done, eval in progress...
[2026-04-26 19:40:26]   ✓ expVVV: F1=0.413  r8=0.92
[2026-04-26 19:42:26] Waiting... B10 missing=['expUUU']
[2026-04-26 19:42:26]   ✓ expNNN: F1=0.356  r8=0.85
[2026-04-26 19:42:26]   ✓ expOOO: F1=0.335  r8=0.77
[2026-04-26 19:42:26]   ✓ expPPP: F1=0.386  r8=0.69
[2026-04-26 19:42:26]   ✓ expQQQ: F1=0.340  r8=0.54
[2026-04-26 19:42:26]   ✓ expSSS: F1=0.364  r8=0.77
[2026-04-26 19:42:26]   ✓ expTTT: F1=0.426  r8=0.77
[2026-04-26 19:42:26]   🔄 expUUU: training done, eval in progress...
[2026-04-26 19:42:26]   ✓ expVVV: F1=0.413  r8=0.92
[2026-04-26 19:44:26] Waiting... B10 missing=['expUUU']
[2026-04-26 19:44:26]   ✓ expNNN: F1=0.356  r8=0.85
[2026-04-26 19:44:26]   ✓ expOOO: F1=0.335  r8=0.77
[2026-04-26 19:44:26]   ✓ expPPP: F1=0.386  r8=0.69
[2026-04-26 19:44:26]   ✓ expQQQ: F1=0.340  r8=0.54
[2026-04-26 19:44:26]   ✓ expSSS: F1=0.364  r8=0.77
[2026-04-26 19:44:26]   ✓ expTTT: F1=0.426  r8=0.77
[2026-04-26 19:44:27]   🔄 expUUU: training done, eval in progress...
[2026-04-26 19:44:27]   ✓ expVVV: F1=0.413  r8=0.92
[2026-04-26 19:46:27] Waiting... B10 missing=['expUUU']
[2026-04-26 19:46:27]   ✓ expNNN: F1=0.356  r8=0.85
[2026-04-26 19:46:27]   ✓ expOOO: F1=0.335  r8=0.77
[2026-04-26 19:46:27]   ✓ expPPP: F1=0.386  r8=0.69
[2026-04-26 19:46:27]   ✓ expQQQ: F1=0.340  r8=0.54
[2026-04-26 19:46:27]   ✓ expSSS: F1=0.364  r8=0.77
[2026-04-26 19:46:27]   ✓ expTTT: F1=0.426  r8=0.77
[2026-04-26 19:46:27]   🔄 expUUU: training done, eval in progress...
[2026-04-26 19:46:27]   ✓ expVVV: F1=0.413  r8=0.92
[2026-04-26 19:48:27] Waiting... B10 missing=['expUUU']
[2026-04-26 19:48:27]   ✓ expNNN: F1=0.356  r8=0.85
[2026-04-26 19:48:27]   ✓ expOOO: F1=0.335  r8=0.77
[2026-04-26 19:48:27]   ✓ expPPP: F1=0.386  r8=0.69
[2026-04-26 19:48:27]   ✓ expQQQ: F1=0.340  r8=0.54
[2026-04-26 19:48:27]   ✓ expSSS: F1=0.364  r8=0.77
[2026-04-26 19:48:27]   ✓ expTTT: F1=0.426  r8=0.77
[2026-04-26 19:48:27]   🔄 expUUU: training done, eval in progress...
[2026-04-26 19:48:27]   ✓ expVVV: F1=0.413  r8=0.92
[2026-04-26 19:50:27] Waiting... B10 missing=['expUUU']
[2026-04-26 19:50:27]   ✓ expNNN: F1=0.356  r8=0.85
[2026-04-26 19:50:27]   ✓ expOOO: F1=0.335  r8=0.77
[2026-04-26 19:50:27]   ✓ expPPP: F1=0.386  r8=0.69
[2026-04-26 19:50:27]   ✓ expQQQ: F1=0.340  r8=0.54
[2026-04-26 19:50:27]   ✓ expSSS: F1=0.364  r8=0.77
[2026-04-26 19:50:27]   ✓ expTTT: F1=0.426  r8=0.77
[2026-04-26 19:50:27]   🔄 expUUU: training done, eval in progress...
[2026-04-26 19:50:27]   ✓ expVVV: F1=0.413  r8=0.92
[2026-04-26 19:52:27] Waiting... B10 missing=['expUUU']
[2026-04-26 19:52:27]   ✓ expNNN: F1=0.356  r8=0.85
[2026-04-26 19:52:27]   ✓ expOOO: F1=0.335  r8=0.77
[2026-04-26 19:52:27]   ✓ expPPP: F1=0.386  r8=0.69
[2026-04-26 19:52:27]   ✓ expQQQ: F1=0.340  r8=0.54
[2026-04-26 19:52:27]   ✓ expSSS: F1=0.364  r8=0.77
[2026-04-26 19:52:27]   ✓ expTTT: F1=0.426  r8=0.77
[2026-04-26 19:52:27]   🔄 expUUU: training done, eval in progress...
[2026-04-26 19:52:27]   ✓ expVVV: F1=0.413  r8=0.92
[2026-04-26 19:54:27] Waiting... B10 missing=['expUUU']
[2026-04-26 19:54:27]   ✓ expNNN: F1=0.356  r8=0.85
[2026-04-26 19:54:27]   ✓ expOOO: F1=0.335  r8=0.77
[2026-04-26 19:54:27]   ✓ expPPP: F1=0.386  r8=0.69
[2026-04-26 19:54:27]   ✓ expQQQ: F1=0.340  r8=0.54
[2026-04-26 19:54:27]   ✓ expSSS: F1=0.364  r8=0.77
[2026-04-26 19:54:27]   ✓ expTTT: F1=0.426  r8=0.77
[2026-04-26 19:54:27]   🔄 expUUU: training done, eval in progress...
[2026-04-26 19:54:27]   ✓ expVVV: F1=0.413  r8=0.92
[2026-04-26 19:56:27] Waiting... B10 missing=['expUUU']
[2026-04-26 19:56:27]   ✓ expNNN: F1=0.356  r8=0.85
[2026-04-26 19:56:27]   ✓ expOOO: F1=0.335  r8=0.77
[2026-04-26 19:56:27]   ✓ expPPP: F1=0.386  r8=0.69
[2026-04-26 19:56:27]   ✓ expQQQ: F1=0.340  r8=0.54
[2026-04-26 19:56:27]   ✓ expSSS: F1=0.364  r8=0.77
[2026-04-26 19:56:27]   ✓ expTTT: F1=0.426  r8=0.77
[2026-04-26 19:56:27]   🔄 expUUU: training done, eval in progress...
[2026-04-26 19:56:27]   ✓ expVVV: F1=0.413  r8=0.92
[2026-04-26 19:58:28] Waiting... B10 missing=['expUUU']
[2026-04-26 19:58:28]   ✓ expNNN: F1=0.356  r8=0.85
[2026-04-26 19:58:28]   ✓ expOOO: F1=0.335  r8=0.77
[2026-04-26 19:58:28]   ✓ expPPP: F1=0.386  r8=0.69
[2026-04-26 19:58:28]   ✓ expQQQ: F1=0.340  r8=0.54
[2026-04-26 19:58:28]   ✓ expSSS: F1=0.364  r8=0.77
[2026-04-26 19:58:28]   ✓ expTTT: F1=0.426  r8=0.77
[2026-04-26 19:58:28]   🔄 expUUU: training done, eval in progress...
[2026-04-26 19:58:28]   ✓ expVVV: F1=0.413  r8=0.92
[2026-04-26 20:00:28] Waiting... B10 missing=['expUUU']
[2026-04-26 20:00:28]   ✓ expNNN: F1=0.356  r8=0.85
[2026-04-26 20:00:28]   ✓ expOOO: F1=0.335  r8=0.77
[2026-04-26 20:00:28]   ✓ expPPP: F1=0.386  r8=0.69
[2026-04-26 20:00:28]   ✓ expQQQ: F1=0.340  r8=0.54
[2026-04-26 20:00:28]   ✓ expSSS: F1=0.364  r8=0.77
[2026-04-26 20:00:28]   ✓ expTTT: F1=0.426  r8=0.77
[2026-04-26 20:00:28]   🔄 expUUU: training done, eval in progress...
[2026-04-26 20:00:28]   ✓ expVVV: F1=0.413  r8=0.92
[2026-04-26 20:02:28] Waiting... B10 missing=['expUUU']
[2026-04-26 20:02:28]   ✓ expNNN: F1=0.356  r8=0.85
[2026-04-26 20:02:28]   ✓ expOOO: F1=0.335  r8=0.77
[2026-04-26 20:02:28]   ✓ expPPP: F1=0.386  r8=0.69
[2026-04-26 20:02:28]   ✓ expQQQ: F1=0.340  r8=0.54
[2026-04-26 20:02:28]   ✓ expSSS: F1=0.364  r8=0.77
[2026-04-26 20:02:28]   ✓ expTTT: F1=0.426  r8=0.77
[2026-04-26 20:02:28]   🔄 expUUU: training done, eval in progress...
[2026-04-26 20:02:28]   ✓ expVVV: F1=0.413  r8=0.92
[2026-04-26 20:04:28] Waiting... B10 missing=['expUUU']
[2026-04-26 20:04:28]   ✓ expNNN: F1=0.356  r8=0.85
[2026-04-26 20:04:28]   ✓ expOOO: F1=0.335  r8=0.77
[2026-04-26 20:04:28]   ✓ expPPP: F1=0.386  r8=0.69
[2026-04-26 20:04:28]   ✓ expQQQ: F1=0.340  r8=0.54
[2026-04-26 20:04:28]   ✓ expSSS: F1=0.364  r8=0.77
[2026-04-26 20:04:28]   ✓ expTTT: F1=0.426  r8=0.77
[2026-04-26 20:04:28]   🔄 expUUU: training done, eval in progress...
[2026-04-26 20:04:28]   ✓ expVVV: F1=0.413  r8=0.92
[2026-04-26 20:06:28] Waiting... B10 missing=['expUUU']
[2026-04-26 20:06:28]   ✓ expNNN: F1=0.356  r8=0.85
[2026-04-26 20:06:28]   ✓ expOOO: F1=0.335  r8=0.77
[2026-04-26 20:06:28]   ✓ expPPP: F1=0.386  r8=0.69
[2026-04-26 20:06:28]   ✓ expQQQ: F1=0.340  r8=0.54
[2026-04-26 20:06:28]   ✓ expSSS: F1=0.364  r8=0.77
[2026-04-26 20:06:28]   ✓ expTTT: F1=0.426  r8=0.77
[2026-04-26 20:06:28]   🔄 expUUU: training done, eval in progress...
[2026-04-26 20:06:28]   ✓ expVVV: F1=0.413  r8=0.92
[2026-04-26 20:08:28] Waiting... B10 missing=['expUUU']
[2026-04-26 20:08:28]   ✓ expNNN: F1=0.356  r8=0.85
[2026-04-26 20:08:28]   ✓ expOOO: F1=0.335  r8=0.77
[2026-04-26 20:08:28]   ✓ expPPP: F1=0.386  r8=0.69
[2026-04-26 20:08:28]   ✓ expQQQ: F1=0.340  r8=0.54
[2026-04-26 20:08:28]   ✓ expSSS: F1=0.364  r8=0.77
[2026-04-26 20:08:28]   ✓ expTTT: F1=0.426  r8=0.77
[2026-04-26 20:08:28]   🔄 expUUU: training done, eval in progress...
[2026-04-26 20:08:28]   ✓ expVVV: F1=0.413  r8=0.92
[2026-04-26 20:10:28] Waiting... B10 missing=['expUUU']
[2026-04-26 20:10:28]   ✓ expNNN: F1=0.356  r8=0.85
[2026-04-26 20:10:28]   ✓ expOOO: F1=0.335  r8=0.77
[2026-04-26 20:10:28]   ✓ expPPP: F1=0.386  r8=0.69
[2026-04-26 20:10:28]   ✓ expQQQ: F1=0.340  r8=0.54
[2026-04-26 20:10:28]   ✓ expSSS: F1=0.364  r8=0.77
[2026-04-26 20:10:28]   ✓ expTTT: F1=0.426  r8=0.77
[2026-04-26 20:10:28]   🔄 expUUU: training done, eval in progress...
[2026-04-26 20:10:28]   ✓ expVVV: F1=0.413  r8=0.92
[2026-04-26 20:12:29] Waiting... B10 missing=['expUUU']
[2026-04-26 20:12:29]   ✓ expNNN: F1=0.356  r8=0.85
[2026-04-26 20:12:29]   ✓ expOOO: F1=0.335  r8=0.77
[2026-04-26 20:12:29]   ✓ expPPP: F1=0.386  r8=0.69
[2026-04-26 20:12:29]   ✓ expQQQ: F1=0.340  r8=0.54
[2026-04-26 20:12:29]   ✓ expSSS: F1=0.364  r8=0.77
[2026-04-26 20:12:29]   ✓ expTTT: F1=0.426  r8=0.77
[2026-04-26 20:12:29]   🔄 expUUU: training done, eval in progress...
[2026-04-26 20:12:29]   ✓ expVVV: F1=0.413  r8=0.92
[2026-04-26 20:14:29] Waiting... B10 missing=['expUUU']
[2026-04-26 20:14:29]   ✓ expNNN: F1=0.356  r8=0.85
[2026-04-26 20:14:29]   ✓ expOOO: F1=0.335  r8=0.77
[2026-04-26 20:14:29]   ✓ expPPP: F1=0.386  r8=0.69
[2026-04-26 20:14:29]   ✓ expQQQ: F1=0.340  r8=0.54
[2026-04-26 20:14:29]   ✓ expSSS: F1=0.364  r8=0.77
[2026-04-26 20:14:29]   ✓ expTTT: F1=0.426  r8=0.77
[2026-04-26 20:14:29]   🔄 expUUU: training done, eval in progress...
[2026-04-26 20:14:29]   ✓ expVVV: F1=0.413  r8=0.92
[2026-04-26 20:16:29] Waiting... B10 missing=['expUUU']
[2026-04-26 20:16:29]   ✓ expNNN: F1=0.356  r8=0.85
[2026-04-26 20:16:29]   ✓ expOOO: F1=0.335  r8=0.77
[2026-04-26 20:16:29]   ✓ expPPP: F1=0.386  r8=0.69
[2026-04-26 20:16:29]   ✓ expQQQ: F1=0.340  r8=0.54
[2026-04-26 20:16:29]   ✓ expSSS: F1=0.364  r8=0.77
[2026-04-26 20:16:29]   ✓ expTTT: F1=0.426  r8=0.77
[2026-04-26 20:16:29]   🔄 expUUU: training done, eval in progress...
[2026-04-26 20:16:29]   ✓ expVVV: F1=0.413  r8=0.92
[2026-04-26 20:18:29] Waiting... B10 missing=['expUUU']
[2026-04-26 20:18:29]   ✓ expNNN: F1=0.356  r8=0.85
[2026-04-26 20:18:29]   ✓ expOOO: F1=0.335  r8=0.77
[2026-04-26 20:18:29]   ✓ expPPP: F1=0.386  r8=0.69
[2026-04-26 20:18:29]   ✓ expQQQ: F1=0.340  r8=0.54
[2026-04-26 20:18:29]   ✓ expSSS: F1=0.364  r8=0.77
[2026-04-26 20:18:29]   ✓ expTTT: F1=0.426  r8=0.77
[2026-04-26 20:18:29]   🔄 expUUU: training done, eval in progress...
[2026-04-26 20:18:29]   ✓ expVVV: F1=0.413  r8=0.92
[2026-04-26 20:20:29] Waiting... B10 missing=['expUUU']
[2026-04-26 20:20:29]   ✓ expNNN: F1=0.356  r8=0.85
[2026-04-26 20:20:29]   ✓ expOOO: F1=0.335  r8=0.77
[2026-04-26 20:20:29]   ✓ expPPP: F1=0.386  r8=0.69
[2026-04-26 20:20:29]   ✓ expQQQ: F1=0.340  r8=0.54
[2026-04-26 20:20:29]   ✓ expSSS: F1=0.364  r8=0.77
[2026-04-26 20:20:29]   ✓ expTTT: F1=0.426  r8=0.77
[2026-04-26 20:20:29]   🔄 expUUU: training done, eval in progress...
[2026-04-26 20:20:29]   ✓ expVVV: F1=0.413  r8=0.92
[2026-04-26 20:22:29] Waiting... B10 missing=['expUUU']
[2026-04-26 20:22:29]   ✓ expNNN: F1=0.356  r8=0.85
[2026-04-26 20:22:29]   ✓ expOOO: F1=0.335  r8=0.77
[2026-04-26 20:22:29]   ✓ expPPP: F1=0.386  r8=0.69
[2026-04-26 20:22:29]   ✓ expQQQ: F1=0.340  r8=0.54
[2026-04-26 20:22:29]   ✓ expSSS: F1=0.364  r8=0.77
[2026-04-26 20:22:29]   ✓ expTTT: F1=0.426  r8=0.77
[2026-04-26 20:22:30]   🔄 expUUU: training done, eval in progress...
[2026-04-26 20:22:30]   ✓ expVVV: F1=0.413  r8=0.92
[2026-04-26 20:24:30] Waiting... B10 missing=['expUUU']
[2026-04-26 20:24:30]   ✓ expNNN: F1=0.356  r8=0.85
[2026-04-26 20:24:30]   ✓ expOOO: F1=0.335  r8=0.77
[2026-04-26 20:24:30]   ✓ expPPP: F1=0.386  r8=0.69
[2026-04-26 20:24:30]   ✓ expQQQ: F1=0.340  r8=0.54
[2026-04-26 20:24:30]   ✓ expSSS: F1=0.364  r8=0.77
[2026-04-26 20:24:30]   ✓ expTTT: F1=0.426  r8=0.77
[2026-04-26 20:24:30]   🔄 expUUU: training done, eval in progress...
[2026-04-26 20:24:30]   ✓ expVVV: F1=0.413  r8=0.92
[2026-04-26 20:26:30] Waiting... B10 missing=['expUUU']
[2026-04-26 20:26:30]   ✓ expNNN: F1=0.356  r8=0.85
[2026-04-26 20:26:30]   ✓ expOOO: F1=0.335  r8=0.77
[2026-04-26 20:26:30]   ✓ expPPP: F1=0.386  r8=0.69
[2026-04-26 20:26:30]   ✓ expQQQ: F1=0.340  r8=0.54
[2026-04-26 20:26:30]   ✓ expSSS: F1=0.364  r8=0.77
[2026-04-26 20:26:30]   ✓ expTTT: F1=0.426  r8=0.77
[2026-04-26 20:26:30]   🔄 expUUU: training done, eval in progress...
[2026-04-26 20:26:30]   ✓ expVVV: F1=0.413  r8=0.92
[2026-04-26 20:28:30] All B10 results ready.
[2026-04-26 20:28:30] === B10 Results Analysis ===
[2026-04-26 20:28:30] All-time Top 10:
[2026-04-26 20:28:30]   expTTT: F1=0.426  r8=0.77
[2026-04-26 20:28:30]   expVVV: F1=0.413  r8=0.92
[2026-04-26 20:28:30]   expHHH: F1=0.400  r8=0.77
[2026-04-26 20:28:30]   expJJJ: F1=0.394  r8=0.61
[2026-04-26 20:28:30]   expMMM: F1=0.392  r8=0.54
[2026-04-26 20:28:30]   expUUU: F1=0.391  r8=0.69
[2026-04-26 20:28:30]   expPPP: F1=0.386  r8=0.69
[2026-04-26 20:28:30]   expXX: F1=0.385  r8=0.00
[2026-04-26 20:28:30]   expCCC: F1=0.379  r8=0.15
[2026-04-26 20:28:30]   expAAA: F1=0.372  r8=0.15
[2026-04-26 20:28:30] Best B10: expTTT F1=0.426
[2026-04-26 20:28:30] ws+ns strategy (TTT) wins: True (0.426)
[2026-04-26 20:28:30] 32B advantage (UUU vs TTT): False (0.391 vs 0.426)
[2026-04-26 20:28:30] Designing B11 experiments based on B10 findings...
[2026-04-26 20:28:30]   Registered spc_r5_expWWW
[2026-04-26 20:28:30]   expWWW: 250ws + 250ns_v3, 3ep (GPU 0)
[2026-04-26 20:28:31]   Registered spc_r5_expXXX
[2026-04-26 20:28:31]   expXXX: 250ws + 250ns_v2, 5ep = 208 steps (GPU 1) — overfit test
[2026-04-26 20:28:31]   Registered spc_r5_expYYY
[2026-04-26 20:28:31]   expYYY: 250ws + 250ns_v4, 3ep (GPU 2)
[2026-04-26 20:28:31]   Registered spc_r5_expZZZ
[2026-04-26 20:28:31]   expZZZ: 32B + best ns recipe (200 v1, 5ep) (GPU 3)
[2026-04-26 20:28:31] Killing vLLM servers...
[2026-04-26 20:28:41] Starting Batch 11 training (4 experiments)...
[2026-04-26 20:28:41]   expWWW: training started PID=314292 GPU=0
[2026-04-26 20:28:46]   expXXX: training started PID=314421 GPU=1
[2026-04-26 20:28:51]   expYYY: training started PID=314688 GPU=2
[2026-04-26 20:28:56]   expZZZ: training started PID=314949 GPU=3
[2026-04-26 20:29:01] ⏳ expWWW (GPU 0): step 0/?
[2026-04-26 20:29:01] ⏳ expXXX (GPU 1): step 0/?
[2026-04-26 20:29:01] ⏳ expYYY (GPU 2): step 0/?
[2026-04-26 20:29:01] ⏳ expZZZ (GPU 3): step 0/?
[2026-04-26 20:31:01] ⏳ expWWW (GPU 0): step 0/?
[2026-04-26 20:31:01] ⏳ expXXX (GPU 1): step 0/?
[2026-04-26 20:31:01] ⏳ expYYY (GPU 2): step 0/?
[2026-04-26 20:31:01] ⏳ expZZZ (GPU 3): step 0/?
[2026-04-26 20:33:01] ⏳ expWWW (GPU 0): step 0/?
[2026-04-26 20:33:01] ⏳ expXXX (GPU 1): step 0/?
[2026-04-26 20:33:01] ⏳ expYYY (GPU 2): step 0/?
[2026-04-26 20:33:01] ⏳ expZZZ (GPU 3): step 0/?
[2026-04-26 20:35:02] ⏳ expWWW (GPU 0): step 2/189
[2026-04-26 20:35:02] ⏳ expXXX (GPU 1): step 2/315
[2026-04-26 20:35:02] ⏳ expYYY (GPU 2): step 2/189
[2026-04-26 20:35:02] ⏳ expZZZ (GPU 3): step 1/125
[2026-04-26 20:37:02] ⏳ expWWW (GPU 0): step 4/189
[2026-04-26 20:37:02] ⏳ expXXX (GPU 1): step 4/315
[2026-04-26 20:37:02] ⏳ expYYY (GPU 2): step 4/189
[2026-04-26 20:37:02] ⏳ expZZZ (GPU 3): step 2/125
[2026-04-26 20:39:02] ⏳ expWWW (GPU 0): step 7/189
[2026-04-26 20:39:02] ⏳ expXXX (GPU 1): step 7/315
[2026-04-26 20:39:02] ⏳ expYYY (GPU 2): step 7/189
[2026-04-26 20:39:02] ⏳ expZZZ (GPU 3): step 3/125
[2026-04-26 20:41:02] ⏳ expWWW (GPU 0): step 10/189
[2026-04-26 20:41:02] ⏳ expXXX (GPU 1): step 10/315
[2026-04-26 20:41:02] ⏳ expYYY (GPU 2): step 10/189
[2026-04-26 20:41:02] ⏳ expZZZ (GPU 3): step 4/125
[2026-04-26 20:43:02] ⏳ expWWW (GPU 0): step 13/189
[2026-04-26 20:43:02] ⏳ expXXX (GPU 1): step 13/315
[2026-04-26 20:43:02] ⏳ expYYY (GPU 2): step 13/189
[2026-04-26 20:43:02] ⏳ expZZZ (GPU 3): step 6/125
[2026-04-26 20:45:03] ⏳ expWWW (GPU 0): step 15/189
[2026-04-26 20:45:03] ⏳ expXXX (GPU 1): step 15/315
[2026-04-26 20:45:03] ⏳ expYYY (GPU 2): step 15/189
[2026-04-26 20:45:03] ⏳ expZZZ (GPU 3): step 7/125
[2026-04-26 20:47:03] ⏳ expWWW (GPU 0): step 18/189
[2026-04-26 20:47:03] ⏳ expXXX (GPU 1): step 18/315
[2026-04-26 20:47:03] ⏳ expYYY (GPU 2): step 18/189
[2026-04-26 20:47:03] ⏳ expZZZ (GPU 3): step 8/125
[2026-04-26 20:49:03] ⏳ expWWW (GPU 0): step 21/189
[2026-04-26 20:49:03] ⏳ expXXX (GPU 1): step 21/315
[2026-04-26 20:49:03] ⏳ expYYY (GPU 2): step 21/189
[2026-04-26 20:49:03] ⏳ expZZZ (GPU 3): step 10/125
[2026-04-26 20:51:03] ⏳ expWWW (GPU 0): step 23/189
[2026-04-26 20:51:03] ⏳ expXXX (GPU 1): step 23/315
[2026-04-26 20:51:03] ⏳ expYYY (GPU 2): step 23/189
[2026-04-26 20:51:03] ⏳ expZZZ (GPU 3): step 11/125
[2026-04-26 20:53:03] ⏳ expWWW (GPU 0): step 26/189
[2026-04-26 20:53:03] ⏳ expXXX (GPU 1): step 26/315
[2026-04-26 20:53:03] ⏳ expYYY (GPU 2): step 26/189
[2026-04-26 20:53:03] ⏳ expZZZ (GPU 3): step 12/125
[2026-04-26 20:55:03] ⏳ expWWW (GPU 0): step 29/189
[2026-04-26 20:55:03] ⏳ expXXX (GPU 1): step 29/315
[2026-04-26 20:55:03] ⏳ expYYY (GPU 2): step 29/189
[2026-04-26 20:55:03] ⏳ expZZZ (GPU 3): step 14/125
[2026-04-26 20:57:03] ⏳ expWWW (GPU 0): step 32/189
[2026-04-26 20:57:03] ⏳ expXXX (GPU 1): step 32/315
[2026-04-26 20:57:03] ⏳ expYYY (GPU 2): step 32/189
[2026-04-26 20:57:03] ⏳ expZZZ (GPU 3): step 15/125
[2026-04-26 20:59:04] ⏳ expWWW (GPU 0): step 34/189
[2026-04-26 20:59:04] ⏳ expXXX (GPU 1): step 34/315
[2026-04-26 20:59:04] ⏳ expYYY (GPU 2): step 34/189
[2026-04-26 20:59:04] ⏳ expZZZ (GPU 3): step 16/125
[2026-04-26 21:01:04] ⏳ expWWW (GPU 0): step 37/189
[2026-04-26 21:01:04] ⏳ expXXX (GPU 1): step 37/315
[2026-04-26 21:01:04] ⏳ expYYY (GPU 2): step 37/189
[2026-04-26 21:01:04] ⏳ expZZZ (GPU 3): step 17/125
[2026-04-26 21:03:04] ⏳ expWWW (GPU 0): step 40/189
[2026-04-26 21:03:04] ⏳ expXXX (GPU 1): step 40/315
[2026-04-26 21:03:04] ⏳ expYYY (GPU 2): step 40/189
[2026-04-26 21:03:04] ⏳ expZZZ (GPU 3): step 19/125
[2026-04-26 21:05:04] ⏳ expWWW (GPU 0): step 43/189
[2026-04-26 21:05:04] ⏳ expXXX (GPU 1): step 43/315
[2026-04-26 21:05:04] ⏳ expYYY (GPU 2): step 43/189
[2026-04-26 21:05:04] ⏳ expZZZ (GPU 3): step 20/125
[2026-04-26 21:07:05] ⏳ expWWW (GPU 0): step 45/189
[2026-04-26 21:07:05] ⏳ expXXX (GPU 1): step 45/315
[2026-04-26 21:07:05] ⏳ expYYY (GPU 2): step 45/189
[2026-04-26 21:07:05] ⏳ expZZZ (GPU 3): step 21/125
[2026-04-26 21:09:05] ⏳ expWWW (GPU 0): step 48/189
[2026-04-26 21:09:05] ⏳ expXXX (GPU 1): step 48/315
[2026-04-26 21:09:05] ⏳ expYYY (GPU 2): step 48/189
[2026-04-26 21:09:05] ⏳ expZZZ (GPU 3): step 23/125
[2026-04-26 21:11:05] ⏳ expWWW (GPU 0): step 51/189
[2026-04-26 21:11:05] ⏳ expXXX (GPU 1): step 51/315
[2026-04-26 21:11:05] ⏳ expYYY (GPU 2): step 51/189
[2026-04-26 21:11:05] ⏳ expZZZ (GPU 3): step 24/125
[2026-04-26 21:13:05] ⏳ expWWW (GPU 0): step 53/189
[2026-04-26 21:13:05] ⏳ expXXX (GPU 1): step 53/315
[2026-04-26 21:13:05] ⏳ expYYY (GPU 2): step 53/189
[2026-04-26 21:13:05] ⏳ expZZZ (GPU 3): step 25/125
[2026-04-26 21:15:05] ⏳ expWWW (GPU 0): step 56/189
[2026-04-26 21:15:05] ⏳ expXXX (GPU 1): step 56/315
[2026-04-26 21:15:05] ⏳ expYYY (GPU 2): step 56/189
[2026-04-26 21:15:05] ⏳ expZZZ (GPU 3): step 26/125
[2026-04-26 21:17:06] ⏳ expWWW (GPU 0): step 59/189
[2026-04-26 21:17:06] ⏳ expXXX (GPU 1): step 59/315
[2026-04-26 21:17:06] ⏳ expYYY (GPU 2): step 59/189
[2026-04-26 21:17:06] ⏳ expZZZ (GPU 3): step 28/125
[2026-04-26 21:19:06] ⏳ expWWW (GPU 0): step 63/189
[2026-04-26 21:19:06] ⏳ expXXX (GPU 1): step 63/315
[2026-04-26 21:19:06] ⏳ expYYY (GPU 2): step 63/189
[2026-04-26 21:19:06] ⏳ expZZZ (GPU 3): step 29/125
[2026-04-26 21:21:06] ⏳ expWWW (GPU 0): step 65/189
[2026-04-26 21:21:06] ⏳ expXXX (GPU 1): step 65/315
[2026-04-26 21:21:06] ⏳ expYYY (GPU 2): step 65/189
[2026-04-26 21:21:06] ⏳ expZZZ (GPU 3): step 30/125
[2026-04-26 21:23:06] ⏳ expWWW (GPU 0): step 68/189
[2026-04-26 21:23:06] ⏳ expXXX (GPU 1): step 68/315
[2026-04-26 21:23:06] ⏳ expYYY (GPU 2): step 68/189
[2026-04-26 21:23:06] ⏳ expZZZ (GPU 3): step 32/125
[2026-04-26 21:25:06] ⏳ expWWW (GPU 0): step 71/189
[2026-04-26 21:25:07] ⏳ expXXX (GPU 1): step 71/315
[2026-04-26 21:25:07] ⏳ expYYY (GPU 2): step 71/189
[2026-04-26 21:25:07] ⏳ expZZZ (GPU 3): step 33/125
[2026-04-26 21:27:07] ⏳ expWWW (GPU 0): step 74/189
[2026-04-26 21:27:07] ⏳ expXXX (GPU 1): step 73/315
[2026-04-26 21:27:07] ⏳ expYYY (GPU 2): step 74/189
[2026-04-26 21:27:07] ⏳ expZZZ (GPU 3): step 34/125
[2026-04-26 21:29:07] ⏳ expWWW (GPU 0): step 76/189
[2026-04-26 21:29:07] ⏳ expXXX (GPU 1): step 76/315
[2026-04-26 21:29:07] ⏳ expYYY (GPU 2): step 76/189
[2026-04-26 21:29:07] ⏳ expZZZ (GPU 3): step 36/125
[2026-04-26 21:31:07] ⏳ expWWW (GPU 0): step 79/189
[2026-04-26 21:31:07] ⏳ expXXX (GPU 1): step 79/315
[2026-04-26 21:31:07] ⏳ expYYY (GPU 2): step 79/189
[2026-04-26 21:31:07] ⏳ expZZZ (GPU 3): step 37/125
[2026-04-26 21:33:07] ⏳ expWWW (GPU 0): step 82/189
[2026-04-26 21:33:07] ⏳ expXXX (GPU 1): step 82/315
[2026-04-26 21:33:07] ⏳ expYYY (GPU 2): step 82/189
[2026-04-26 21:33:07] ⏳ expZZZ (GPU 3): step 38/125
[2026-04-26 21:35:08] ⏳ expWWW (GPU 0): step 85/189
[2026-04-26 21:35:08] ⏳ expXXX (GPU 1): step 84/315
[2026-04-26 21:35:08] ⏳ expYYY (GPU 2): step 85/189
[2026-04-26 21:35:08] ⏳ expZZZ (GPU 3): step 40/125
[2026-04-26 21:37:08] ⏳ expWWW (GPU 0): step 87/189
[2026-04-26 21:37:08] ⏳ expXXX (GPU 1): step 87/315
[2026-04-26 21:37:08] ⏳ expYYY (GPU 2): step 88/189
[2026-04-26 21:37:08] ⏳ expZZZ (GPU 3): step 41/125
[2026-04-26 21:39:08] ⏳ expWWW (GPU 0): step 90/189
[2026-04-26 21:39:08] ⏳ expXXX (GPU 1): step 90/315
[2026-04-26 21:39:08] ⏳ expYYY (GPU 2): step 90/189
[2026-04-26 21:39:08] ⏳ expZZZ (GPU 3): step 42/125
[2026-04-26 21:41:08] ⏳ expWWW (GPU 0): step 93/189
[2026-04-26 21:41:08] ⏳ expXXX (GPU 1): step 93/315
[2026-04-26 21:41:08] ⏳ expYYY (GPU 2): step 93/189
[2026-04-26 21:41:08] ⏳ expZZZ (GPU 3): step 44/125
[2026-04-26 21:43:08] ⏳ expWWW (GPU 0): step 96/189
[2026-04-26 21:43:08] ⏳ expXXX (GPU 1): step 95/315
[2026-04-26 21:43:09] ⏳ expYYY (GPU 2): step 96/189
[2026-04-26 21:43:09] ⏳ expZZZ (GPU 3): step 45/125
[2026-04-26 21:45:09] ⏳ expWWW (GPU 0): step 98/189
[2026-04-26 21:45:09] ⏳ expXXX (GPU 1): step 98/315
[2026-04-26 21:45:09] ⏳ expYYY (GPU 2): step 98/189
[2026-04-26 21:45:09] ⏳ expZZZ (GPU 3): step 46/125
[2026-04-26 21:47:09] ⏳ expWWW (GPU 0): step 101/189
[2026-04-26 21:47:09] ⏳ expXXX (GPU 1): step 101/315
[2026-04-26 21:47:09] ⏳ expYYY (GPU 2): step 101/189
[2026-04-26 21:47:09] ⏳ expZZZ (GPU 3): step 48/125
[2026-04-26 21:49:09] ⏳ expWWW (GPU 0): step 104/189
[2026-04-26 21:49:09] ⏳ expXXX (GPU 1): step 103/315
[2026-04-26 21:49:09] ⏳ expYYY (GPU 2): step 104/189
[2026-04-26 21:49:09] ⏳ expZZZ (GPU 3): step 49/125
[2026-04-26 21:51:09] ⏳ expWWW (GPU 0): step 107/189
[2026-04-26 21:51:09] ⏳ expXXX (GPU 1): step 106/315
[2026-04-26 21:51:09] ⏳ expYYY (GPU 2): step 107/189
[2026-04-26 21:51:09] ⏳ expZZZ (GPU 3): step 50/125
[2026-04-26 21:53:10] ⏳ expWWW (GPU 0): step 110/189
[2026-04-26 21:53:10] ⏳ expXXX (GPU 1): step 109/315
[2026-04-26 21:53:10] ⏳ expYYY (GPU 2): step 110/189
[2026-04-26 21:53:10] ⏳ expZZZ (GPU 3): step 51/125
[2026-04-26 21:55:10] ⏳ expWWW (GPU 0): step 112/189
[2026-04-26 21:55:10] ⏳ expXXX (GPU 1): step 112/315
[2026-04-26 21:55:10] ⏳ expYYY (GPU 2): step 112/189
[2026-04-26 21:55:10] ⏳ expZZZ (GPU 3): step 53/125
[2026-04-26 21:57:10] ⏳ expWWW (GPU 0): step 115/189
[2026-04-26 21:57:10] ⏳ expXXX (GPU 1): step 115/315
[2026-04-26 21:57:10] ⏳ expYYY (GPU 2): step 115/189
[2026-04-26 21:57:10] ⏳ expZZZ (GPU 3): step 54/125
[2026-04-26 21:59:10] ⏳ expWWW (GPU 0): step 118/189
[2026-04-26 21:59:11] ⏳ expXXX (GPU 1): step 117/315
[2026-04-26 21:59:11] ⏳ expYYY (GPU 2): step 118/189
[2026-04-26 21:59:11] ⏳ expZZZ (GPU 3): step 55/125
[2026-04-26 22:01:11] ⏳ expWWW (GPU 0): step 120/189
[2026-04-26 22:01:11] ⏳ expXXX (GPU 1): step 120/315
[2026-04-26 22:01:11] ⏳ expYYY (GPU 2): step 121/189
[2026-04-26 22:01:11] ⏳ expZZZ (GPU 3): step 57/125
[2026-04-26 22:03:11] ⏳ expWWW (GPU 0): step 123/189
[2026-04-26 22:03:11] ⏳ expXXX (GPU 1): step 123/315
[2026-04-26 22:03:11] ⏳ expYYY (GPU 2): step 123/189
[2026-04-26 22:03:11] ⏳ expZZZ (GPU 3): step 58/125
[2026-04-26 22:05:11] ⏳ expWWW (GPU 0): step 126/189
[2026-04-26 22:05:11] ⏳ expXXX (GPU 1): step 126/315
[2026-04-26 22:05:11] ⏳ expYYY (GPU 2): step 126/189
[2026-04-26 22:05:11] ⏳ expZZZ (GPU 3): step 59/125
[2026-04-26 22:07:11] ⏳ expWWW (GPU 0): step 129/189
[2026-04-26 22:07:11] ⏳ expXXX (GPU 1): step 129/315
[2026-04-26 22:07:11] ⏳ expYYY (GPU 2): step 129/189
[2026-04-26 22:07:11] ⏳ expZZZ (GPU 3): step 61/125
[2026-04-26 22:09:12] ⏳ expWWW (GPU 0): step 132/189
[2026-04-26 22:09:12] ⏳ expXXX (GPU 1): step 132/315
[2026-04-26 22:09:12] ⏳ expYYY (GPU 2): step 132/189
[2026-04-26 22:09:12] ⏳ expZZZ (GPU 3): step 62/125
[2026-04-26 22:11:12] ⏳ expWWW (GPU 0): step 134/189
[2026-04-26 22:11:12] ⏳ expXXX (GPU 1): step 134/315
[2026-04-26 22:11:12] ⏳ expYYY (GPU 2): step 135/189
[2026-04-26 22:11:12] ⏳ expZZZ (GPU 3): step 63/125
[2026-04-26 22:13:12] ⏳ expWWW (GPU 0): step 137/189
[2026-04-26 22:13:12] ⏳ expXXX (GPU 1): step 137/315
[2026-04-26 22:13:12] ⏳ expYYY (GPU 2): step 137/189
[2026-04-26 22:13:12] ⏳ expZZZ (GPU 3): step 65/125
[2026-04-26 22:15:12] ⏳ expWWW (GPU 0): step 140/189
[2026-04-26 22:15:12] ⏳ expXXX (GPU 1): step 140/315
[2026-04-26 22:15:12] ⏳ expYYY (GPU 2): step 140/189
[2026-04-26 22:15:12] ⏳ expZZZ (GPU 3): step 66/125
[2026-04-26 22:17:12] ⏳ expWWW (GPU 0): step 143/189
[2026-04-26 22:17:12] ⏳ expXXX (GPU 1): step 142/315
[2026-04-26 22:17:12] ⏳ expYYY (GPU 2): step 143/189
[2026-04-26 22:17:12] ⏳ expZZZ (GPU 3): step 67/125
[2026-04-26 22:19:12] ⏳ expWWW (GPU 0): step 145/189
[2026-04-26 22:19:12] ⏳ expXXX (GPU 1): step 145/315
[2026-04-26 22:19:12] ⏳ expYYY (GPU 2): step 145/189
[2026-04-26 22:19:12] ⏳ expZZZ (GPU 3): step 68/125
[2026-04-26 22:21:13] ⏳ expWWW (GPU 0): step 148/189
[2026-04-26 22:21:13] ⏳ expXXX (GPU 1): step 148/315
[2026-04-26 22:21:13] ⏳ expYYY (GPU 2): step 148/189
[2026-04-26 22:21:13] ⏳ expZZZ (GPU 3): step 70/125
[2026-04-26 22:23:13] ⏳ expWWW (GPU 0): step 151/189
[2026-04-26 22:23:13] ⏳ expXXX (GPU 1): step 150/315
[2026-04-26 22:23:13] ⏳ expYYY (GPU 2): step 151/189
[2026-04-26 22:23:13] ⏳ expZZZ (GPU 3): step 71/125
[2026-04-26 22:25:13] ⏳ expWWW (GPU 0): step 153/189
[2026-04-26 22:25:13] ⏳ expXXX (GPU 1): step 153/315
[2026-04-26 22:25:13] ⏳ expYYY (GPU 2): step 154/189
[2026-04-26 22:25:13] ⏳ expZZZ (GPU 3): step 72/125
[2026-04-26 22:27:13] ⏳ expWWW (GPU 0): step 156/189
[2026-04-26 22:27:13] ⏳ expXXX (GPU 1): step 156/315
[2026-04-26 22:27:13] ⏳ expYYY (GPU 2): step 156/189
[2026-04-26 22:27:13] ⏳ expZZZ (GPU 3): step 74/125
[2026-04-26 22:29:13] ⏳ expWWW (GPU 0): step 159/189
[2026-04-26 22:29:13] ⏳ expXXX (GPU 1): step 159/315
[2026-04-26 22:29:13] ⏳ expYYY (GPU 2): step 159/189
[2026-04-26 22:29:13] ⏳ expZZZ (GPU 3): step 75/125
[2026-04-26 22:31:14] ⏳ expWWW (GPU 0): step 161/189
[2026-04-26 22:31:14] ⏳ expXXX (GPU 1): step 161/315
[2026-04-26 22:31:14] ⏳ expYYY (GPU 2): step 162/189
[2026-04-26 22:31:14] ⏳ expZZZ (GPU 3): step 76/125
[2026-04-26 22:33:14] ⏳ expWWW (GPU 0): step 164/189
[2026-04-26 22:33:14] ⏳ expXXX (GPU 1): step 164/315
[2026-04-26 22:33:14] ⏳ expYYY (GPU 2): step 164/189
[2026-04-26 22:33:14] ⏳ expZZZ (GPU 3): step 77/125
[2026-04-26 22:35:14] ⏳ expWWW (GPU 0): step 167/189
[2026-04-26 22:35:14] ⏳ expXXX (GPU 1): step 167/315
[2026-04-26 22:35:14] ⏳ expYYY (GPU 2): step 167/189
[2026-04-26 22:35:14] ⏳ expZZZ (GPU 3): step 79/125
[2026-04-26 22:37:14] ⏳ expWWW (GPU 0): step 170/189
[2026-04-26 22:37:14] ⏳ expXXX (GPU 1): step 169/315
[2026-04-26 22:37:14] ⏳ expYYY (GPU 2): step 170/189
[2026-04-26 22:37:14] ⏳ expZZZ (GPU 3): step 80/125
[2026-04-26 22:39:14] ⏳ expWWW (GPU 0): step 172/189
[2026-04-26 22:39:14] ⏳ expXXX (GPU 1): step 172/315
[2026-04-26 22:39:14] ⏳ expYYY (GPU 2): step 173/189
[2026-04-26 22:39:14] ⏳ expZZZ (GPU 3): step 81/125
[2026-04-26 22:41:14] ⏳ expWWW (GPU 0): step 175/189
[2026-04-26 22:41:14] ⏳ expXXX (GPU 1): step 175/315
[2026-04-26 22:41:14] ⏳ expYYY (GPU 2): step 175/189
[2026-04-26 22:41:14] ⏳ expZZZ (GPU 3): step 83/125
[2026-04-26 22:43:14] ⏳ expWWW (GPU 0): step 178/189
[2026-04-26 22:43:15] ⏳ expXXX (GPU 1): step 178/315
[2026-04-26 22:43:15] ⏳ expYYY (GPU 2): step 178/189
[2026-04-26 22:43:15] ⏳ expZZZ (GPU 3): step 84/125
[2026-04-26 22:45:15] ⏳ expWWW (GPU 0): step 180/189
[2026-04-26 22:45:15] ⏳ expXXX (GPU 1): step 180/315
[2026-04-26 22:45:15] ⏳ expYYY (GPU 2): step 181/189
[2026-04-26 22:45:15] ⏳ expZZZ (GPU 3): step 85/125
[2026-04-26 22:47:15] ⏳ expWWW (GPU 0): step 183/189
[2026-04-26 22:47:15] ⏳ expXXX (GPU 1): step 183/315
[2026-04-26 22:47:15] ⏳ expYYY (GPU 2): step 183/189
[2026-04-26 22:47:15] ⏳ expZZZ (GPU 3): step 87/125
[2026-04-26 22:49:15] ⏳ expWWW (GPU 0): step 186/189
[2026-04-26 22:49:15] ⏳ expXXX (GPU 1): step 186/315
[2026-04-26 22:49:15] ⏳ expYYY (GPU 2): step 186/189
[2026-04-26 22:49:15] ⏳ expZZZ (GPU 3): step 88/125
[2026-04-26 22:51:15]   expWWW: eval started PID=324172 GPU=0
[2026-04-26 22:51:15] ⏳ expXXX (GPU 1): step 189/315
[2026-04-26 22:51:15]   expYYY: eval started PID=324177 GPU=2
[2026-04-26 22:51:15] ⏳ expZZZ (GPU 3): step 89/125
[2026-04-26 22:53:15] ⏳ expXXX (GPU 1): step 191/315
[2026-04-26 22:53:15] ⏳ expZZZ (GPU 3): step 91/125
[2026-04-26 22:55:16] ⏳ expXXX (GPU 1): step 194/315
[2026-04-26 22:55:16] ⏳ expZZZ (GPU 3): step 92/125
[2026-04-26 22:57:16] ⏳ expXXX (GPU 1): step 197/315
[2026-04-26 22:57:16] ⏳ expZZZ (GPU 3): step 93/125
[2026-04-26 22:59:16] ⏳ expXXX (GPU 1): step 200/315
[2026-04-26 22:59:16] ⏳ expZZZ (GPU 3): step 94/125
[2026-04-26 23:01:16] ⏳ expXXX (GPU 1): step 202/315
[2026-04-26 23:01:16] ⏳ expZZZ (GPU 3): step 96/125
[2026-04-26 23:03:16] ⏳ expXXX (GPU 1): step 205/315
[2026-04-26 23:03:16] ⏳ expZZZ (GPU 3): step 97/125
[2026-04-26 23:05:16] ⏳ expXXX (GPU 1): step 208/315
[2026-04-26 23:05:16] ⏳ expZZZ (GPU 3): step 98/125
[2026-04-26 23:07:17] ⏳ expXXX (GPU 1): step 211/315
[2026-04-26 23:07:17] ⏳ expZZZ (GPU 3): step 100/125
[2026-04-26 23:09:17] ⏳ expXXX (GPU 1): step 213/315
[2026-04-26 23:09:17] ⏳ expZZZ (GPU 3): step 101/125
[2026-04-26 23:11:17] ⏳ expXXX (GPU 1): step 216/315
[2026-04-26 23:11:17] ⏳ expZZZ (GPU 3): step 102/125
[2026-04-26 23:13:17] ⏳ expXXX (GPU 1): step 219/315
[2026-04-26 23:13:17] ⏳ expZZZ (GPU 3): step 103/125
[2026-04-26 23:15:17] ⏳ expXXX (GPU 1): step 221/315
[2026-04-26 23:15:17] ⏳ expZZZ (GPU 3): step 105/125
[2026-04-26 23:17:17] ⏳ expXXX (GPU 1): step 224/315
[2026-04-26 23:17:17] ⏳ expZZZ (GPU 3): step 106/125
[2026-04-26 23:19:18] ⏳ expXXX (GPU 1): step 227/315
[2026-04-26 23:19:18] ⏳ expZZZ (GPU 3): step 107/125
[2026-04-26 23:21:18] ⏳ expXXX (GPU 1): step 229/315
[2026-04-26 23:21:18] ⏳ expZZZ (GPU 3): step 108/125
[2026-04-26 23:23:18] ⏳ expXXX (GPU 1): step 232/315
[2026-04-26 23:23:18] ⏳ expZZZ (GPU 3): step 110/125
[2026-04-26 23:25:18] ⏳ expXXX (GPU 1): step 235/315
[2026-04-26 23:25:18] ⏳ expZZZ (GPU 3): step 111/125
[2026-04-26 23:27:18] ⏳ expXXX (GPU 1): step 237/315
[2026-04-26 23:27:19] ⏳ expZZZ (GPU 3): step 112/125
[2026-04-26 23:29:19] ⏳ expXXX (GPU 1): step 240/315
[2026-04-26 23:29:19] ⏳ expZZZ (GPU 3): step 114/125
[2026-04-26 23:31:19] ⏳ expXXX (GPU 1): step 243/315
[2026-04-26 23:31:19] ⏳ expZZZ (GPU 3): step 115/125
[2026-04-26 23:33:19] ⏳ expXXX (GPU 1): step 246/315
[2026-04-26 23:33:19] ⏳ expZZZ (GPU 3): step 116/125
[2026-04-26 23:35:19] ⏳ expXXX (GPU 1): step 248/315
[2026-04-26 23:35:19] ⏳ expZZZ (GPU 3): step 118/125
[2026-04-26 23:37:19] ⏳ expXXX (GPU 1): step 252/315
[2026-04-26 23:37:19] ⏳ expZZZ (GPU 3): step 119/125
[2026-04-26 23:39:19] ⏳ expXXX (GPU 1): step 254/315
[2026-04-26 23:39:19] ⏳ expZZZ (GPU 3): step 120/125
[2026-04-26 23:41:20] ⏳ expXXX (GPU 1): step 257/315
[2026-04-26 23:41:20] ⏳ expZZZ (GPU 3): step 122/125
[2026-04-26 23:43:20] ⏳ expXXX (GPU 1): step 260/315
[2026-04-26 23:43:20] ⏳ expZZZ (GPU 3): step 123/125
[2026-04-26 23:45:20] ⏳ expXXX (GPU 1): step 263/315
[2026-04-26 23:45:20] ⏳ expZZZ (GPU 3): step 124/125
[2026-04-26 23:47:20] ⏳ expXXX (GPU 1): step 265/315
[2026-04-26 23:47:20]   expZZZ: eval started PID=329291 GPU=3
[2026-04-26 23:49:20] ⏳ expXXX (GPU 1): step 268/315
[2026-04-26 23:51:20] ⏳ expXXX (GPU 1): step 271/315
[2026-04-26 23:53:21] ⏳ expXXX (GPU 1): step 273/315
[2026-04-26 23:55:21] ⏳ expXXX (GPU 1): step 276/315
[2026-04-26 23:57:21] ⏳ expXXX (GPU 1): step 279/315
[2026-04-26 23:59:21] ⏳ expXXX (GPU 1): step 281/315
[2026-04-27 00:01:21] ⏳ expXXX (GPU 1): step 284/315
[2026-04-27 00:03:21] ⏳ expXXX (GPU 1): step 287/315
[2026-04-27 00:05:21] ⏳ expXXX (GPU 1): step 290/315
[2026-04-27 00:07:21] ⏳ expXXX (GPU 1): step 293/315
[2026-04-27 00:09:22] ⏳ expXXX (GPU 1): step 295/315
[2026-04-27 00:11:22] ⏳ expXXX (GPU 1): step 298/315
[2026-04-27 00:13:22] ⏳ expXXX (GPU 1): step 301/315
[2026-04-27 00:15:22] ⏳ expXXX (GPU 1): step 304/315
[2026-04-27 00:17:22] ⏳ expXXX (GPU 1): step 306/315
[2026-04-27 00:19:22] ⏳ expXXX (GPU 1): step 309/315
[2026-04-27 00:21:23] ⏳ expXXX (GPU 1): step 312/315
[2026-04-27 00:23:23]   expXXX: eval started PID=332218 GPU=1
[2026-04-27 01:31:27] 🏁 expWWW: F1=0.410  r8=0.46
[2026-04-27 01:31:27] 🏁 expXXX: F1=0.155  r8=0.15
[2026-04-27 01:31:27] 🏁 expYYY: F1=0.430  r8=0.77
[2026-04-27 01:31:27] 🏁 expZZZ: F1=0.089  r8=0.23
[2026-04-27 01:31:27] === Batch 11 Final Results ===
[2026-04-27 01:31:27]   expWWW: F1=0.410  cpk=1.00  r8=0.46
[2026-04-27 01:31:27]   expXXX: F1=0.155  cpk=0.42  r8=0.15
[2026-04-27 01:31:27]   expYYY: F1=0.430  cpk=1.00  r8=0.77
[2026-04-27 01:31:27]   expZZZ: F1=0.089  cpk=0.29  r8=0.23
[2026-04-27 01:31:27] === FINAL All-time Top 10 ===
[2026-04-27 01:31:27]   expYYY: F1=0.430  r8=0.77
[2026-04-27 01:31:27]   expTTT: F1=0.426  r8=0.77
[2026-04-27 01:31:27]   expVVV: F1=0.413  r8=0.92
[2026-04-27 01:31:27]   expWWW: F1=0.410  r8=0.46
[2026-04-27 01:31:27]   expHHH: F1=0.400  r8=0.77
[2026-04-27 01:31:27]   expUUU: F1=0.395  r8=0.69
[2026-04-27 01:31:27]   expJJJ: F1=0.394  r8=0.61
[2026-04-27 01:31:27]   expMMM: F1=0.392  r8=0.54
[2026-04-27 01:31:27]   expPPP: F1=0.386  r8=0.69
[2026-04-27 01:31:27]   expXX: F1=0.385  r8=0.00
[2026-04-27 01:31:27] Agent-Beta B11 planner exiting.
