[21:10:17] Batch 9 pre-launched monitor started.
[21:10:17] Experiments: ['expIII', 'expJJJ', 'expKKK', 'expLLL', 'expMMM']
[21:10:17] ⏳ Waiting for Batch 8 evals (expGGG, expHHH)...
[21:10:17] ⏳ expIII (GPU 5): step 1/125
[21:10:17] ⏳ expJJJ (GPU 6): step 1/150
[21:10:17] ⏳ expKKK (GPU 2): step 1/125
[21:10:17] ⏳ expLLL (GPU 3): step 2/125
[21:10:17] ⏳ expMMM (GPU 4): step 1/125
[21:12:17] ⏳ Waiting for Batch 8 evals (expGGG, expHHH)...
[21:12:18] ⏳ expIII (GPU 5): step 4/125
[21:12:18] ⏳ expJJJ (GPU 6): step 4/150
[21:12:18] ⏳ expKKK (GPU 2): step 4/125
[21:12:18] ⏳ expLLL (GPU 3): step 7/125
[21:12:18] ⏳ expMMM (GPU 4): step 4/125
[21:14:18] ⏳ Waiting for Batch 8 evals (expGGG, expHHH)...
[21:14:18] ⏳ expIII (GPU 5): step 7/125
[21:14:18] ⏳ expJJJ (GPU 6): step 7/150
[21:14:18] ⏳ expKKK (GPU 2): step 7/125
[21:14:18] ⏳ expLLL (GPU 3): step 11/125
[21:14:18] ⏳ expMMM (GPU 4): step 7/125
[21:16:18] ⏳ Waiting for Batch 8 evals (expGGG, expHHH)...
[21:16:18] ⏳ expIII (GPU 5): step 10/125
[21:16:18] ⏳ expJJJ (GPU 6): step 10/150
[21:16:18] ⏳ expKKK (GPU 2): step 10/125
[21:16:18] ⏳ expLLL (GPU 3): step 16/125
[21:16:18] ⏳ expMMM (GPU 4): step 10/125
[21:18:18] ⏳ Waiting for Batch 8 evals (expGGG, expHHH)...
[21:18:18] ⏳ expIII (GPU 5): step 13/125
[21:18:18] ⏳ expJJJ (GPU 6): step 13/150
[21:18:18] ⏳ expKKK (GPU 2): step 13/125
[21:18:18] ⏳ expLLL (GPU 3): step 21/125
[21:18:18] ⏳ expMMM (GPU 4): step 13/125
[21:20:18] ⏳ Waiting for Batch 8 evals (expGGG, expHHH)...
[21:20:18] ⏳ expIII (GPU 5): step 16/125
[21:20:18] ⏳ expJJJ (GPU 6): step 16/150
[21:20:18] ⏳ expKKK (GPU 2): step 16/125
[21:20:18] ⏳ expLLL (GPU 3): step 25/125
[21:20:18] ⏳ expMMM (GPU 4): step 15/125
[21:22:19] ⏳ Waiting for Batch 8 evals (expGGG, expHHH)...
[21:22:19] ⏳ expIII (GPU 5): step 19/125
[21:22:19] ⏳ expJJJ (GPU 6): step 19/150
[21:22:19] ⏳ expKKK (GPU 2): step 19/125
[21:22:19] ⏳ expLLL (GPU 3): step 30/125
[21:22:19] ⏳ expMMM (GPU 4): step 18/125
[21:24:19] ⏳ Waiting for Batch 8 evals (expGGG, expHHH)...
[21:24:19] ⏳ expIII (GPU 5): step 22/125
[21:24:19] ⏳ expJJJ (GPU 6): step 21/150
[21:24:19] ⏳ expKKK (GPU 2): step 22/125
[21:24:19] ⏳ expLLL (GPU 3): step 34/125
[21:24:19] ⏳ expMMM (GPU 4): step 21/125
[21:26:19] ⏳ Waiting for Batch 8 evals (expGGG, expHHH)...
[21:26:19] ⏳ expIII (GPU 5): step 25/125
[21:26:19] ⏳ expJJJ (GPU 6): step 24/150
[21:26:19] ⏳ expKKK (GPU 2): step 24/125
[21:26:19] ⏳ expLLL (GPU 3): step 39/125
[21:26:19] ⏳ expMMM (GPU 4): step 24/125
[21:28:19] ⏳ Waiting for Batch 8 evals (expGGG, expHHH)...
[21:28:19] ⏳ expIII (GPU 5): step 27/125
[21:28:19] ⏳ expJJJ (GPU 6): step 27/150
[21:28:19] ⏳ expKKK (GPU 2): step 27/125
[21:28:19] ⏳ expLLL (GPU 3): step 43/125
[21:28:19] ⏳ expMMM (GPU 4): step 27/125
[21:30:19] ⏳ Waiting for Batch 8 evals (expGGG, expHHH)...
[21:30:19] ⏳ expIII (GPU 5): step 30/125
[21:30:19] ⏳ expJJJ (GPU 6): step 30/150
[21:30:19] ⏳ expKKK (GPU 2): step 30/125
[21:30:19] ⏳ expLLL (GPU 3): step 48/125
[21:30:19] ⏳ expMMM (GPU 4): step 30/125
[21:32:20] ⏳ Waiting for Batch 8 evals (expGGG, expHHH)...
[21:32:20] ⏳ expIII (GPU 5): step 33/125
[21:32:20] ⏳ expJJJ (GPU 6): step 33/150
[21:32:20] ⏳ expKKK (GPU 2): step 33/125
[21:32:20] ⏳ expLLL (GPU 3): step 52/125
[21:32:20] ⏳ expMMM (GPU 4): step 33/125
[21:34:20] ⏳ Waiting for Batch 8 evals (expGGG, expHHH)...
[21:34:20] ⏳ expIII (GPU 5): step 36/125
[21:34:20] ⏳ expJJJ (GPU 6): step 36/150
[21:34:20] ⏳ expKKK (GPU 2): step 36/125
[21:34:20] ⏳ expLLL (GPU 3): step 57/125
[21:34:20] ⏳ expMMM (GPU 4): step 36/125
[21:36:20] ⏳ Waiting for Batch 8 evals (expGGG, expHHH)...
[21:36:20] ⏳ expIII (GPU 5): step 39/125
[21:36:20] ⏳ expJJJ (GPU 6): step 39/150
[21:36:20] ⏳ expKKK (GPU 2): step 39/125
[21:36:20] ⏳ expLLL (GPU 3): step 62/125
[21:36:20] ⏳ expMMM (GPU 4): step 38/125
[21:38:20] ⏳ Waiting for Batch 8 evals (expGGG, expHHH)...
[21:38:20] ⏳ expIII (GPU 5): step 42/125
[21:38:20] ⏳ expJJJ (GPU 6): step 42/150
[21:38:20] ⏳ expKKK (GPU 2): step 42/125
[21:38:20] ⏳ expLLL (GPU 3): step 66/125
[21:38:20] ⏳ expMMM (GPU 4): step 41/125
[21:40:21] ⏳ Waiting for Batch 8 evals (expGGG, expHHH)...
[21:40:21] ⏳ expIII (GPU 5): step 45/125
[21:40:21] ⏳ expJJJ (GPU 6): step 45/150
[21:40:21] ⏳ expKKK (GPU 2): step 45/125
[21:40:21] ⏳ expLLL (GPU 3): step 71/125
[21:40:21] ⏳ expMMM (GPU 4): step 44/125
[21:42:21] ⏳ Waiting for Batch 8 evals (expGGG, expHHH)...
[21:42:21] ⏳ expIII (GPU 5): step 48/125
[21:42:21] ⏳ expJJJ (GPU 6): step 47/150
[21:42:21] ⏳ expKKK (GPU 2): step 47/125
[21:42:21] ⏳ expLLL (GPU 3): step 75/125
[21:42:21] ⏳ expMMM (GPU 4): step 47/125
[21:44:21] ⏳ Waiting for Batch 8 evals (expGGG, expHHH)...
[21:44:21] ⏳ expIII (GPU 5): step 51/125
[21:44:21] ⏳ expJJJ (GPU 6): step 50/150
[21:44:21] ⏳ expKKK (GPU 2): step 50/125
[21:44:21] ⏳ expLLL (GPU 3): step 80/125
[21:44:21] ⏳ expMMM (GPU 4): step 50/125
[21:46:21] ⏳ Waiting for Batch 8 evals (expGGG, expHHH)...
[21:46:21] ⏳ expIII (GPU 5): step 53/125
[21:46:21] ⏳ expJJJ (GPU 6): step 53/150
[21:46:21] ⏳ expKKK (GPU 2): step 53/125
[21:46:21] ⏳ expLLL (GPU 3): step 85/125
[21:46:21] ⏳ expMMM (GPU 4): step 53/125
[21:48:21] ⏳ Waiting for Batch 8 evals (expGGG, expHHH)...
[21:48:21] ⏳ expIII (GPU 5): step 56/125
[21:48:21] ⏳ expJJJ (GPU 6): step 56/150
[21:48:22] ⏳ expKKK (GPU 2): step 56/125
[21:48:22] ⏳ expLLL (GPU 3): step 89/125
[21:48:22] ⏳ expMMM (GPU 4): step 56/125
[21:50:22] ⏳ Waiting for Batch 8 evals (expGGG, expHHH)...
[21:50:22] ⏳ expIII (GPU 5): step 59/125
[21:50:22] ⏳ expJJJ (GPU 6): step 59/150
[21:50:22] ⏳ expKKK (GPU 2): step 59/125
[21:50:22] ⏳ expLLL (GPU 3): step 94/125
[21:50:22] ⏳ expMMM (GPU 4): step 58/125
[21:52:22] ⏳ Waiting for Batch 8 evals (expGGG, expHHH)...
[21:52:22] ⏳ expIII (GPU 5): step 62/125
[21:52:22] ⏳ expJJJ (GPU 6): step 62/150
[21:52:22] ⏳ expKKK (GPU 2): step 62/125
[21:52:22] ⏳ expLLL (GPU 3): step 99/125
[21:52:22] ⏳ expMMM (GPU 4): step 61/125
[21:54:22] ⏳ Waiting for Batch 8 evals (expGGG, expHHH)...
[21:54:22] ⏳ expIII (GPU 5): step 65/125
[21:54:22] ⏳ expJJJ (GPU 6): step 65/150
[21:54:22] ⏳ expKKK (GPU 2): step 65/125
[21:54:22] ⏳ expLLL (GPU 3): step 103/125
[21:54:23] ⏳ expMMM (GPU 4): step 64/125
[21:56:23] ⏳ Waiting for Batch 8 evals (expGGG, expHHH)...
[21:56:23] ⏳ expIII (GPU 5): step 68/125
[21:56:23] ⏳ expJJJ (GPU 6): step 68/150
[21:56:23] ⏳ expKKK (GPU 2): step 68/125
[21:56:23] ⏳ expLLL (GPU 3): step 108/125
[21:56:23] ⏳ expMMM (GPU 4): step 67/125
[21:58:23] ⏳ Waiting for Batch 8 evals (expGGG, expHHH)...
[21:58:23] ⏳ expIII (GPU 5): step 71/125
[21:58:23] ⏳ expJJJ (GPU 6): step 70/150
[21:58:23] ⏳ expKKK (GPU 2): step 70/125
[21:58:23] ⏳ expLLL (GPU 3): step 112/125
[21:58:23] ⏳ expMMM (GPU 4): step 70/125
[22:00:23] ⏳ Waiting for Batch 8 evals (expGGG, expHHH)...
[22:00:23] ⏳ expIII (GPU 5): step 74/125
[22:00:23] ⏳ expJJJ (GPU 6): step 73/150
[22:00:23] ⏳ expKKK (GPU 2): step 73/125
[22:00:23] ⏳ expLLL (GPU 3): step 117/125
[22:00:23] ⏳ expMMM (GPU 4): step 73/125
[22:02:23] ⏳ Waiting for Batch 8 evals (expGGG, expHHH)...
[22:02:23] ⏳ expIII (GPU 5): step 77/125
[22:02:24] ⏳ expJJJ (GPU 6): step 76/150
[22:02:24] ⏳ expKKK (GPU 2): step 76/125
[22:02:24] ⏳ expLLL (GPU 3): step 122/125
[22:02:24] ⏳ expMMM (GPU 4): step 76/125
[22:04:24] ⏳ Waiting for Batch 8 evals (expGGG, expHHH)...
[22:04:24] ⏳ expIII (GPU 5): step 80/125
[22:04:24] ⏳ expJJJ (GPU 6): step 79/150
[22:04:24] ⏳ expKKK (GPU 2): step 79/125
[22:04:24] ⌛ expLLL: training done, waiting for B8 evals before starting eval...
[22:04:24] ⏳ expMMM (GPU 4): step 78/125
[22:06:24] ⏳ Waiting for Batch 8 evals (expGGG, expHHH)...
[22:06:24] ⏳ expIII (GPU 5): step 82/125
[22:06:24] ⏳ expJJJ (GPU 6): step 82/150
[22:06:24] ⏳ expKKK (GPU 2): step 82/125
[22:06:24] ⌛ expLLL: training done, waiting for B8 evals before starting eval...
[22:06:24] ⏳ expMMM (GPU 4): step 81/125
[22:08:24] ⏳ Waiting for Batch 8 evals (expGGG, expHHH)...
[22:08:24] ⏳ expIII (GPU 5): step 85/125
[22:08:24] ⏳ expJJJ (GPU 6): step 85/150
[22:08:24] ⏳ expKKK (GPU 2): step 85/125
[22:08:24] ⌛ expLLL: training done, waiting for B8 evals before starting eval...
[22:08:25] ⏳ expMMM (GPU 4): step 84/125
[22:10:25] ⏳ Waiting for Batch 8 evals (expGGG, expHHH)...
[22:10:25] ⏳ expIII (GPU 5): step 88/125
[22:10:25] ⏳ expJJJ (GPU 6): step 88/150
[22:10:25] ⏳ expKKK (GPU 2): step 88/125
[22:10:25] ⌛ expLLL: training done, waiting for B8 evals before starting eval...
[22:10:25] ⏳ expMMM (GPU 4): step 87/125
[22:12:25] ⏳ Waiting for Batch 8 evals (expGGG, expHHH)...
[22:12:25] ⏳ expIII (GPU 5): step 91/125
[22:12:25] ⏳ expJJJ (GPU 6): step 91/150
[22:12:25] ⏳ expKKK (GPU 2): step 91/125
[22:12:25] ⌛ expLLL: training done, waiting for B8 evals before starting eval...
[22:12:25] ⏳ expMMM (GPU 4): step 90/125
[22:14:25] ⏳ Waiting for Batch 8 evals (expGGG, expHHH)...
[22:14:25] ⏳ expIII (GPU 5): step 94/125
[22:14:25] ⏳ expJJJ (GPU 6): step 93/150
[22:14:25] ⏳ expKKK (GPU 2): step 94/125
[22:14:25] ⌛ expLLL: training done, waiting for B8 evals before starting eval...
[22:14:25] ⏳ expMMM (GPU 4): step 93/125
[22:16:25] ⏳ Waiting for Batch 8 evals (expGGG, expHHH)...
[22:16:25] ⏳ expIII (GPU 5): step 97/125
[22:16:25] ⏳ expJJJ (GPU 6): step 96/150
[22:16:25] ⏳ expKKK (GPU 2): step 96/125
[22:16:25] ⌛ expLLL: training done, waiting for B8 evals before starting eval...
[22:16:25] ⏳ expMMM (GPU 4): step 96/125
[22:18:25] ⏳ Waiting for Batch 8 evals (expGGG, expHHH)...
[22:18:26] ⏳ expIII (GPU 5): step 100/125
[22:18:26] ⏳ expJJJ (GPU 6): step 99/150
[22:18:26] ⏳ expKKK (GPU 2): step 99/125
[22:18:26] ⌛ expLLL: training done, waiting for B8 evals before starting eval...
[22:18:26] ⏳ expMMM (GPU 4): step 99/125
[22:20:26] ⏳ Waiting for Batch 8 evals (expGGG, expHHH)...
[22:20:26] ⏳ expIII (GPU 5): step 103/125
[22:20:26] ⏳ expJJJ (GPU 6): step 102/150
[22:20:26] ⏳ expKKK (GPU 2): step 102/125
[22:20:26] ⌛ expLLL: training done, waiting for B8 evals before starting eval...
[22:20:26] ⏳ expMMM (GPU 4): step 101/125
[22:22:26] ⏳ Waiting for Batch 8 evals (expGGG, expHHH)...
[22:22:26] ⏳ expIII (GPU 5): step 105/125
[22:22:26] ⏳ expJJJ (GPU 6): step 105/150
[22:22:26] ⏳ expKKK (GPU 2): step 105/125
[22:22:26] ⌛ expLLL: training done, waiting for B8 evals before starting eval...
[22:22:26] ⏳ expMMM (GPU 4): step 104/125
[22:24:26] ⏳ Waiting for Batch 8 evals (expGGG, expHHH)...
[22:24:26] ⏳ expIII (GPU 5): step 108/125
[22:24:26] ⏳ expJJJ (GPU 6): step 108/150
[22:24:26] ⏳ expKKK (GPU 2): step 108/125
[22:24:26] ⌛ expLLL: training done, waiting for B8 evals before starting eval...
[22:24:26] ⏳ expMMM (GPU 4): step 107/125
[22:26:27] ⏳ Waiting for Batch 8 evals (expGGG, expHHH)...
[22:26:27] ⏳ expIII (GPU 5): step 111/125
[22:26:27] ⏳ expJJJ (GPU 6): step 111/150
[22:26:27] ⏳ expKKK (GPU 2): step 111/125
[22:26:27] ⌛ expLLL: training done, waiting for B8 evals before starting eval...
[22:26:27] ⏳ expMMM (GPU 4): step 110/125
[22:28:27] ⏳ Waiting for Batch 8 evals (expGGG, expHHH)...
[22:28:27] ⏳ expIII (GPU 5): step 114/125
[22:28:27] ⏳ expJJJ (GPU 6): step 114/150
[22:28:27] ⏳ expKKK (GPU 2): step 114/125
[22:28:27] ⌛ expLLL: training done, waiting for B8 evals before starting eval...
[22:28:27] ⏳ expMMM (GPU 4): step 113/125
[22:30:27] ⏳ Waiting for Batch 8 evals (expGGG, expHHH)...
[22:30:27] ⏳ expIII (GPU 5): step 117/125
[22:30:27] ⏳ expJJJ (GPU 6): step 116/150
[22:30:27] ⏳ expKKK (GPU 2): step 117/125
[22:30:27] ⌛ expLLL: training done, waiting for B8 evals before starting eval...
[22:30:27] ⏳ expMMM (GPU 4): step 116/125
[22:32:27] ⏳ Waiting for Batch 8 evals (expGGG, expHHH)...
[22:32:27] ⏳ expIII (GPU 5): step 120/125
[22:32:28] ⏳ expJJJ (GPU 6): step 119/150
[22:32:28] ⏳ expKKK (GPU 2): step 120/125
[22:32:28] ⌛ expLLL: training done, waiting for B8 evals before starting eval...
[22:32:28] ⏳ expMMM (GPU 4): step 119/125
[22:34:28] ⏳ Waiting for Batch 8 evals (expGGG, expHHH)...
[22:34:28] ⏳ expIII (GPU 5): step 123/125
[22:34:28] ⏳ expJJJ (GPU 6): step 122/150
[22:34:28] ⏳ expKKK (GPU 2): step 122/125
[22:34:28] ⌛ expLLL: training done, waiting for B8 evals before starting eval...
[22:34:28] ⏳ expMMM (GPU 4): step 122/125
[22:36:28] ⏳ Waiting for Batch 8 evals (expGGG, expHHH)...
[22:36:28] ⌛ expIII: training done, waiting for B8 evals before starting eval...
[22:36:28] ⏳ expJJJ (GPU 6): step 125/150
[22:36:28] ⌛ expKKK: training done, waiting for B8 evals before starting eval...
[22:36:28] ⌛ expLLL: training done, waiting for B8 evals before starting eval...
[22:36:28] ⏳ expMMM (GPU 4): step 125/125
[22:38:28] ⏳ Waiting for Batch 8 evals (expGGG, expHHH)...
[22:38:28] ⌛ expIII: training done, waiting for B8 evals before starting eval...
[22:38:28] ⏳ expJJJ (GPU 6): step 128/150
[22:38:28] ⌛ expKKK: training done, waiting for B8 evals before starting eval...
[22:38:28] ⌛ expLLL: training done, waiting for B8 evals before starting eval...
[22:38:28] ⌛ expMMM: training done, waiting for B8 evals before starting eval...
[22:40:28] ⏳ Waiting for Batch 8 evals (expGGG, expHHH)...
[22:40:28] ⌛ expIII: training done, waiting for B8 evals before starting eval...
[22:40:29] ⏳ expJJJ (GPU 6): step 131/150
[22:40:29] ⌛ expKKK: training done, waiting for B8 evals before starting eval...
[22:40:29] ⌛ expLLL: training done, waiting for B8 evals before starting eval...
[22:40:29] ⌛ expMMM: training done, waiting for B8 evals before starting eval...
[22:42:29] ⏳ Waiting for Batch 8 evals (expGGG, expHHH)...
[22:42:29] ⌛ expIII: training done, waiting for B8 evals before starting eval...
[22:42:29] ⏳ expJJJ (GPU 6): step 134/150
[22:42:29] ⌛ expKKK: training done, waiting for B8 evals before starting eval...
[22:42:29] ⌛ expLLL: training done, waiting for B8 evals before starting eval...
[22:42:29] ⌛ expMMM: training done, waiting for B8 evals before starting eval...
[22:44:29] ⏳ Waiting for Batch 8 evals (expGGG, expHHH)...
[22:44:29] ⌛ expIII: training done, waiting for B8 evals before starting eval...
[22:44:29] ⏳ expJJJ (GPU 6): step 136/150
[22:44:29] ⌛ expKKK: training done, waiting for B8 evals before starting eval...
[22:44:29] ⌛ expLLL: training done, waiting for B8 evals before starting eval...
[22:44:29] ⌛ expMMM: training done, waiting for B8 evals before starting eval...
[22:46:29] ⏳ Waiting for Batch 8 evals (expGGG, expHHH)...
[22:46:29] ⌛ expIII: training done, waiting for B8 evals before starting eval...
[22:46:29] ⏳ expJJJ (GPU 6): step 139/150
[22:46:29] ⌛ expKKK: training done, waiting for B8 evals before starting eval...
[22:46:29] ⌛ expLLL: training done, waiting for B8 evals before starting eval...
[22:46:29] ⌛ expMMM: training done, waiting for B8 evals before starting eval...
[22:48:29] ⏳ Waiting for Batch 8 evals (expGGG, expHHH)...
[22:48:29] ⌛ expIII: training done, waiting for B8 evals before starting eval...
[22:48:29] ⏳ expJJJ (GPU 6): step 142/150
[22:48:29] ⌛ expKKK: training done, waiting for B8 evals before starting eval...
[22:48:29] ⌛ expLLL: training done, waiting for B8 evals before starting eval...
[22:48:29] ⌛ expMMM: training done, waiting for B8 evals before starting eval...
[22:50:29] ⏳ Waiting for Batch 8 evals (expGGG, expHHH)...
[22:50:29] ⌛ expIII: training done, waiting for B8 evals before starting eval...
[22:50:29] ⏳ expJJJ (GPU 6): step 145/150
[22:50:29] ⌛ expKKK: training done, waiting for B8 evals before starting eval...
[22:50:29] ⌛ expLLL: training done, waiting for B8 evals before starting eval...
[22:50:29] ⌛ expMMM: training done, waiting for B8 evals before starting eval...
[22:52:29] ⏳ Waiting for Batch 8 evals (expGGG, expHHH)...
[22:52:29] ⌛ expIII: training done, waiting for B8 evals before starting eval...
[22:52:29] ⏳ expJJJ (GPU 6): step 148/150
[22:52:29] ⌛ expKKK: training done, waiting for B8 evals before starting eval...
[22:52:29] ⌛ expLLL: training done, waiting for B8 evals before starting eval...
[22:52:29] ⌛ expMMM: training done, waiting for B8 evals before starting eval...
[22:54:30] ⏳ Waiting for Batch 8 evals (expGGG, expHHH)...
[22:54:30] ⌛ expIII: training done, waiting for B8 evals before starting eval...
[22:54:30] ⌛ expJJJ: training done, waiting for B8 evals before starting eval...
[22:54:30] ⌛ expKKK: training done, waiting for B8 evals before starting eval...
[22:54:30] ⌛ expLLL: training done, waiting for B8 evals before starting eval...
[22:54:30] ⌛ expMMM: training done, waiting for B8 evals before starting eval...
[22:56:30] ⏳ Waiting for Batch 8 evals (expGGG, expHHH)...
[22:56:30] ⌛ expIII: training done, waiting for B8 evals before starting eval...
[22:56:30] ⌛ expJJJ: training done, waiting for B8 evals before starting eval...
[22:56:30] ⌛ expKKK: training done, waiting for B8 evals before starting eval...
[22:56:30] ⌛ expLLL: training done, waiting for B8 evals before starting eval...
[22:56:30] ⌛ expMMM: training done, waiting for B8 evals before starting eval...
[22:58:30] ⏳ Waiting for Batch 8 evals (expGGG, expHHH)...
[22:58:30] ⌛ expIII: training done, waiting for B8 evals before starting eval...
[22:58:30] ⌛ expJJJ: training done, waiting for B8 evals before starting eval...
[22:58:30] ⌛ expKKK: training done, waiting for B8 evals before starting eval...
[22:58:30] ⌛ expLLL: training done, waiting for B8 evals before starting eval...
[22:58:30] ⌛ expMMM: training done, waiting for B8 evals before starting eval...
[23:00:30] ⏳ Waiting for Batch 8 evals (expGGG, expHHH)...
[23:00:30] ⌛ expIII: training done, waiting for B8 evals before starting eval...
[23:00:30] ⌛ expJJJ: training done, waiting for B8 evals before starting eval...
[23:00:30] ⌛ expKKK: training done, waiting for B8 evals before starting eval...
[23:00:30] ⌛ expLLL: training done, waiting for B8 evals before starting eval...
[23:00:30] ⌛ expMMM: training done, waiting for B8 evals before starting eval...
[23:02:30] ⏳ Waiting for Batch 8 evals (expGGG, expHHH)...
[23:02:30] ⌛ expIII: training done, waiting for B8 evals before starting eval...
[23:02:30] ⌛ expJJJ: training done, waiting for B8 evals before starting eval...
[23:02:30] ⌛ expKKK: training done, waiting for B8 evals before starting eval...
[23:02:30] ⌛ expLLL: training done, waiting for B8 evals before starting eval...
[23:02:30] ⌛ expMMM: training done, waiting for B8 evals before starting eval...
[23:04:30] ⏳ Waiting for Batch 8 evals (expGGG, expHHH)...
[23:04:30] ⌛ expIII: training done, waiting for B8 evals before starting eval...
[23:04:30] ⌛ expJJJ: training done, waiting for B8 evals before starting eval...
[23:04:30] ⌛ expKKK: training done, waiting for B8 evals before starting eval...
[23:04:30] ⌛ expLLL: training done, waiting for B8 evals before starting eval...
[23:04:30] ⌛ expMMM: training done, waiting for B8 evals before starting eval...
[23:06:31] ⏳ Waiting for Batch 8 evals (expGGG, expHHH)...
[23:06:31] ⌛ expIII: training done, waiting for B8 evals before starting eval...
[23:06:31] ⌛ expJJJ: training done, waiting for B8 evals before starting eval...
[23:06:31] ⌛ expKKK: training done, waiting for B8 evals before starting eval...
[23:06:31] ⌛ expLLL: training done, waiting for B8 evals before starting eval...
[23:06:31] ⌛ expMMM: training done, waiting for B8 evals before starting eval...
[23:08:31] ⏳ Waiting for Batch 8 evals (expGGG, expHHH)...
[23:08:31] ⌛ expIII: training done, waiting for B8 evals before starting eval...
[23:08:31] ⌛ expJJJ: training done, waiting for B8 evals before starting eval...
[23:08:31] ⌛ expKKK: training done, waiting for B8 evals before starting eval...
[23:08:31] ⌛ expLLL: training done, waiting for B8 evals before starting eval...
[23:08:31] ⌛ expMMM: training done, waiting for B8 evals before starting eval...
[23:10:31] ⏳ Waiting for Batch 8 evals (expGGG, expHHH)...
[23:10:31] ⌛ expIII: training done, waiting for B8 evals before starting eval...
[23:10:31] ⌛ expJJJ: training done, waiting for B8 evals before starting eval...
[23:10:31] ⌛ expKKK: training done, waiting for B8 evals before starting eval...
[23:10:31] ⌛ expLLL: training done, waiting for B8 evals before starting eval...
[23:10:31] ⌛ expMMM: training done, waiting for B8 evals before starting eval...
[23:12:31] ⏳ Waiting for Batch 8 evals (expGGG, expHHH)...
[23:12:31] ⌛ expIII: training done, waiting for B8 evals before starting eval...
[23:12:31] ⌛ expJJJ: training done, waiting for B8 evals before starting eval...
[23:12:31] ⌛ expKKK: training done, waiting for B8 evals before starting eval...
[23:12:31] ⌛ expLLL: training done, waiting for B8 evals before starting eval...
[23:12:31] ⌛ expMMM: training done, waiting for B8 evals before starting eval...
[23:14:31] ⏳ Waiting for Batch 8 evals (expGGG, expHHH)...
[23:14:31] ⌛ expIII: training done, waiting for B8 evals before starting eval...
[23:14:31] ⌛ expJJJ: training done, waiting for B8 evals before starting eval...
[23:14:31] ⌛ expKKK: training done, waiting for B8 evals before starting eval...
[23:14:31] ⌛ expLLL: training done, waiting for B8 evals before starting eval...
[23:14:31] ⌛ expMMM: training done, waiting for B8 evals before starting eval...
[23:16:31] ⏳ Waiting for Batch 8 evals (expGGG, expHHH)...
[23:16:31] ⌛ expIII: training done, waiting for B8 evals before starting eval...
[23:16:31] ⌛ expJJJ: training done, waiting for B8 evals before starting eval...
[23:16:31] ⌛ expKKK: training done, waiting for B8 evals before starting eval...
[23:16:31] ⌛ expLLL: training done, waiting for B8 evals before starting eval...
[23:16:31] ⌛ expMMM: training done, waiting for B8 evals before starting eval...
[23:18:31] ⏳ Waiting for Batch 8 evals (expGGG, expHHH)...
[23:18:31] ⌛ expIII: training done, waiting for B8 evals before starting eval...
[23:18:31] ⌛ expJJJ: training done, waiting for B8 evals before starting eval...
[23:18:31] ⌛ expKKK: training done, waiting for B8 evals before starting eval...
[23:18:31] ⌛ expLLL: training done, waiting for B8 evals before starting eval...
[23:18:31] ⌛ expMMM: training done, waiting for B8 evals before starting eval...
[23:20:32] ⏳ Waiting for Batch 8 evals (expGGG, expHHH)...
[23:20:32] ⌛ expIII: training done, waiting for B8 evals before starting eval...
[23:20:32] ⌛ expJJJ: training done, waiting for B8 evals before starting eval...
[23:20:32] ⌛ expKKK: training done, waiting for B8 evals before starting eval...
[23:20:32] ⌛ expLLL: training done, waiting for B8 evals before starting eval...
[23:20:32] ⌛ expMMM: training done, waiting for B8 evals before starting eval...
[23:22:32] ⏳ Waiting for Batch 8 evals (expGGG, expHHH)...
[23:22:32] ⌛ expIII: training done, waiting for B8 evals before starting eval...
[23:22:32] ⌛ expJJJ: training done, waiting for B8 evals before starting eval...
[23:22:32] ⌛ expKKK: training done, waiting for B8 evals before starting eval...
[23:22:32] ⌛ expLLL: training done, waiting for B8 evals before starting eval...
[23:22:32] ⌛ expMMM: training done, waiting for B8 evals before starting eval...
[23:24:32] ⏳ Waiting for Batch 8 evals (expGGG, expHHH)...
[23:24:32] ⌛ expIII: training done, waiting for B8 evals before starting eval...
[23:24:32] ⌛ expJJJ: training done, waiting for B8 evals before starting eval...
[23:24:32] ⌛ expKKK: training done, waiting for B8 evals before starting eval...
[23:24:32] ⌛ expLLL: training done, waiting for B8 evals before starting eval...
[23:24:32] ⌛ expMMM: training done, waiting for B8 evals before starting eval...
[23:26:32] ⏳ Waiting for Batch 8 evals (expGGG, expHHH)...
[23:26:32] ⌛ expIII: training done, waiting for B8 evals before starting eval...
[23:26:32] ⌛ expJJJ: training done, waiting for B8 evals before starting eval...
[23:26:32] ⌛ expKKK: training done, waiting for B8 evals before starting eval...
[23:26:32] ⌛ expLLL: training done, waiting for B8 evals before starting eval...
[23:26:32] ⌛ expMMM: training done, waiting for B8 evals before starting eval...
[23:28:32] ⏳ Waiting for Batch 8 evals (expGGG, expHHH)...
[23:28:32] ⌛ expIII: training done, waiting for B8 evals before starting eval...
[23:28:32] ⌛ expJJJ: training done, waiting for B8 evals before starting eval...
[23:28:32] ⌛ expKKK: training done, waiting for B8 evals before starting eval...
[23:28:32] ⌛ expLLL: training done, waiting for B8 evals before starting eval...
[23:28:32] ⌛ expMMM: training done, waiting for B8 evals before starting eval...
[23:30:32] ⏳ Waiting for Batch 8 evals (expGGG, expHHH)...
[23:30:32] ⌛ expIII: training done, waiting for B8 evals before starting eval...
[23:30:32] ⌛ expJJJ: training done, waiting for B8 evals before starting eval...
[23:30:32] ⌛ expKKK: training done, waiting for B8 evals before starting eval...
[23:30:32] ⌛ expLLL: training done, waiting for B8 evals before starting eval...
[23:30:32] ⌛ expMMM: training done, waiting for B8 evals before starting eval...
[23:32:33] ⏳ Waiting for Batch 8 evals (expGGG, expHHH)...
[23:32:33] ⌛ expIII: training done, waiting for B8 evals before starting eval...
[23:32:33] ⌛ expJJJ: training done, waiting for B8 evals before starting eval...
[23:32:33] ⌛ expKKK: training done, waiting for B8 evals before starting eval...
[23:32:33] ⌛ expLLL: training done, waiting for B8 evals before starting eval...
[23:32:33] ⌛ expMMM: training done, waiting for B8 evals before starting eval...
[23:34:33] ⏳ Waiting for Batch 8 evals (expGGG, expHHH)...
[23:34:33] ⌛ expIII: training done, waiting for B8 evals before starting eval...
[23:34:33] ⌛ expJJJ: training done, waiting for B8 evals before starting eval...
[23:34:33] ⌛ expKKK: training done, waiting for B8 evals before starting eval...
[23:34:33] ⌛ expLLL: training done, waiting for B8 evals before starting eval...
[23:34:33] ⌛ expMMM: training done, waiting for B8 evals before starting eval...
[23:36:33] ⏳ Waiting for Batch 8 evals (expGGG, expHHH)...
[23:36:33] ⌛ expIII: training done, waiting for B8 evals before starting eval...
[23:36:33] ⌛ expJJJ: training done, waiting for B8 evals before starting eval...
[23:36:33] ⌛ expKKK: training done, waiting for B8 evals before starting eval...
[23:36:33] ⌛ expLLL: training done, waiting for B8 evals before starting eval...
[23:36:33] ⌛ expMMM: training done, waiting for B8 evals before starting eval...
[23:38:33] ⏳ Waiting for Batch 8 evals (expGGG, expHHH)...
[23:38:33] ⌛ expIII: training done, waiting for B8 evals before starting eval...
[23:38:33] ⌛ expJJJ: training done, waiting for B8 evals before starting eval...
[23:38:33] ⌛ expKKK: training done, waiting for B8 evals before starting eval...
[23:38:33] ⌛ expLLL: training done, waiting for B8 evals before starting eval...
[23:38:33] ⌛ expMMM: training done, waiting for B8 evals before starting eval...
[23:40:33] ⏳ Waiting for Batch 8 evals (expGGG, expHHH)...
[23:40:33] ⌛ expIII: training done, waiting for B8 evals before starting eval...
[23:40:33] ⌛ expJJJ: training done, waiting for B8 evals before starting eval...
[23:40:33] ⌛ expKKK: training done, waiting for B8 evals before starting eval...
[23:40:33] ⌛ expLLL: training done, waiting for B8 evals before starting eval...
[23:40:33] ⌛ expMMM: training done, waiting for B8 evals before starting eval...
[23:42:33] ⏳ Waiting for Batch 8 evals (expGGG, expHHH)...
[23:42:33] ⌛ expIII: training done, waiting for B8 evals before starting eval...
[23:42:33] ⌛ expJJJ: training done, waiting for B8 evals before starting eval...
[23:42:33] ⌛ expKKK: training done, waiting for B8 evals before starting eval...
[23:42:33] ⌛ expLLL: training done, waiting for B8 evals before starting eval...
[23:42:33] ⌛ expMMM: training done, waiting for B8 evals before starting eval...
[23:44:33] ⏳ Waiting for Batch 8 evals (expGGG, expHHH)...
[23:44:33] ⌛ expIII: training done, waiting for B8 evals before starting eval...
[23:44:33] ⌛ expJJJ: training done, waiting for B8 evals before starting eval...
[23:44:33] ⌛ expKKK: training done, waiting for B8 evals before starting eval...
[23:44:34] ⌛ expLLL: training done, waiting for B8 evals before starting eval...
[23:44:34] ⌛ expMMM: training done, waiting for B8 evals before starting eval...
[23:46:34] ⏳ Waiting for Batch 8 evals (expGGG, expHHH)...
[23:46:34] ⌛ expIII: training done, waiting for B8 evals before starting eval...
[23:46:34] ⌛ expJJJ: training done, waiting for B8 evals before starting eval...
[23:46:34] ⌛ expKKK: training done, waiting for B8 evals before starting eval...
[23:46:34] ⌛ expLLL: training done, waiting for B8 evals before starting eval...
[23:46:34] ⌛ expMMM: training done, waiting for B8 evals before starting eval...
[23:48:34] ⏳ Waiting for Batch 8 evals (expGGG, expHHH)...
[23:48:34] ⌛ expIII: training done, waiting for B8 evals before starting eval...
[23:48:34] ⌛ expJJJ: training done, waiting for B8 evals before starting eval...
[23:48:34] ⌛ expKKK: training done, waiting for B8 evals before starting eval...
[23:48:34] ⌛ expLLL: training done, waiting for B8 evals before starting eval...
[23:48:34] ⌛ expMMM: training done, waiting for B8 evals before starting eval...
[23:50:34] ⏳ Waiting for Batch 8 evals (expGGG, expHHH)...
[23:50:34] ⌛ expIII: training done, waiting for B8 evals before starting eval...
[23:50:34] ⌛ expJJJ: training done, waiting for B8 evals before starting eval...
[23:50:34] ⌛ expKKK: training done, waiting for B8 evals before starting eval...
[23:50:34] ⌛ expLLL: training done, waiting for B8 evals before starting eval...
[23:50:34] ⌛ expMMM: training done, waiting for B8 evals before starting eval...
[23:52:34] ⏳ Waiting for Batch 8 evals (expGGG, expHHH)...
[23:52:34] ⌛ expIII: training done, waiting for B8 evals before starting eval...
[23:52:34] ⌛ expJJJ: training done, waiting for B8 evals before starting eval...
[23:52:34] ⌛ expKKK: training done, waiting for B8 evals before starting eval...
[23:52:34] ⌛ expLLL: training done, waiting for B8 evals before starting eval...
[23:52:34] ⌛ expMMM: training done, waiting for B8 evals before starting eval...
[23:54:34] ⏳ Waiting for Batch 8 evals (expGGG, expHHH)...
[23:54:34] ⌛ expIII: training done, waiting for B8 evals before starting eval...
[23:54:34] ⌛ expJJJ: training done, waiting for B8 evals before starting eval...
[23:54:34] ⌛ expKKK: training done, waiting for B8 evals before starting eval...
[23:54:34] ⌛ expLLL: training done, waiting for B8 evals before starting eval...
[23:54:34] ⌛ expMMM: training done, waiting for B8 evals before starting eval...
[23:56:34] ⏳ Waiting for Batch 8 evals (expGGG, expHHH)...
[23:56:34] ⌛ expIII: training done, waiting for B8 evals before starting eval...
[23:56:34] ⌛ expJJJ: training done, waiting for B8 evals before starting eval...
[23:56:34] ⌛ expKKK: training done, waiting for B8 evals before starting eval...
[23:56:34] ⌛ expLLL: training done, waiting for B8 evals before starting eval...
[23:56:34] ⌛ expMMM: training done, waiting for B8 evals before starting eval...
[23:58:34] ⏳ Waiting for Batch 8 evals (expGGG, expHHH)...
[23:58:34] ⌛ expIII: training done, waiting for B8 evals before starting eval...
[23:58:34] ⌛ expJJJ: training done, waiting for B8 evals before starting eval...
[23:58:35] ⌛ expKKK: training done, waiting for B8 evals before starting eval...
[23:58:35] ⌛ expLLL: training done, waiting for B8 evals before starting eval...
[23:58:35] ⌛ expMMM: training done, waiting for B8 evals before starting eval...
[00:00:35] ⏳ Waiting for Batch 8 evals (expGGG, expHHH)...
[00:00:35] ⌛ expIII: training done, waiting for B8 evals before starting eval...
[00:00:35] ⌛ expJJJ: training done, waiting for B8 evals before starting eval...
[00:00:35] ⌛ expKKK: training done, waiting for B8 evals before starting eval...
[00:00:35] ⌛ expLLL: training done, waiting for B8 evals before starting eval...
[00:00:35] ⌛ expMMM: training done, waiting for B8 evals before starting eval...
[00:02:35] ⏳ Waiting for Batch 8 evals (expGGG, expHHH)...
[00:02:35] ⌛ expIII: training done, waiting for B8 evals before starting eval...
[00:02:35] ⌛ expJJJ: training done, waiting for B8 evals before starting eval...
[00:02:35] ⌛ expKKK: training done, waiting for B8 evals before starting eval...
[00:02:35] ⌛ expLLL: training done, waiting for B8 evals before starting eval...
[00:02:35] ⌛ expMMM: training done, waiting for B8 evals before starting eval...
[00:04:35] ⏳ Waiting for Batch 8 evals (expGGG, expHHH)...
[00:04:35] ⌛ expIII: training done, waiting for B8 evals before starting eval...
[00:04:35] ⌛ expJJJ: training done, waiting for B8 evals before starting eval...
[00:04:35] ⌛ expKKK: training done, waiting for B8 evals before starting eval...
[00:04:35] ⌛ expLLL: training done, waiting for B8 evals before starting eval...
[00:04:35] ⌛ expMMM: training done, waiting for B8 evals before starting eval...
[00:06:35] ⏳ Waiting for Batch 8 evals (expGGG, expHHH)...
[00:06:35] ⌛ expIII: training done, waiting for B8 evals before starting eval...
[00:06:35] ⌛ expJJJ: training done, waiting for B8 evals before starting eval...
[00:06:35] ⌛ expKKK: training done, waiting for B8 evals before starting eval...
[00:06:35] ⌛ expLLL: training done, waiting for B8 evals before starting eval...
[00:06:35] ⌛ expMMM: training done, waiting for B8 evals before starting eval...
[00:08:35] ⏳ Waiting for Batch 8 evals (expGGG, expHHH)...
[00:08:35] ⌛ expIII: training done, waiting for B8 evals before starting eval...
[00:08:35] ⌛ expJJJ: training done, waiting for B8 evals before starting eval...
[00:08:35] ⌛ expKKK: training done, waiting for B8 evals before starting eval...
[00:08:35] ⌛ expLLL: training done, waiting for B8 evals before starting eval...
[00:08:35] ⌛ expMMM: training done, waiting for B8 evals before starting eval...
[00:10:35] ⏳ Waiting for Batch 8 evals (expGGG, expHHH)...
[00:10:35] ⌛ expIII: training done, waiting for B8 evals before starting eval...
[00:10:35] ⌛ expJJJ: training done, waiting for B8 evals before starting eval...
[00:10:35] ⌛ expKKK: training done, waiting for B8 evals before starting eval...
[00:10:35] ⌛ expLLL: training done, waiting for B8 evals before starting eval...
[00:10:35] ⌛ expMMM: training done, waiting for B8 evals before starting eval...
[00:12:36] ⏳ Waiting for Batch 8 evals (expGGG, expHHH)...
[00:12:36] ⌛ expIII: training done, waiting for B8 evals before starting eval...
[00:12:36] ⌛ expJJJ: training done, waiting for B8 evals before starting eval...
[00:12:36] ⌛ expKKK: training done, waiting for B8 evals before starting eval...
[00:12:36] ⌛ expLLL: training done, waiting for B8 evals before starting eval...
[00:12:36] ⌛ expMMM: training done, waiting for B8 evals before starting eval...
[00:14:36] ⏳ Waiting for Batch 8 evals (expGGG, expHHH)...
[00:14:36] ⌛ expIII: training done, waiting for B8 evals before starting eval...
[00:14:36] ⌛ expJJJ: training done, waiting for B8 evals before starting eval...
[00:14:36] ⌛ expKKK: training done, waiting for B8 evals before starting eval...
[00:14:36] ⌛ expLLL: training done, waiting for B8 evals before starting eval...
[00:14:36] ⌛ expMMM: training done, waiting for B8 evals before starting eval...
[00:16:36] ⏳ Waiting for Batch 8 evals (expGGG, expHHH)...
[00:16:36] ⌛ expIII: training done, waiting for B8 evals before starting eval...
[00:16:36] ⌛ expJJJ: training done, waiting for B8 evals before starting eval...
[00:16:36] ⌛ expKKK: training done, waiting for B8 evals before starting eval...
[00:16:36] ⌛ expLLL: training done, waiting for B8 evals before starting eval...
[00:16:36] ⌛ expMMM: training done, waiting for B8 evals before starting eval...
[00:18:36] ⏳ Waiting for Batch 8 evals (expGGG, expHHH)...
[00:18:36] ⌛ expIII: training done, waiting for B8 evals before starting eval...
[00:18:36] ⌛ expJJJ: training done, waiting for B8 evals before starting eval...
[00:18:36] ⌛ expKKK: training done, waiting for B8 evals before starting eval...
[00:18:36] ⌛ expLLL: training done, waiting for B8 evals before starting eval...
[00:18:36] ⌛ expMMM: training done, waiting for B8 evals before starting eval...
[00:20:36] ⏳ Waiting for Batch 8 evals (expGGG, expHHH)...
[00:20:36] ⌛ expIII: training done, waiting for B8 evals before starting eval...
[00:20:36] ⌛ expJJJ: training done, waiting for B8 evals before starting eval...
[00:20:36] ⌛ expKKK: training done, waiting for B8 evals before starting eval...
[00:20:36] ⌛ expLLL: training done, waiting for B8 evals before starting eval...
[00:20:36] ⌛ expMMM: training done, waiting for B8 evals before starting eval...
[00:22:36] ⏳ Waiting for Batch 8 evals (expGGG, expHHH)...
[00:22:36] ⌛ expIII: training done, waiting for B8 evals before starting eval...
[00:22:36] ⌛ expJJJ: training done, waiting for B8 evals before starting eval...
[00:22:36] ⌛ expKKK: training done, waiting for B8 evals before starting eval...
[00:22:36] ⌛ expLLL: training done, waiting for B8 evals before starting eval...
[00:22:36] ⌛ expMMM: training done, waiting for B8 evals before starting eval...
[00:24:36] ⏳ Waiting for Batch 8 evals (expGGG, expHHH)...
[00:24:36] ⌛ expIII: training done, waiting for B8 evals before starting eval...
[00:24:36] ⌛ expJJJ: training done, waiting for B8 evals before starting eval...
[00:24:36] ⌛ expKKK: training done, waiting for B8 evals before starting eval...
[00:24:36] ⌛ expLLL: training done, waiting for B8 evals before starting eval...
[00:24:36] ⌛ expMMM: training done, waiting for B8 evals before starting eval...
[00:26:37] ⏳ Waiting for Batch 8 evals (expGGG, expHHH)...
[00:26:37] ⌛ expIII: training done, waiting for B8 evals before starting eval...
[00:26:37] ⌛ expJJJ: training done, waiting for B8 evals before starting eval...
[00:26:37] ⌛ expKKK: training done, waiting for B8 evals before starting eval...
[00:26:37] ⌛ expLLL: training done, waiting for B8 evals before starting eval...
[00:26:37] ⌛ expMMM: training done, waiting for B8 evals before starting eval...
[00:28:37] ⏳ Waiting for Batch 8 evals (expGGG, expHHH)...
[00:28:37] ⌛ expIII: training done, waiting for B8 evals before starting eval...
[00:28:37] ⌛ expJJJ: training done, waiting for B8 evals before starting eval...
[00:28:37] ⌛ expKKK: training done, waiting for B8 evals before starting eval...
[00:28:37] ⌛ expLLL: training done, waiting for B8 evals before starting eval...
[00:28:37] ⌛ expMMM: training done, waiting for B8 evals before starting eval...
[00:30:37] ⏳ Waiting for Batch 8 evals (expGGG, expHHH)...
[00:30:37] ⌛ expIII: training done, waiting for B8 evals before starting eval...
[00:30:37] ⌛ expJJJ: training done, waiting for B8 evals before starting eval...
[00:30:37] ⌛ expKKK: training done, waiting for B8 evals before starting eval...
[00:30:37] ⌛ expLLL: training done, waiting for B8 evals before starting eval...
[00:30:37] ⌛ expMMM: training done, waiting for B8 evals before starting eval...
[00:32:37] ⏳ Waiting for Batch 8 evals (expGGG, expHHH)...
[00:32:37] ⌛ expIII: training done, waiting for B8 evals before starting eval...
[00:32:37] ⌛ expJJJ: training done, waiting for B8 evals before starting eval...
[00:32:37] ⌛ expKKK: training done, waiting for B8 evals before starting eval...
[00:32:37] ⌛ expLLL: training done, waiting for B8 evals before starting eval...
[00:32:37] ⌛ expMMM: training done, waiting for B8 evals before starting eval...
[00:34:37] ⏳ Waiting for Batch 8 evals (expGGG, expHHH)...
[00:34:37] ⌛ expIII: training done, waiting for B8 evals before starting eval...
[00:34:37] ⌛ expJJJ: training done, waiting for B8 evals before starting eval...
[00:34:37] ⌛ expKKK: training done, waiting for B8 evals before starting eval...
[00:34:37] ⌛ expLLL: training done, waiting for B8 evals before starting eval...
[00:34:37] ⌛ expMMM: training done, waiting for B8 evals before starting eval...
[00:36:37] ⏳ Waiting for Batch 8 evals (expGGG, expHHH)...
[00:36:37] ⌛ expIII: training done, waiting for B8 evals before starting eval...
[00:36:37] ⌛ expJJJ: training done, waiting for B8 evals before starting eval...
[00:36:37] ⌛ expKKK: training done, waiting for B8 evals before starting eval...
[00:36:37] ⌛ expLLL: training done, waiting for B8 evals before starting eval...
[00:36:37] ⌛ expMMM: training done, waiting for B8 evals before starting eval...
[00:38:37] ⏳ Waiting for Batch 8 evals (expGGG, expHHH)...
[00:38:37] ⌛ expIII: training done, waiting for B8 evals before starting eval...
[00:38:37] ⌛ expJJJ: training done, waiting for B8 evals before starting eval...
[00:38:37] ⌛ expKKK: training done, waiting for B8 evals before starting eval...
[00:38:37] ⌛ expLLL: training done, waiting for B8 evals before starting eval...
[00:38:37] ⌛ expMMM: training done, waiting for B8 evals before starting eval...
[00:40:38] ⏳ Waiting for Batch 8 evals (expGGG, expHHH)...
[00:40:38] ⌛ expIII: training done, waiting for B8 evals before starting eval...
[00:40:38] ⌛ expJJJ: training done, waiting for B8 evals before starting eval...
[00:40:38] ⌛ expKKK: training done, waiting for B8 evals before starting eval...
[00:40:38] ⌛ expLLL: training done, waiting for B8 evals before starting eval...
[00:40:38] ⌛ expMMM: training done, waiting for B8 evals before starting eval...
[00:42:38] ⏳ Waiting for Batch 8 evals (expGGG, expHHH)...
[00:42:38] ⌛ expIII: training done, waiting for B8 evals before starting eval...
[00:42:38] ⌛ expJJJ: training done, waiting for B8 evals before starting eval...
[00:42:38] ⌛ expKKK: training done, waiting for B8 evals before starting eval...
[00:42:38] ⌛ expLLL: training done, waiting for B8 evals before starting eval...
[00:42:38] ⌛ expMMM: training done, waiting for B8 evals before starting eval...
[00:44:38] ⏳ Waiting for Batch 8 evals (expGGG, expHHH)...
[00:44:38] ⌛ expIII: training done, waiting for B8 evals before starting eval...
[00:44:38] ⌛ expJJJ: training done, waiting for B8 evals before starting eval...
[00:44:38] ⌛ expKKK: training done, waiting for B8 evals before starting eval...
[00:44:38] ⌛ expLLL: training done, waiting for B8 evals before starting eval...
[00:44:38] ⌛ expMMM: training done, waiting for B8 evals before starting eval...
[00:46:38] ⏳ Waiting for Batch 8 evals (expGGG, expHHH)...
[00:46:38] ⌛ expIII: training done, waiting for B8 evals before starting eval...
[00:46:38] ⌛ expJJJ: training done, waiting for B8 evals before starting eval...
[00:46:38] ⌛ expKKK: training done, waiting for B8 evals before starting eval...
[00:46:38] ⌛ expLLL: training done, waiting for B8 evals before starting eval...
[00:46:38] ⌛ expMMM: training done, waiting for B8 evals before starting eval...
[00:48:38] ⏳ Waiting for Batch 8 evals (expGGG, expHHH)...
[00:48:38] ⌛ expIII: training done, waiting for B8 evals before starting eval...
[00:48:38] ⌛ expJJJ: training done, waiting for B8 evals before starting eval...
[00:48:38] ⌛ expKKK: training done, waiting for B8 evals before starting eval...
[00:48:38] ⌛ expLLL: training done, waiting for B8 evals before starting eval...
[00:48:38] ⌛ expMMM: training done, waiting for B8 evals before starting eval...
[00:50:38] ⏳ Waiting for Batch 8 evals (expGGG, expHHH)...
[00:50:38] ⌛ expIII: training done, waiting for B8 evals before starting eval...
[00:50:38] ⌛ expJJJ: training done, waiting for B8 evals before starting eval...
[00:50:38] ⌛ expKKK: training done, waiting for B8 evals before starting eval...
[00:50:38] ⌛ expLLL: training done, waiting for B8 evals before starting eval...
[00:50:38] ⌛ expMMM: training done, waiting for B8 evals before starting eval...
[00:52:38] ⏳ Waiting for Batch 8 evals (expGGG, expHHH)...
[00:52:38] ⌛ expIII: training done, waiting for B8 evals before starting eval...
[00:52:38] ⌛ expJJJ: training done, waiting for B8 evals before starting eval...
[00:52:38] ⌛ expKKK: training done, waiting for B8 evals before starting eval...
[00:52:38] ⌛ expLLL: training done, waiting for B8 evals before starting eval...
[00:52:38] ⌛ expMMM: training done, waiting for B8 evals before starting eval...
[00:54:39] ⏳ Waiting for Batch 8 evals (expGGG, expHHH)...
[00:54:39] ⌛ expIII: training done, waiting for B8 evals before starting eval...
[00:54:39] ⌛ expJJJ: training done, waiting for B8 evals before starting eval...
[00:54:39] ⌛ expKKK: training done, waiting for B8 evals before starting eval...
[00:54:39] ⌛ expLLL: training done, waiting for B8 evals before starting eval...
[00:54:39] ⌛ expMMM: training done, waiting for B8 evals before starting eval...
[00:56:39] ⏳ Waiting for Batch 8 evals (expGGG, expHHH)...
[00:56:39] ⌛ expIII: training done, waiting for B8 evals before starting eval...
[00:56:39] ⌛ expJJJ: training done, waiting for B8 evals before starting eval...
[00:56:39] ⌛ expKKK: training done, waiting for B8 evals before starting eval...
[00:56:39] ⌛ expLLL: training done, waiting for B8 evals before starting eval...
[00:56:39] ⌛ expMMM: training done, waiting for B8 evals before starting eval...
[00:58:39] ⏳ Waiting for Batch 8 evals (expGGG, expHHH)...
[00:58:39] ⌛ expIII: training done, waiting for B8 evals before starting eval...
[00:58:39] ⌛ expJJJ: training done, waiting for B8 evals before starting eval...
[00:58:39] ⌛ expKKK: training done, waiting for B8 evals before starting eval...
[00:58:39] ⌛ expLLL: training done, waiting for B8 evals before starting eval...
[00:58:39] ⌛ expMMM: training done, waiting for B8 evals before starting eval...
[01:00:39] ⏳ Waiting for Batch 8 evals (expGGG, expHHH)...
[01:00:39] ⌛ expIII: training done, waiting for B8 evals before starting eval...
[01:00:39] ⌛ expJJJ: training done, waiting for B8 evals before starting eval...
[01:00:39] ⌛ expKKK: training done, waiting for B8 evals before starting eval...
[01:00:39] ⌛ expLLL: training done, waiting for B8 evals before starting eval...
[01:00:39] ⌛ expMMM: training done, waiting for B8 evals before starting eval...
[01:02:39] ⏳ Waiting for Batch 8 evals (expGGG, expHHH)...
[01:02:39] ⌛ expIII: training done, waiting for B8 evals before starting eval...
[01:02:39] ⌛ expJJJ: training done, waiting for B8 evals before starting eval...
[01:02:39] ⌛ expKKK: training done, waiting for B8 evals before starting eval...
[01:02:39] ⌛ expLLL: training done, waiting for B8 evals before starting eval...
[01:02:39] ⌛ expMMM: training done, waiting for B8 evals before starting eval...
[01:04:39] ⏳ Waiting for Batch 8 evals (expGGG, expHHH)...
[01:04:39] ⌛ expIII: training done, waiting for B8 evals before starting eval...
[01:04:39] ⌛ expJJJ: training done, waiting for B8 evals before starting eval...
[01:04:39] ⌛ expKKK: training done, waiting for B8 evals before starting eval...
[01:04:39] ⌛ expLLL: training done, waiting for B8 evals before starting eval...
[01:04:39] ⌛ expMMM: training done, waiting for B8 evals before starting eval...
[01:06:39] ⏳ Waiting for Batch 8 evals (expGGG, expHHH)...
[01:06:39] ⌛ expIII: training done, waiting for B8 evals before starting eval...
[01:06:39] ⌛ expJJJ: training done, waiting for B8 evals before starting eval...
[01:06:39] ⌛ expKKK: training done, waiting for B8 evals before starting eval...
[01:06:39] ⌛ expLLL: training done, waiting for B8 evals before starting eval...
[01:06:39] ⌛ expMMM: training done, waiting for B8 evals before starting eval...
[01:08:39] ⏳ Waiting for Batch 8 evals (expGGG, expHHH)...
[01:08:39] ⌛ expIII: training done, waiting for B8 evals before starting eval...
[01:08:39] ⌛ expJJJ: training done, waiting for B8 evals before starting eval...
[01:08:39] ⌛ expKKK: training done, waiting for B8 evals before starting eval...
[01:08:39] ⌛ expLLL: training done, waiting for B8 evals before starting eval...
[01:08:40] ⌛ expMMM: training done, waiting for B8 evals before starting eval...
[01:10:40] ⏳ Waiting for Batch 8 evals (expGGG, expHHH)...
[01:10:40] ⌛ expIII: training done, waiting for B8 evals before starting eval...
[01:10:40] ⌛ expJJJ: training done, waiting for B8 evals before starting eval...
[01:10:40] ⌛ expKKK: training done, waiting for B8 evals before starting eval...
[01:10:40] ⌛ expLLL: training done, waiting for B8 evals before starting eval...
[01:10:40] ⌛ expMMM: training done, waiting for B8 evals before starting eval...
[01:12:40] ⏳ Waiting for Batch 8 evals (expGGG, expHHH)...
[01:12:40] ⌛ expIII: training done, waiting for B8 evals before starting eval...
[01:12:40] ⌛ expJJJ: training done, waiting for B8 evals before starting eval...
[01:12:40] ⌛ expKKK: training done, waiting for B8 evals before starting eval...
[01:12:40] ⌛ expLLL: training done, waiting for B8 evals before starting eval...
[01:12:40] ⌛ expMMM: training done, waiting for B8 evals before starting eval...
[01:14:40] ⏳ Waiting for Batch 8 evals (expGGG, expHHH)...
[01:14:40] ⌛ expIII: training done, waiting for B8 evals before starting eval...
[01:14:40] ⌛ expJJJ: training done, waiting for B8 evals before starting eval...
[01:14:40] ⌛ expKKK: training done, waiting for B8 evals before starting eval...
[01:14:40] ⌛ expLLL: training done, waiting for B8 evals before starting eval...
[01:14:40] ⌛ expMMM: training done, waiting for B8 evals before starting eval...
[01:16:40] ⏳ Waiting for Batch 8 evals (expGGG, expHHH)...
[01:16:40] ⌛ expIII: training done, waiting for B8 evals before starting eval...
[01:16:40] ⌛ expJJJ: training done, waiting for B8 evals before starting eval...
[01:16:40] ⌛ expKKK: training done, waiting for B8 evals before starting eval...
[01:16:40] ⌛ expLLL: training done, waiting for B8 evals before starting eval...
[01:16:40] ⌛ expMMM: training done, waiting for B8 evals before starting eval...
[01:18:40] ⏳ Waiting for Batch 8 evals (expGGG, expHHH)...
[01:18:40] ⌛ expIII: training done, waiting for B8 evals before starting eval...
[01:18:40] ⌛ expJJJ: training done, waiting for B8 evals before starting eval...
[01:18:40] ⌛ expKKK: training done, waiting for B8 evals before starting eval...
[01:18:40] ⌛ expLLL: training done, waiting for B8 evals before starting eval...
[01:18:40] ⌛ expMMM: training done, waiting for B8 evals before starting eval...
[01:20:40] ⏳ Waiting for Batch 8 evals (expGGG, expHHH)...
[01:20:40] ⌛ expIII: training done, waiting for B8 evals before starting eval...
[01:20:40] ⌛ expJJJ: training done, waiting for B8 evals before starting eval...
[01:20:40] ⌛ expKKK: training done, waiting for B8 evals before starting eval...
[01:20:40] ⌛ expLLL: training done, waiting for B8 evals before starting eval...
[01:20:40] ⌛ expMMM: training done, waiting for B8 evals before starting eval...
[01:22:40] ⏳ Waiting for Batch 8 evals (expGGG, expHHH)...
[01:22:40] ⌛ expIII: training done, waiting for B8 evals before starting eval...
[01:22:41] ⌛ expJJJ: training done, waiting for B8 evals before starting eval...
[01:22:41] ⌛ expKKK: training done, waiting for B8 evals before starting eval...
[01:22:41] ⌛ expLLL: training done, waiting for B8 evals before starting eval...
[01:22:41] ⌛ expMMM: training done, waiting for B8 evals before starting eval...
[01:24:41] ⏳ Waiting for Batch 8 evals (expGGG, expHHH)...
[01:24:41] ⌛ expIII: training done, waiting for B8 evals before starting eval...
[01:24:41] ⌛ expJJJ: training done, waiting for B8 evals before starting eval...
[01:24:41] ⌛ expKKK: training done, waiting for B8 evals before starting eval...
[01:24:41] ⌛ expLLL: training done, waiting for B8 evals before starting eval...
[01:24:41] ⌛ expMMM: training done, waiting for B8 evals before starting eval...
[01:26:41] ⏳ Waiting for Batch 8 evals (expGGG, expHHH)...
[01:26:41] ⌛ expIII: training done, waiting for B8 evals before starting eval...
[01:26:41] ⌛ expJJJ: training done, waiting for B8 evals before starting eval...
[01:26:41] ⌛ expKKK: training done, waiting for B8 evals before starting eval...
[01:26:41] ⌛ expLLL: training done, waiting for B8 evals before starting eval...
[01:26:41] ⌛ expMMM: training done, waiting for B8 evals before starting eval...
[01:28:41] ⏳ Waiting for Batch 8 evals (expGGG, expHHH)...
[01:28:41] ⌛ expIII: training done, waiting for B8 evals before starting eval...
[01:28:41] ⌛ expJJJ: training done, waiting for B8 evals before starting eval...
[01:28:41] ⌛ expKKK: training done, waiting for B8 evals before starting eval...
[01:28:41] ⌛ expLLL: training done, waiting for B8 evals before starting eval...
[01:28:41] ⌛ expMMM: training done, waiting for B8 evals before starting eval...
[01:30:41] ⏳ Waiting for Batch 8 evals (expGGG, expHHH)...
[01:30:41] ⌛ expIII: training done, waiting for B8 evals before starting eval...
[01:30:41] ⌛ expJJJ: training done, waiting for B8 evals before starting eval...
[01:30:41] ⌛ expKKK: training done, waiting for B8 evals before starting eval...
[01:30:41] ⌛ expLLL: training done, waiting for B8 evals before starting eval...
[01:30:41] ⌛ expMMM: training done, waiting for B8 evals before starting eval...
[01:32:41] ⏳ Waiting for Batch 8 evals (expGGG, expHHH)...
[01:32:41] ⌛ expIII: training done, waiting for B8 evals before starting eval...
[01:32:41] ⌛ expJJJ: training done, waiting for B8 evals before starting eval...
[01:32:41] ⌛ expKKK: training done, waiting for B8 evals before starting eval...
[01:32:41] ⌛ expLLL: training done, waiting for B8 evals before starting eval...
[01:32:41] ⌛ expMMM: training done, waiting for B8 evals before starting eval...
[01:34:41] ⏳ Waiting for Batch 8 evals (expGGG, expHHH)...
[01:34:41] ⌛ expIII: training done, waiting for B8 evals before starting eval...
[01:34:41] ⌛ expJJJ: training done, waiting for B8 evals before starting eval...
[01:34:41] ⌛ expKKK: training done, waiting for B8 evals before starting eval...
[01:34:41] ⌛ expLLL: training done, waiting for B8 evals before starting eval...
[01:34:41] ⌛ expMMM: training done, waiting for B8 evals before starting eval...
[01:36:41] ⏳ Waiting for Batch 8 evals (expGGG, expHHH)...
[01:36:42] ⌛ expIII: training done, waiting for B8 evals before starting eval...
[01:36:42] ⌛ expJJJ: training done, waiting for B8 evals before starting eval...
[01:36:42] ⌛ expKKK: training done, waiting for B8 evals before starting eval...
[01:36:42] ⌛ expLLL: training done, waiting for B8 evals before starting eval...
[01:36:42] ⌛ expMMM: training done, waiting for B8 evals before starting eval...
[01:38:42] ⏳ Waiting for Batch 8 evals (expGGG, expHHH)...
[01:38:42] ⌛ expIII: training done, waiting for B8 evals before starting eval...
[01:38:42] ⌛ expJJJ: training done, waiting for B8 evals before starting eval...
[01:38:42] ⌛ expKKK: training done, waiting for B8 evals before starting eval...
[01:38:42] ⌛ expLLL: training done, waiting for B8 evals before starting eval...
[01:38:42] ⌛ expMMM: training done, waiting for B8 evals before starting eval...
[01:40:42] ⏳ Waiting for Batch 8 evals (expGGG, expHHH)...
[01:40:42] ⌛ expIII: training done, waiting for B8 evals before starting eval...
[01:40:42] ⌛ expJJJ: training done, waiting for B8 evals before starting eval...
[01:40:42] ⌛ expKKK: training done, waiting for B8 evals before starting eval...
[01:40:42] ⌛ expLLL: training done, waiting for B8 evals before starting eval...
[01:40:42] ⌛ expMMM: training done, waiting for B8 evals before starting eval...
[01:42:42] ⏳ Waiting for Batch 8 evals (expGGG, expHHH)...
[01:42:42] ⌛ expIII: training done, waiting for B8 evals before starting eval...
[01:42:42] ⌛ expJJJ: training done, waiting for B8 evals before starting eval...
[01:42:42] ⌛ expKKK: training done, waiting for B8 evals before starting eval...
[01:42:42] ⌛ expLLL: training done, waiting for B8 evals before starting eval...
[01:42:42] ⌛ expMMM: training done, waiting for B8 evals before starting eval...
[01:44:42] ⏳ Waiting for Batch 8 evals (expGGG, expHHH)...
[01:44:42] ⌛ expIII: training done, waiting for B8 evals before starting eval...
[01:44:42] ⌛ expJJJ: training done, waiting for B8 evals before starting eval...
[01:44:42] ⌛ expKKK: training done, waiting for B8 evals before starting eval...
[01:44:42] ⌛ expLLL: training done, waiting for B8 evals before starting eval...
[01:44:42] ⌛ expMMM: training done, waiting for B8 evals before starting eval...
[01:46:42] ⏳ Waiting for Batch 8 evals (expGGG, expHHH)...
[01:46:42] ⌛ expIII: training done, waiting for B8 evals before starting eval...
[01:46:42] ⌛ expJJJ: training done, waiting for B8 evals before starting eval...
[01:46:42] ⌛ expKKK: training done, waiting for B8 evals before starting eval...
[01:46:42] ⌛ expLLL: training done, waiting for B8 evals before starting eval...
[01:46:42] ⌛ expMMM: training done, waiting for B8 evals before starting eval...
[01:48:42] ⏳ Waiting for Batch 8 evals (expGGG, expHHH)...
[01:48:42] ⌛ expIII: training done, waiting for B8 evals before starting eval...
[01:48:42] ⌛ expJJJ: training done, waiting for B8 evals before starting eval...
[01:48:42] ⌛ expKKK: training done, waiting for B8 evals before starting eval...
[01:48:42] ⌛ expLLL: training done, waiting for B8 evals before starting eval...
[01:48:42] ⌛ expMMM: training done, waiting for B8 evals before starting eval...
[01:50:42] ⏳ Waiting for Batch 8 evals (expGGG, expHHH)...
[01:50:43] ⌛ expIII: training done, waiting for B8 evals before starting eval...
[01:50:43] ⌛ expJJJ: training done, waiting for B8 evals before starting eval...
[01:50:43] ⌛ expKKK: training done, waiting for B8 evals before starting eval...
[01:50:43] ⌛ expLLL: training done, waiting for B8 evals before starting eval...
[01:50:43] ⌛ expMMM: training done, waiting for B8 evals before starting eval...
[01:52:43] ⏳ Waiting for Batch 8 evals (expGGG, expHHH)...
[01:52:43] ⌛ expIII: training done, waiting for B8 evals before starting eval...
[01:52:43] ⌛ expJJJ: training done, waiting for B8 evals before starting eval...
[01:52:43] ⌛ expKKK: training done, waiting for B8 evals before starting eval...
[01:52:43] ⌛ expLLL: training done, waiting for B8 evals before starting eval...
[01:52:43] ⌛ expMMM: training done, waiting for B8 evals before starting eval...
[01:54:43] ⏳ Waiting for Batch 8 evals (expGGG, expHHH)...
[01:54:43] ⌛ expIII: training done, waiting for B8 evals before starting eval...
[01:54:43] ⌛ expJJJ: training done, waiting for B8 evals before starting eval...
[01:54:43] ⌛ expKKK: training done, waiting for B8 evals before starting eval...
[01:54:43] ⌛ expLLL: training done, waiting for B8 evals before starting eval...
[01:54:43] ⌛ expMMM: training done, waiting for B8 evals before starting eval...
[01:56:43] ⏳ Waiting for Batch 8 evals (expGGG, expHHH)...
[01:56:43] ⌛ expIII: training done, waiting for B8 evals before starting eval...
[01:56:43] ⌛ expJJJ: training done, waiting for B8 evals before starting eval...
[01:56:43] ⌛ expKKK: training done, waiting for B8 evals before starting eval...
[01:56:43] ⌛ expLLL: training done, waiting for B8 evals before starting eval...
[01:56:43] ⌛ expMMM: training done, waiting for B8 evals before starting eval...
[01:58:43] ⏳ Waiting for Batch 8 evals (expGGG, expHHH)...
[01:58:43] ⌛ expIII: training done, waiting for B8 evals before starting eval...
[01:58:43] ⌛ expJJJ: training done, waiting for B8 evals before starting eval...
[01:58:43] ⌛ expKKK: training done, waiting for B8 evals before starting eval...
[01:58:43] ⌛ expLLL: training done, waiting for B8 evals before starting eval...
[01:58:43] ⌛ expMMM: training done, waiting for B8 evals before starting eval...
[02:00:43] ⏳ Waiting for Batch 8 evals (expGGG, expHHH)...
[02:00:43] ⌛ expIII: training done, waiting for B8 evals before starting eval...
[02:00:43] ⌛ expJJJ: training done, waiting for B8 evals before starting eval...
[02:00:43] ⌛ expKKK: training done, waiting for B8 evals before starting eval...
[02:00:43] ⌛ expLLL: training done, waiting for B8 evals before starting eval...
[02:00:43] ⌛ expMMM: training done, waiting for B8 evals before starting eval...
[02:02:43] ⏳ Waiting for Batch 8 evals (expGGG, expHHH)...
[02:02:43] ⌛ expIII: training done, waiting for B8 evals before starting eval...
[02:02:43] ⌛ expJJJ: training done, waiting for B8 evals before starting eval...
[02:02:43] ⌛ expKKK: training done, waiting for B8 evals before starting eval...
[02:02:43] ⌛ expLLL: training done, waiting for B8 evals before starting eval...
[02:02:43] ⌛ expMMM: training done, waiting for B8 evals before starting eval...
[02:04:44] ⏳ Waiting for Batch 8 evals (expGGG, expHHH)...
[02:04:44] ⌛ expIII: training done, waiting for B8 evals before starting eval...
[02:04:44] ⌛ expJJJ: training done, waiting for B8 evals before starting eval...
[02:04:44] ⌛ expKKK: training done, waiting for B8 evals before starting eval...
[02:04:44] ⌛ expLLL: training done, waiting for B8 evals before starting eval...
[02:04:44] ⌛ expMMM: training done, waiting for B8 evals before starting eval...
[02:06:44] ⏳ Waiting for Batch 8 evals (expGGG, expHHH)...
[02:06:44] ⌛ expIII: training done, waiting for B8 evals before starting eval...
[02:06:44] ⌛ expJJJ: training done, waiting for B8 evals before starting eval...
[02:06:44] ⌛ expKKK: training done, waiting for B8 evals before starting eval...
[02:06:44] ⌛ expLLL: training done, waiting for B8 evals before starting eval...
[02:06:44] ⌛ expMMM: training done, waiting for B8 evals before starting eval...
[02:08:44] ⏳ Waiting for Batch 8 evals (expGGG, expHHH)...
[02:08:44] ⌛ expIII: training done, waiting for B8 evals before starting eval...
[02:08:44] ⌛ expJJJ: training done, waiting for B8 evals before starting eval...
[02:08:44] ⌛ expKKK: training done, waiting for B8 evals before starting eval...
[02:08:44] ⌛ expLLL: training done, waiting for B8 evals before starting eval...
[02:08:44] ⌛ expMMM: training done, waiting for B8 evals before starting eval...
[02:10:44] ⏳ Waiting for Batch 8 evals (expGGG, expHHH)...
[02:10:44] ⌛ expIII: training done, waiting for B8 evals before starting eval...
[02:10:44] ⌛ expJJJ: training done, waiting for B8 evals before starting eval...
[02:10:44] ⌛ expKKK: training done, waiting for B8 evals before starting eval...
[02:10:44] ⌛ expLLL: training done, waiting for B8 evals before starting eval...
[02:10:44] ⌛ expMMM: training done, waiting for B8 evals before starting eval...
[02:12:44] ⏳ Waiting for Batch 8 evals (expGGG, expHHH)...
[02:12:44] ⌛ expIII: training done, waiting for B8 evals before starting eval...
[02:12:44] ⌛ expJJJ: training done, waiting for B8 evals before starting eval...
[02:12:44] ⌛ expKKK: training done, waiting for B8 evals before starting eval...
[02:12:44] ⌛ expLLL: training done, waiting for B8 evals before starting eval...
[02:12:44] ⌛ expMMM: training done, waiting for B8 evals before starting eval...
[02:14:44] ⏳ Waiting for Batch 8 evals (expGGG, expHHH)...
[02:14:44] ⌛ expIII: training done, waiting for B8 evals before starting eval...
[02:14:44] ⌛ expJJJ: training done, waiting for B8 evals before starting eval...
[02:14:44] ⌛ expKKK: training done, waiting for B8 evals before starting eval...
[02:14:44] ⌛ expLLL: training done, waiting for B8 evals before starting eval...
[02:14:44] ⌛ expMMM: training done, waiting for B8 evals before starting eval...
[02:16:45] ⏳ Waiting for Batch 8 evals (expGGG, expHHH)...
[02:16:45] ⌛ expIII: training done, waiting for B8 evals before starting eval...
[02:16:45] ⌛ expJJJ: training done, waiting for B8 evals before starting eval...
[02:16:45] ⌛ expKKK: training done, waiting for B8 evals before starting eval...
[02:16:45] ⌛ expLLL: training done, waiting for B8 evals before starting eval...
[02:16:45] ⌛ expMMM: training done, waiting for B8 evals before starting eval...
[02:18:45] ⏳ Waiting for Batch 8 evals (expGGG, expHHH)...
[02:18:45] ⌛ expIII: training done, waiting for B8 evals before starting eval...
[02:18:45] ⌛ expJJJ: training done, waiting for B8 evals before starting eval...
[02:18:45] ⌛ expKKK: training done, waiting for B8 evals before starting eval...
[02:18:45] ⌛ expLLL: training done, waiting for B8 evals before starting eval...
[02:18:45] ⌛ expMMM: training done, waiting for B8 evals before starting eval...
[02:20:45] ⏳ Waiting for Batch 8 evals (expGGG, expHHH)...
[02:20:45] ⌛ expIII: training done, waiting for B8 evals before starting eval...
[02:20:45] ⌛ expJJJ: training done, waiting for B8 evals before starting eval...
[02:20:45] ⌛ expKKK: training done, waiting for B8 evals before starting eval...
[02:20:45] ⌛ expLLL: training done, waiting for B8 evals before starting eval...
[02:20:45] ⌛ expMMM: training done, waiting for B8 evals before starting eval...
[02:22:45] ⏳ Waiting for Batch 8 evals (expGGG, expHHH)...
[02:22:45] ⌛ expIII: training done, waiting for B8 evals before starting eval...
[02:22:45] ⌛ expJJJ: training done, waiting for B8 evals before starting eval...
[02:22:45] ⌛ expKKK: training done, waiting for B8 evals before starting eval...
[02:22:45] ⌛ expLLL: training done, waiting for B8 evals before starting eval...
[02:22:45] ⌛ expMMM: training done, waiting for B8 evals before starting eval...
[02:24:45] ⏳ Waiting for Batch 8 evals (expGGG, expHHH)...
[02:24:45] ⌛ expIII: training done, waiting for B8 evals before starting eval...
[02:24:45] ⌛ expJJJ: training done, waiting for B8 evals before starting eval...
[02:24:45] ⌛ expKKK: training done, waiting for B8 evals before starting eval...
[02:24:45] ⌛ expLLL: training done, waiting for B8 evals before starting eval...
[02:24:45] ⌛ expMMM: training done, waiting for B8 evals before starting eval...
[02:26:45] ⏳ Waiting for Batch 8 evals (expGGG, expHHH)...
[02:26:45] ⌛ expIII: training done, waiting for B8 evals before starting eval...
[02:26:45] ⌛ expJJJ: training done, waiting for B8 evals before starting eval...
[02:26:45] ⌛ expKKK: training done, waiting for B8 evals before starting eval...
[02:26:45] ⌛ expLLL: training done, waiting for B8 evals before starting eval...
[02:26:45] ⌛ expMMM: training done, waiting for B8 evals before starting eval...
[02:28:45] ⏳ Waiting for Batch 8 evals (expGGG, expHHH)...
[02:28:45] ⌛ expIII: training done, waiting for B8 evals before starting eval...
[02:28:45] ⌛ expJJJ: training done, waiting for B8 evals before starting eval...
[02:28:45] ⌛ expKKK: training done, waiting for B8 evals before starting eval...
[02:28:45] ⌛ expLLL: training done, waiting for B8 evals before starting eval...
[02:28:45] ⌛ expMMM: training done, waiting for B8 evals before starting eval...
[02:30:46] ⏳ Waiting for Batch 8 evals (expGGG, expHHH)...
[02:30:46] ⌛ expIII: training done, waiting for B8 evals before starting eval...
[02:30:46] ⌛ expJJJ: training done, waiting for B8 evals before starting eval...
[02:30:46] ⌛ expKKK: training done, waiting for B8 evals before starting eval...
[02:30:46] ⌛ expLLL: training done, waiting for B8 evals before starting eval...
[02:30:46] ⌛ expMMM: training done, waiting for B8 evals before starting eval...
[02:32:46] ⏳ Waiting for Batch 8 evals (expGGG, expHHH)...
[02:32:46] ⌛ expIII: training done, waiting for B8 evals before starting eval...
[02:32:46] ⌛ expJJJ: training done, waiting for B8 evals before starting eval...
[02:32:46] ⌛ expKKK: training done, waiting for B8 evals before starting eval...
[02:32:46] ⌛ expLLL: training done, waiting for B8 evals before starting eval...
[02:32:46] ⌛ expMMM: training done, waiting for B8 evals before starting eval...
[02:34:46] ⏳ Waiting for Batch 8 evals (expGGG, expHHH)...
[02:34:46] ⌛ expIII: training done, waiting for B8 evals before starting eval...
[02:34:46] ⌛ expJJJ: training done, waiting for B8 evals before starting eval...
[02:34:46] ⌛ expKKK: training done, waiting for B8 evals before starting eval...
[02:34:46] ⌛ expLLL: training done, waiting for B8 evals before starting eval...
[02:34:46] ⌛ expMMM: training done, waiting for B8 evals before starting eval...
[02:36:46] ⏳ Waiting for Batch 8 evals (expGGG, expHHH)...
[02:36:46] ⌛ expIII: training done, waiting for B8 evals before starting eval...
[02:36:46] ⌛ expJJJ: training done, waiting for B8 evals before starting eval...
[02:36:46] ⌛ expKKK: training done, waiting for B8 evals before starting eval...
[02:36:46] ⌛ expLLL: training done, waiting for B8 evals before starting eval...
[02:36:46] ⌛ expMMM: training done, waiting for B8 evals before starting eval...
[02:38:46] ⏳ Waiting for Batch 8 evals (expGGG, expHHH)...
[02:38:46] ⌛ expIII: training done, waiting for B8 evals before starting eval...
[02:38:46] ⌛ expJJJ: training done, waiting for B8 evals before starting eval...
[02:38:46] ⌛ expKKK: training done, waiting for B8 evals before starting eval...
[02:38:46] ⌛ expLLL: training done, waiting for B8 evals before starting eval...
[02:38:46] ⌛ expMMM: training done, waiting for B8 evals before starting eval...
[02:40:46] ⏳ Waiting for Batch 8 evals (expGGG, expHHH)...
[02:40:46] ⌛ expIII: training done, waiting for B8 evals before starting eval...
[02:40:46] ⌛ expJJJ: training done, waiting for B8 evals before starting eval...
[02:40:46] ⌛ expKKK: training done, waiting for B8 evals before starting eval...
[02:40:46] ⌛ expLLL: training done, waiting for B8 evals before starting eval...
[02:40:46] ⌛ expMMM: training done, waiting for B8 evals before starting eval...
[02:42:46] ⏳ Waiting for Batch 8 evals (expGGG, expHHH)...
[02:42:46] ⌛ expIII: training done, waiting for B8 evals before starting eval...
[02:42:46] ⌛ expJJJ: training done, waiting for B8 evals before starting eval...
[02:42:46] ⌛ expKKK: training done, waiting for B8 evals before starting eval...
[02:42:46] ⌛ expLLL: training done, waiting for B8 evals before starting eval...
[02:42:46] ⌛ expMMM: training done, waiting for B8 evals before starting eval...
[02:44:47] ⏳ Waiting for Batch 8 evals (expGGG, expHHH)...
[02:44:47] ⌛ expIII: training done, waiting for B8 evals before starting eval...
[02:44:47] ⌛ expJJJ: training done, waiting for B8 evals before starting eval...
[02:44:47] ⌛ expKKK: training done, waiting for B8 evals before starting eval...
[02:44:47] ⌛ expLLL: training done, waiting for B8 evals before starting eval...
[02:44:47] ⌛ expMMM: training done, waiting for B8 evals before starting eval...
[02:46:47] ⏳ Waiting for Batch 8 evals (expGGG, expHHH)...
[02:46:47] ⌛ expIII: training done, waiting for B8 evals before starting eval...
[02:46:47] ⌛ expJJJ: training done, waiting for B8 evals before starting eval...
[02:46:47] ⌛ expKKK: training done, waiting for B8 evals before starting eval...
[02:46:47] ⌛ expLLL: training done, waiting for B8 evals before starting eval...
[02:46:47] ⌛ expMMM: training done, waiting for B8 evals before starting eval...
[02:48:47] ⏳ Waiting for Batch 8 evals (expGGG, expHHH)...
[02:48:47] ⌛ expIII: training done, waiting for B8 evals before starting eval...
[02:48:47] ⌛ expJJJ: training done, waiting for B8 evals before starting eval...
[02:48:47] ⌛ expKKK: training done, waiting for B8 evals before starting eval...
[02:48:47] ⌛ expLLL: training done, waiting for B8 evals before starting eval...
[02:48:47] ⌛ expMMM: training done, waiting for B8 evals before starting eval...
[02:50:47] ⏳ Waiting for Batch 8 evals (expGGG, expHHH)...
[02:50:47] ⌛ expIII: training done, waiting for B8 evals before starting eval...
[02:50:47] ⌛ expJJJ: training done, waiting for B8 evals before starting eval...
[02:50:47] ⌛ expKKK: training done, waiting for B8 evals before starting eval...
[02:50:47] ⌛ expLLL: training done, waiting for B8 evals before starting eval...
[02:50:47] ⌛ expMMM: training done, waiting for B8 evals before starting eval...
[02:52:47] ⏳ Waiting for Batch 8 evals (expGGG, expHHH)...
[02:52:47] ⌛ expIII: training done, waiting for B8 evals before starting eval...
[02:52:47] ⌛ expJJJ: training done, waiting for B8 evals before starting eval...
[02:52:47] ⌛ expKKK: training done, waiting for B8 evals before starting eval...
[02:52:47] ⌛ expLLL: training done, waiting for B8 evals before starting eval...
[02:52:47] ⌛ expMMM: training done, waiting for B8 evals before starting eval...
[02:54:47] ⏳ Waiting for Batch 8 evals (expGGG, expHHH)...
[02:54:47] ⌛ expIII: training done, waiting for B8 evals before starting eval...
[02:54:47] ⌛ expJJJ: training done, waiting for B8 evals before starting eval...
[02:54:47] ⌛ expKKK: training done, waiting for B8 evals before starting eval...
[02:54:47] ⌛ expLLL: training done, waiting for B8 evals before starting eval...
[02:54:47] ⌛ expMMM: training done, waiting for B8 evals before starting eval...
[02:56:48] ⏳ Waiting for Batch 8 evals (expGGG, expHHH)...
[02:56:48] ⌛ expIII: training done, waiting for B8 evals before starting eval...
[02:56:48] ⌛ expJJJ: training done, waiting for B8 evals before starting eval...
[02:56:48] ⌛ expKKK: training done, waiting for B8 evals before starting eval...
[02:56:48] ⌛ expLLL: training done, waiting for B8 evals before starting eval...
[02:56:48] ⌛ expMMM: training done, waiting for B8 evals before starting eval...
[02:58:48] ⏳ Waiting for Batch 8 evals (expGGG, expHHH)...
[02:58:48] ⌛ expIII: training done, waiting for B8 evals before starting eval...
[02:58:48] ⌛ expJJJ: training done, waiting for B8 evals before starting eval...
[02:58:48] ⌛ expKKK: training done, waiting for B8 evals before starting eval...
[02:58:48] ⌛ expLLL: training done, waiting for B8 evals before starting eval...
[02:58:48] ⌛ expMMM: training done, waiting for B8 evals before starting eval...
[03:00:48] ⏳ Waiting for Batch 8 evals (expGGG, expHHH)...
[03:00:48] ⌛ expIII: training done, waiting for B8 evals before starting eval...
[03:00:48] ⌛ expJJJ: training done, waiting for B8 evals before starting eval...
[03:00:48] ⌛ expKKK: training done, waiting for B8 evals before starting eval...
[03:00:48] ⌛ expLLL: training done, waiting for B8 evals before starting eval...
[03:00:48] ⌛ expMMM: training done, waiting for B8 evals before starting eval...
[03:02:48] ⏳ Waiting for Batch 8 evals (expGGG, expHHH)...
[03:02:48] ⌛ expIII: training done, waiting for B8 evals before starting eval...
[03:02:48] ⌛ expJJJ: training done, waiting for B8 evals before starting eval...
[03:02:48] ⌛ expKKK: training done, waiting for B8 evals before starting eval...
[03:02:48] ⌛ expLLL: training done, waiting for B8 evals before starting eval...
[03:02:48] ⌛ expMMM: training done, waiting for B8 evals before starting eval...
[03:04:48] ⏳ Waiting for Batch 8 evals (expGGG, expHHH)...
[03:04:48] ⌛ expIII: training done, waiting for B8 evals before starting eval...
[03:04:48] ⌛ expJJJ: training done, waiting for B8 evals before starting eval...
[03:04:48] ⌛ expKKK: training done, waiting for B8 evals before starting eval...
[03:04:48] ⌛ expLLL: training done, waiting for B8 evals before starting eval...
[03:04:48] ⌛ expMMM: training done, waiting for B8 evals before starting eval...
[03:06:48] ⏳ Waiting for Batch 8 evals (expGGG, expHHH)...
[03:06:48] ⌛ expIII: training done, waiting for B8 evals before starting eval...
[03:06:48] ⌛ expJJJ: training done, waiting for B8 evals before starting eval...
[03:06:48] ⌛ expKKK: training done, waiting for B8 evals before starting eval...
[03:06:48] ⌛ expLLL: training done, waiting for B8 evals before starting eval...
[03:06:48] ⌛ expMMM: training done, waiting for B8 evals before starting eval...
[03:08:48] ⏳ Waiting for Batch 8 evals (expGGG, expHHH)...
[03:08:48] ⌛ expIII: training done, waiting for B8 evals before starting eval...
[03:08:48] ⌛ expJJJ: training done, waiting for B8 evals before starting eval...
[03:08:48] ⌛ expKKK: training done, waiting for B8 evals before starting eval...
[03:08:48] ⌛ expLLL: training done, waiting for B8 evals before starting eval...
[03:08:48] ⌛ expMMM: training done, waiting for B8 evals before starting eval...
[03:10:48] ⏳ Waiting for Batch 8 evals (expGGG, expHHH)...
[03:10:48] ⌛ expIII: training done, waiting for B8 evals before starting eval...
[03:10:48] ⌛ expJJJ: training done, waiting for B8 evals before starting eval...
[03:10:48] ⌛ expKKK: training done, waiting for B8 evals before starting eval...
[03:10:48] ⌛ expLLL: training done, waiting for B8 evals before starting eval...
[03:10:48] ⌛ expMMM: training done, waiting for B8 evals before starting eval...
[03:12:49] ⏳ Waiting for Batch 8 evals (expGGG, expHHH)...
[03:12:49] ⌛ expIII: training done, waiting for B8 evals before starting eval...
[03:12:49] ⌛ expJJJ: training done, waiting for B8 evals before starting eval...
[03:12:49] ⌛ expKKK: training done, waiting for B8 evals before starting eval...
[03:12:49] ⌛ expLLL: training done, waiting for B8 evals before starting eval...
[03:12:49] ⌛ expMMM: training done, waiting for B8 evals before starting eval...
[03:14:49] ⏳ Waiting for Batch 8 evals (expGGG, expHHH)...
[03:14:49] ⌛ expIII: training done, waiting for B8 evals before starting eval...
[03:14:49] ⌛ expJJJ: training done, waiting for B8 evals before starting eval...
[03:14:49] ⌛ expKKK: training done, waiting for B8 evals before starting eval...
[03:14:49] ⌛ expLLL: training done, waiting for B8 evals before starting eval...
[03:14:49] ⌛ expMMM: training done, waiting for B8 evals before starting eval...
[03:16:49] ⏳ Waiting for Batch 8 evals (expGGG, expHHH)...
[03:16:49] ⌛ expIII: training done, waiting for B8 evals before starting eval...
[03:16:49] ⌛ expJJJ: training done, waiting for B8 evals before starting eval...
[03:16:49] ⌛ expKKK: training done, waiting for B8 evals before starting eval...
[03:16:49] ⌛ expLLL: training done, waiting for B8 evals before starting eval...
[03:16:49] ⌛ expMMM: training done, waiting for B8 evals before starting eval...
[03:18:49] ⏳ Waiting for Batch 8 evals (expGGG, expHHH)...
[03:18:49] ⌛ expIII: training done, waiting for B8 evals before starting eval...
[03:18:49] ⌛ expJJJ: training done, waiting for B8 evals before starting eval...
[03:18:49] ⌛ expKKK: training done, waiting for B8 evals before starting eval...
[03:18:49] ⌛ expLLL: training done, waiting for B8 evals before starting eval...
[03:18:49] ⌛ expMMM: training done, waiting for B8 evals before starting eval...
[03:20:49] ⏳ Waiting for Batch 8 evals (expGGG, expHHH)...
[03:20:49] ⌛ expIII: training done, waiting for B8 evals before starting eval...
[03:20:49] ⌛ expJJJ: training done, waiting for B8 evals before starting eval...
[03:20:49] ⌛ expKKK: training done, waiting for B8 evals before starting eval...
[03:20:49] ⌛ expLLL: training done, waiting for B8 evals before starting eval...
[03:20:49] ⌛ expMMM: training done, waiting for B8 evals before starting eval...
[03:22:49] ⏳ Waiting for Batch 8 evals (expGGG, expHHH)...
[03:22:49] ⌛ expIII: training done, waiting for B8 evals before starting eval...
[03:22:49] ⌛ expJJJ: training done, waiting for B8 evals before starting eval...
[03:22:49] ⌛ expKKK: training done, waiting for B8 evals before starting eval...
[03:22:49] ⌛ expLLL: training done, waiting for B8 evals before starting eval...
[03:22:49] ⌛ expMMM: training done, waiting for B8 evals before starting eval...
[03:24:49] ⏳ Waiting for Batch 8 evals (expGGG, expHHH)...
[03:24:49] ⌛ expIII: training done, waiting for B8 evals before starting eval...
[03:24:49] ⌛ expJJJ: training done, waiting for B8 evals before starting eval...
[03:24:49] ⌛ expKKK: training done, waiting for B8 evals before starting eval...
[03:24:49] ⌛ expLLL: training done, waiting for B8 evals before starting eval...
[03:24:49] ⌛ expMMM: training done, waiting for B8 evals before starting eval...
[03:26:50] ⏳ Waiting for Batch 8 evals (expGGG, expHHH)...
[03:26:50] ⌛ expIII: training done, waiting for B8 evals before starting eval...
[03:26:50] ⌛ expJJJ: training done, waiting for B8 evals before starting eval...
[03:26:50] ⌛ expKKK: training done, waiting for B8 evals before starting eval...
[03:26:50] ⌛ expLLL: training done, waiting for B8 evals before starting eval...
[03:26:50] ⌛ expMMM: training done, waiting for B8 evals before starting eval...
[03:28:50] ⏳ Waiting for Batch 8 evals (expGGG, expHHH)...
[03:28:50] ⌛ expIII: training done, waiting for B8 evals before starting eval...
[03:28:50] ⌛ expJJJ: training done, waiting for B8 evals before starting eval...
[03:28:50] ⌛ expKKK: training done, waiting for B8 evals before starting eval...
[03:28:50] ⌛ expLLL: training done, waiting for B8 evals before starting eval...
[03:28:50] ⌛ expMMM: training done, waiting for B8 evals before starting eval...
[03:30:50] ⏳ Waiting for Batch 8 evals (expGGG, expHHH)...
[03:30:50] ⌛ expIII: training done, waiting for B8 evals before starting eval...
[03:30:50] ⌛ expJJJ: training done, waiting for B8 evals before starting eval...
[03:30:50] ⌛ expKKK: training done, waiting for B8 evals before starting eval...
[03:30:50] ⌛ expLLL: training done, waiting for B8 evals before starting eval...
[03:30:50] ⌛ expMMM: training done, waiting for B8 evals before starting eval...
[03:32:50] ⏳ Waiting for Batch 8 evals (expGGG, expHHH)...
[03:32:50] ⌛ expIII: training done, waiting for B8 evals before starting eval...
[03:32:50] ⌛ expJJJ: training done, waiting for B8 evals before starting eval...
[03:32:50] ⌛ expKKK: training done, waiting for B8 evals before starting eval...
[03:32:50] ⌛ expLLL: training done, waiting for B8 evals before starting eval...
[03:32:50] ⌛ expMMM: training done, waiting for B8 evals before starting eval...
[03:34:50] ⏳ Waiting for Batch 8 evals (expGGG, expHHH)...
[03:34:50] ⌛ expIII: training done, waiting for B8 evals before starting eval...
[03:34:50] ⌛ expJJJ: training done, waiting for B8 evals before starting eval...
[03:34:50] ⌛ expKKK: training done, waiting for B8 evals before starting eval...
[03:34:50] ⌛ expLLL: training done, waiting for B8 evals before starting eval...
[03:34:50] ⌛ expMMM: training done, waiting for B8 evals before starting eval...
[03:36:50] ⏳ Waiting for Batch 8 evals (expGGG, expHHH)...
[03:36:50] ⌛ expIII: training done, waiting for B8 evals before starting eval...
[03:36:50] ⌛ expJJJ: training done, waiting for B8 evals before starting eval...
[03:36:50] ⌛ expKKK: training done, waiting for B8 evals before starting eval...
[03:36:50] ⌛ expLLL: training done, waiting for B8 evals before starting eval...
[03:36:50] ⌛ expMMM: training done, waiting for B8 evals before starting eval...
[03:38:50] ⏳ Waiting for Batch 8 evals (expGGG, expHHH)...
[03:38:50] ⌛ expIII: training done, waiting for B8 evals before starting eval...
[03:38:50] ⌛ expJJJ: training done, waiting for B8 evals before starting eval...
[03:38:50] ⌛ expKKK: training done, waiting for B8 evals before starting eval...
[03:38:50] ⌛ expLLL: training done, waiting for B8 evals before starting eval...
[03:38:50] ⌛ expMMM: training done, waiting for B8 evals before starting eval...
[03:40:51] ⏳ Waiting for Batch 8 evals (expGGG, expHHH)...
[03:40:51] ⌛ expIII: training done, waiting for B8 evals before starting eval...
[03:40:51] ⌛ expJJJ: training done, waiting for B8 evals before starting eval...
[03:40:51] ⌛ expKKK: training done, waiting for B8 evals before starting eval...
[03:40:51] ⌛ expLLL: training done, waiting for B8 evals before starting eval...
[03:40:51] ⌛ expMMM: training done, waiting for B8 evals before starting eval...
[03:42:51] ⏳ Waiting for Batch 8 evals (expGGG, expHHH)...
[03:42:51] ⌛ expIII: training done, waiting for B8 evals before starting eval...
[03:42:51] ⌛ expJJJ: training done, waiting for B8 evals before starting eval...
[03:42:51] ⌛ expKKK: training done, waiting for B8 evals before starting eval...
[03:42:51] ⌛ expLLL: training done, waiting for B8 evals before starting eval...
[03:42:51] ⌛ expMMM: training done, waiting for B8 evals before starting eval...
[03:44:51] ⏳ Waiting for Batch 8 evals (expGGG, expHHH)...
[03:44:51] ⌛ expIII: training done, waiting for B8 evals before starting eval...
[03:44:51] ⌛ expJJJ: training done, waiting for B8 evals before starting eval...
[03:44:51] ⌛ expKKK: training done, waiting for B8 evals before starting eval...
[03:44:51] ⌛ expLLL: training done, waiting for B8 evals before starting eval...
[03:44:51] ⌛ expMMM: training done, waiting for B8 evals before starting eval...
[03:46:51] ⏳ Waiting for Batch 8 evals (expGGG, expHHH)...
[03:46:51] ⌛ expIII: training done, waiting for B8 evals before starting eval...
[03:46:51] ⌛ expJJJ: training done, waiting for B8 evals before starting eval...
[03:46:51] ⌛ expKKK: training done, waiting for B8 evals before starting eval...
[03:46:51] ⌛ expLLL: training done, waiting for B8 evals before starting eval...
[03:46:51] ⌛ expMMM: training done, waiting for B8 evals before starting eval...
[03:48:51] ⏳ Waiting for Batch 8 evals (expGGG, expHHH)...
[03:48:51] ⌛ expIII: training done, waiting for B8 evals before starting eval...
[03:48:51] ⌛ expJJJ: training done, waiting for B8 evals before starting eval...
[03:48:51] ⌛ expKKK: training done, waiting for B8 evals before starting eval...
[03:48:51] ⌛ expLLL: training done, waiting for B8 evals before starting eval...
[03:48:51] ⌛ expMMM: training done, waiting for B8 evals before starting eval...
[03:50:51] ⏳ Waiting for Batch 8 evals (expGGG, expHHH)...
[03:50:51] ⌛ expIII: training done, waiting for B8 evals before starting eval...
[03:50:51] ⌛ expJJJ: training done, waiting for B8 evals before starting eval...
[03:50:51] ⌛ expKKK: training done, waiting for B8 evals before starting eval...
[03:50:51] ⌛ expLLL: training done, waiting for B8 evals before starting eval...
[03:50:51] ⌛ expMMM: training done, waiting for B8 evals before starting eval...
[03:52:51] ⏳ Waiting for Batch 8 evals (expGGG, expHHH)...
[03:52:51] ⌛ expIII: training done, waiting for B8 evals before starting eval...
[03:52:51] ⌛ expJJJ: training done, waiting for B8 evals before starting eval...
[03:52:51] ⌛ expKKK: training done, waiting for B8 evals before starting eval...
[03:52:51] ⌛ expLLL: training done, waiting for B8 evals before starting eval...
[03:52:51] ⌛ expMMM: training done, waiting for B8 evals before starting eval...
[03:54:52] ⏳ Waiting for Batch 8 evals (expGGG, expHHH)...
[03:54:52] ⌛ expIII: training done, waiting for B8 evals before starting eval...
[03:54:52] ⌛ expJJJ: training done, waiting for B8 evals before starting eval...
[03:54:52] ⌛ expKKK: training done, waiting for B8 evals before starting eval...
[03:54:52] ⌛ expLLL: training done, waiting for B8 evals before starting eval...
[03:54:52] ⌛ expMMM: training done, waiting for B8 evals before starting eval...
[03:56:52] ⏳ Waiting for Batch 8 evals (expGGG, expHHH)...
[03:56:52] ⌛ expIII: training done, waiting for B8 evals before starting eval...
[03:56:52] ⌛ expJJJ: training done, waiting for B8 evals before starting eval...
[03:56:52] ⌛ expKKK: training done, waiting for B8 evals before starting eval...
[03:56:52] ⌛ expLLL: training done, waiting for B8 evals before starting eval...
[03:56:52] ⌛ expMMM: training done, waiting for B8 evals before starting eval...
[03:58:52] ⏳ Waiting for Batch 8 evals (expGGG, expHHH)...
[03:58:52] ⌛ expIII: training done, waiting for B8 evals before starting eval...
[03:58:52] ⌛ expJJJ: training done, waiting for B8 evals before starting eval...
[03:58:52] ⌛ expKKK: training done, waiting for B8 evals before starting eval...
[03:58:52] ⌛ expLLL: training done, waiting for B8 evals before starting eval...
[03:58:52] ⌛ expMMM: training done, waiting for B8 evals before starting eval...
[04:00:52] ⏳ Waiting for Batch 8 evals (expGGG, expHHH)...
[04:00:52] ⌛ expIII: training done, waiting for B8 evals before starting eval...
[04:00:52] ⌛ expJJJ: training done, waiting for B8 evals before starting eval...
[04:00:52] ⌛ expKKK: training done, waiting for B8 evals before starting eval...
[04:00:52] ⌛ expLLL: training done, waiting for B8 evals before starting eval...
[04:00:52] ⌛ expMMM: training done, waiting for B8 evals before starting eval...
[04:02:52] ⏳ Waiting for Batch 8 evals (expGGG, expHHH)...
[04:02:52] ⌛ expIII: training done, waiting for B8 evals before starting eval...
[04:02:52] ⌛ expJJJ: training done, waiting for B8 evals before starting eval...
[04:02:52] ⌛ expKKK: training done, waiting for B8 evals before starting eval...
[04:02:52] ⌛ expLLL: training done, waiting for B8 evals before starting eval...
[04:02:52] ⌛ expMMM: training done, waiting for B8 evals before starting eval...
[04:04:52] ⏳ Waiting for Batch 8 evals (expGGG, expHHH)...
[04:04:52] ⌛ expIII: training done, waiting for B8 evals before starting eval...
[04:04:52] ⌛ expJJJ: training done, waiting for B8 evals before starting eval...
[04:04:52] ⌛ expKKK: training done, waiting for B8 evals before starting eval...
[04:04:52] ⌛ expLLL: training done, waiting for B8 evals before starting eval...
[04:04:52] ⌛ expMMM: training done, waiting for B8 evals before starting eval...
[04:06:52] ⏳ Waiting for Batch 8 evals (expGGG, expHHH)...
[04:06:52] ⌛ expIII: training done, waiting for B8 evals before starting eval...
[04:06:52] ⌛ expJJJ: training done, waiting for B8 evals before starting eval...
[04:06:52] ⌛ expKKK: training done, waiting for B8 evals before starting eval...
[04:06:52] ⌛ expLLL: training done, waiting for B8 evals before starting eval...
[04:06:52] ⌛ expMMM: training done, waiting for B8 evals before starting eval...
[04:08:53] ⏳ Waiting for Batch 8 evals (expGGG, expHHH)...
[04:08:53] ⌛ expIII: training done, waiting for B8 evals before starting eval...
[04:08:53] ⌛ expJJJ: training done, waiting for B8 evals before starting eval...
[04:08:53] ⌛ expKKK: training done, waiting for B8 evals before starting eval...
[04:08:53] ⌛ expLLL: training done, waiting for B8 evals before starting eval...
[04:08:53] ⌛ expMMM: training done, waiting for B8 evals before starting eval...
[04:10:53] ⏳ Waiting for Batch 8 evals (expGGG, expHHH)...
[04:10:53] ⌛ expIII: training done, waiting for B8 evals before starting eval...
[04:10:53] ⌛ expJJJ: training done, waiting for B8 evals before starting eval...
[04:10:53] ⌛ expKKK: training done, waiting for B8 evals before starting eval...
[04:10:53] ⌛ expLLL: training done, waiting for B8 evals before starting eval...
[04:10:53] ⌛ expMMM: training done, waiting for B8 evals before starting eval...
[04:12:53] ⏳ Waiting for Batch 8 evals (expGGG, expHHH)...
[04:12:53] ⌛ expIII: training done, waiting for B8 evals before starting eval...
[04:12:53] ⌛ expJJJ: training done, waiting for B8 evals before starting eval...
[04:12:53] ⌛ expKKK: training done, waiting for B8 evals before starting eval...
[04:12:53] ⌛ expLLL: training done, waiting for B8 evals before starting eval...
[04:12:53] ⌛ expMMM: training done, waiting for B8 evals before starting eval...
[04:14:53] ⏳ Waiting for Batch 8 evals (expGGG, expHHH)...
[04:14:53] ⌛ expIII: training done, waiting for B8 evals before starting eval...
[04:14:53] ⌛ expJJJ: training done, waiting for B8 evals before starting eval...
[04:14:53] ⌛ expKKK: training done, waiting for B8 evals before starting eval...
[04:14:53] ⌛ expLLL: training done, waiting for B8 evals before starting eval...
[04:14:53] ⌛ expMMM: training done, waiting for B8 evals before starting eval...
[04:16:53] ⏳ Waiting for Batch 8 evals (expGGG, expHHH)...
[04:16:53] ⌛ expIII: training done, waiting for B8 evals before starting eval...
[04:16:53] ⌛ expJJJ: training done, waiting for B8 evals before starting eval...
[04:16:53] ⌛ expKKK: training done, waiting for B8 evals before starting eval...
[04:16:53] ⌛ expLLL: training done, waiting for B8 evals before starting eval...
[04:16:53] ⌛ expMMM: training done, waiting for B8 evals before starting eval...
[04:18:53] ⏳ Waiting for Batch 8 evals (expGGG, expHHH)...
[04:18:53] ⌛ expIII: training done, waiting for B8 evals before starting eval...
[04:18:53] ⌛ expJJJ: training done, waiting for B8 evals before starting eval...
[04:18:53] ⌛ expKKK: training done, waiting for B8 evals before starting eval...
[04:18:53] ⌛ expLLL: training done, waiting for B8 evals before starting eval...
[04:18:53] ⌛ expMMM: training done, waiting for B8 evals before starting eval...
[04:20:53] ⏳ Waiting for Batch 8 evals (expGGG, expHHH)...
[04:20:53] ⌛ expIII: training done, waiting for B8 evals before starting eval...
[04:20:53] ⌛ expJJJ: training done, waiting for B8 evals before starting eval...
[04:20:53] ⌛ expKKK: training done, waiting for B8 evals before starting eval...
[04:20:53] ⌛ expLLL: training done, waiting for B8 evals before starting eval...
[04:20:54] ⌛ expMMM: training done, waiting for B8 evals before starting eval...
[04:22:54] ⏳ Waiting for Batch 8 evals (expGGG, expHHH)...
[04:22:54] ⌛ expIII: training done, waiting for B8 evals before starting eval...
[04:22:54] ⌛ expJJJ: training done, waiting for B8 evals before starting eval...
[04:22:54] ⌛ expKKK: training done, waiting for B8 evals before starting eval...
[04:22:54] ⌛ expLLL: training done, waiting for B8 evals before starting eval...
[04:22:54] ⌛ expMMM: training done, waiting for B8 evals before starting eval...
[04:24:54] ⏳ Waiting for Batch 8 evals (expGGG, expHHH)...
[04:24:54] ⌛ expIII: training done, waiting for B8 evals before starting eval...
[04:24:54] ⌛ expJJJ: training done, waiting for B8 evals before starting eval...
[04:24:54] ⌛ expKKK: training done, waiting for B8 evals before starting eval...
[04:24:54] ⌛ expLLL: training done, waiting for B8 evals before starting eval...
[04:24:54] ⌛ expMMM: training done, waiting for B8 evals before starting eval...
[04:26:54] ⏳ Waiting for Batch 8 evals (expGGG, expHHH)...
[04:26:54] ⌛ expIII: training done, waiting for B8 evals before starting eval...
[04:26:54] ⌛ expJJJ: training done, waiting for B8 evals before starting eval...
[04:26:54] ⌛ expKKK: training done, waiting for B8 evals before starting eval...
[04:26:54] ⌛ expLLL: training done, waiting for B8 evals before starting eval...
[04:26:54] ⌛ expMMM: training done, waiting for B8 evals before starting eval...
[04:28:54] ⏳ Waiting for Batch 8 evals (expGGG, expHHH)...
[04:28:54] ⌛ expIII: training done, waiting for B8 evals before starting eval...
[04:28:54] ⌛ expJJJ: training done, waiting for B8 evals before starting eval...
[04:28:54] ⌛ expKKK: training done, waiting for B8 evals before starting eval...
[04:28:54] ⌛ expLLL: training done, waiting for B8 evals before starting eval...
[04:28:54] ⌛ expMMM: training done, waiting for B8 evals before starting eval...
[04:30:54] ⏳ Waiting for Batch 8 evals (expGGG, expHHH)...
[04:30:54] ⌛ expIII: training done, waiting for B8 evals before starting eval...
[04:30:54] ⌛ expJJJ: training done, waiting for B8 evals before starting eval...
[04:30:54] ⌛ expKKK: training done, waiting for B8 evals before starting eval...
[04:30:54] ⌛ expLLL: training done, waiting for B8 evals before starting eval...
[04:30:54] ⌛ expMMM: training done, waiting for B8 evals before starting eval...
[04:32:54] ⏳ Waiting for Batch 8 evals (expGGG, expHHH)...
[04:32:54] ⌛ expIII: training done, waiting for B8 evals before starting eval...
[04:32:54] ⌛ expJJJ: training done, waiting for B8 evals before starting eval...
[04:32:54] ⌛ expKKK: training done, waiting for B8 evals before starting eval...
[04:32:54] ⌛ expLLL: training done, waiting for B8 evals before starting eval...
[04:32:54] ⌛ expMMM: training done, waiting for B8 evals before starting eval...
[04:34:54] ⏳ Waiting for Batch 8 evals (expGGG, expHHH)...
[04:34:54] ⌛ expIII: training done, waiting for B8 evals before starting eval...
[04:34:54] ⌛ expJJJ: training done, waiting for B8 evals before starting eval...
[04:34:54] ⌛ expKKK: training done, waiting for B8 evals before starting eval...
[04:34:54] ⌛ expLLL: training done, waiting for B8 evals before starting eval...
[04:34:54] ⌛ expMMM: training done, waiting for B8 evals before starting eval...
[04:36:55] ⏳ Waiting for Batch 8 evals (expGGG, expHHH)...
[04:36:55] ⌛ expIII: training done, waiting for B8 evals before starting eval...
[04:36:55] ⌛ expJJJ: training done, waiting for B8 evals before starting eval...
[04:36:55] ⌛ expKKK: training done, waiting for B8 evals before starting eval...
[04:36:55] ⌛ expLLL: training done, waiting for B8 evals before starting eval...
[04:36:55] ⌛ expMMM: training done, waiting for B8 evals before starting eval...
[04:38:55] ⏳ Waiting for Batch 8 evals (expGGG, expHHH)...
[04:38:55] ⌛ expIII: training done, waiting for B8 evals before starting eval...
[04:38:55] ⌛ expJJJ: training done, waiting for B8 evals before starting eval...
[04:38:55] ⌛ expKKK: training done, waiting for B8 evals before starting eval...
[04:38:55] ⌛ expLLL: training done, waiting for B8 evals before starting eval...
[04:38:55] ⌛ expMMM: training done, waiting for B8 evals before starting eval...
[04:40:55] ⏳ Waiting for Batch 8 evals (expGGG, expHHH)...
[04:40:55] ⌛ expIII: training done, waiting for B8 evals before starting eval...
[04:40:55] ⌛ expJJJ: training done, waiting for B8 evals before starting eval...
[04:40:55] ⌛ expKKK: training done, waiting for B8 evals before starting eval...
[04:40:55] ⌛ expLLL: training done, waiting for B8 evals before starting eval...
[04:40:55] ⌛ expMMM: training done, waiting for B8 evals before starting eval...
[04:42:55] ⏳ Waiting for Batch 8 evals (expGGG, expHHH)...
[04:42:55] ⌛ expIII: training done, waiting for B8 evals before starting eval...
[04:42:55] ⌛ expJJJ: training done, waiting for B8 evals before starting eval...
[04:42:55] ⌛ expKKK: training done, waiting for B8 evals before starting eval...
[04:42:55] ⌛ expLLL: training done, waiting for B8 evals before starting eval...
[04:42:55] ⌛ expMMM: training done, waiting for B8 evals before starting eval...
[04:44:55] ⏳ Waiting for Batch 8 evals (expGGG, expHHH)...
[04:44:55] ⌛ expIII: training done, waiting for B8 evals before starting eval...
[04:44:55] ⌛ expJJJ: training done, waiting for B8 evals before starting eval...
[04:44:55] ⌛ expKKK: training done, waiting for B8 evals before starting eval...
[04:44:55] ⌛ expLLL: training done, waiting for B8 evals before starting eval...
[04:44:55] ⌛ expMMM: training done, waiting for B8 evals before starting eval...
[04:46:55] ⏳ Waiting for Batch 8 evals (expGGG, expHHH)...
[04:46:55] ⌛ expIII: training done, waiting for B8 evals before starting eval...
[04:46:55] ⌛ expJJJ: training done, waiting for B8 evals before starting eval...
[04:46:55] ⌛ expKKK: training done, waiting for B8 evals before starting eval...
[04:46:55] ⌛ expLLL: training done, waiting for B8 evals before starting eval...
[04:46:55] ⌛ expMMM: training done, waiting for B8 evals before starting eval...
[04:48:55] ⏳ Waiting for Batch 8 evals (expGGG, expHHH)...
[04:48:55] ⌛ expIII: training done, waiting for B8 evals before starting eval...
[04:48:55] ⌛ expJJJ: training done, waiting for B8 evals before starting eval...
[04:48:55] ⌛ expKKK: training done, waiting for B8 evals before starting eval...
[04:48:55] ⌛ expLLL: training done, waiting for B8 evals before starting eval...
[04:48:55] ⌛ expMMM: training done, waiting for B8 evals before starting eval...
[04:50:55] ⏳ Waiting for Batch 8 evals (expGGG, expHHH)...
[04:50:56] ⌛ expIII: training done, waiting for B8 evals before starting eval...
[04:50:56] ⌛ expJJJ: training done, waiting for B8 evals before starting eval...
[04:50:56] ⌛ expKKK: training done, waiting for B8 evals before starting eval...
[04:50:56] ⌛ expLLL: training done, waiting for B8 evals before starting eval...
[04:50:56] ⌛ expMMM: training done, waiting for B8 evals before starting eval...
[04:52:56] ⏳ Waiting for Batch 8 evals (expGGG, expHHH)...
[04:52:56] ⌛ expIII: training done, waiting for B8 evals before starting eval...
[04:52:56] ⌛ expJJJ: training done, waiting for B8 evals before starting eval...
[04:52:56] ⌛ expKKK: training done, waiting for B8 evals before starting eval...
[04:52:56] ⌛ expLLL: training done, waiting for B8 evals before starting eval...
[04:52:56] ⌛ expMMM: training done, waiting for B8 evals before starting eval...
[04:54:56] ⏳ Waiting for Batch 8 evals (expGGG, expHHH)...
[04:54:56] ⌛ expIII: training done, waiting for B8 evals before starting eval...
[04:54:56] ⌛ expJJJ: training done, waiting for B8 evals before starting eval...
[04:54:56] ⌛ expKKK: training done, waiting for B8 evals before starting eval...
[04:54:56] ⌛ expLLL: training done, waiting for B8 evals before starting eval...
[04:54:56] ⌛ expMMM: training done, waiting for B8 evals before starting eval...
[04:56:56] ⏳ Waiting for Batch 8 evals (expGGG, expHHH)...
[04:56:56] ⌛ expIII: training done, waiting for B8 evals before starting eval...
[04:56:56] ⌛ expJJJ: training done, waiting for B8 evals before starting eval...
[04:56:56] ⌛ expKKK: training done, waiting for B8 evals before starting eval...
[04:56:56] ⌛ expLLL: training done, waiting for B8 evals before starting eval...
[04:56:56] ⌛ expMMM: training done, waiting for B8 evals before starting eval...
[04:58:56] ⏳ Waiting for Batch 8 evals (expGGG, expHHH)...
[04:58:56] ⌛ expIII: training done, waiting for B8 evals before starting eval...
[04:58:56] ⌛ expJJJ: training done, waiting for B8 evals before starting eval...
[04:58:56] ⌛ expKKK: training done, waiting for B8 evals before starting eval...
[04:58:56] ⌛ expLLL: training done, waiting for B8 evals before starting eval...
[04:58:56] ⌛ expMMM: training done, waiting for B8 evals before starting eval...
[05:00:56] ⏳ Waiting for Batch 8 evals (expGGG, expHHH)...
[05:00:56] ⌛ expIII: training done, waiting for B8 evals before starting eval...
[05:00:56] ⌛ expJJJ: training done, waiting for B8 evals before starting eval...
[05:00:56] ⌛ expKKK: training done, waiting for B8 evals before starting eval...
[05:00:56] ⌛ expLLL: training done, waiting for B8 evals before starting eval...
[05:00:56] ⌛ expMMM: training done, waiting for B8 evals before starting eval...
[05:02:56] ⏳ Waiting for Batch 8 evals (expGGG, expHHH)...
[05:02:56] ⌛ expIII: training done, waiting for B8 evals before starting eval...
[05:02:56] ⌛ expJJJ: training done, waiting for B8 evals before starting eval...
[05:02:56] ⌛ expKKK: training done, waiting for B8 evals before starting eval...
[05:02:56] ⌛ expLLL: training done, waiting for B8 evals before starting eval...
[05:02:56] ⌛ expMMM: training done, waiting for B8 evals before starting eval...
[05:04:57] ⏳ Waiting for Batch 8 evals (expGGG, expHHH)...
[05:04:57] ⌛ expIII: training done, waiting for B8 evals before starting eval...
[05:04:57] ⌛ expJJJ: training done, waiting for B8 evals before starting eval...
[05:04:57] ⌛ expKKK: training done, waiting for B8 evals before starting eval...
[05:04:57] ⌛ expLLL: training done, waiting for B8 evals before starting eval...
[05:04:57] ⌛ expMMM: training done, waiting for B8 evals before starting eval...
[05:06:57] ⏳ Waiting for Batch 8 evals (expGGG, expHHH)...
[05:06:57] ⌛ expIII: training done, waiting for B8 evals before starting eval...
[05:06:57] ⌛ expJJJ: training done, waiting for B8 evals before starting eval...
[05:06:57] ⌛ expKKK: training done, waiting for B8 evals before starting eval...
[05:06:57] ⌛ expLLL: training done, waiting for B8 evals before starting eval...
[05:06:57] ⌛ expMMM: training done, waiting for B8 evals before starting eval...
[05:08:57] ⏳ Waiting for Batch 8 evals (expGGG, expHHH)...
[05:08:57] ⌛ expIII: training done, waiting for B8 evals before starting eval...
[05:08:57] ⌛ expJJJ: training done, waiting for B8 evals before starting eval...
[05:08:57] ⌛ expKKK: training done, waiting for B8 evals before starting eval...
[05:08:57] ⌛ expLLL: training done, waiting for B8 evals before starting eval...
[05:08:57] ⌛ expMMM: training done, waiting for B8 evals before starting eval...
[05:10:57] ⏳ Waiting for Batch 8 evals (expGGG, expHHH)...
[05:10:57] ⌛ expIII: training done, waiting for B8 evals before starting eval...
[05:10:57] ⌛ expJJJ: training done, waiting for B8 evals before starting eval...
[05:10:57] ⌛ expKKK: training done, waiting for B8 evals before starting eval...
[05:10:57] ⌛ expLLL: training done, waiting for B8 evals before starting eval...
[05:10:57] ⌛ expMMM: training done, waiting for B8 evals before starting eval...
[05:12:57] ⏳ Waiting for Batch 8 evals (expGGG, expHHH)...
[05:12:57] ⌛ expIII: training done, waiting for B8 evals before starting eval...
[05:12:57] ⌛ expJJJ: training done, waiting for B8 evals before starting eval...
[05:12:57] ⌛ expKKK: training done, waiting for B8 evals before starting eval...
[05:12:57] ⌛ expLLL: training done, waiting for B8 evals before starting eval...
[05:12:57] ⌛ expMMM: training done, waiting for B8 evals before starting eval...
[05:14:57] ⏳ Waiting for Batch 8 evals (expGGG, expHHH)...
[05:14:57] ⌛ expIII: training done, waiting for B8 evals before starting eval...
[05:14:57] ⌛ expJJJ: training done, waiting for B8 evals before starting eval...
[05:14:57] ⌛ expKKK: training done, waiting for B8 evals before starting eval...
[05:14:57] ⌛ expLLL: training done, waiting for B8 evals before starting eval...
[05:14:57] ⌛ expMMM: training done, waiting for B8 evals before starting eval...
[05:16:57] ⏳ Waiting for Batch 8 evals (expGGG, expHHH)...
[05:16:57] ⌛ expIII: training done, waiting for B8 evals before starting eval...
[05:16:57] ⌛ expJJJ: training done, waiting for B8 evals before starting eval...
[05:16:57] ⌛ expKKK: training done, waiting for B8 evals before starting eval...
[05:16:57] ⌛ expLLL: training done, waiting for B8 evals before starting eval...
[05:16:57] ⌛ expMMM: training done, waiting for B8 evals before starting eval...
[05:18:57] ⏳ Waiting for Batch 8 evals (expGGG, expHHH)...
[05:18:57] ⌛ expIII: training done, waiting for B8 evals before starting eval...
[05:18:57] ⌛ expJJJ: training done, waiting for B8 evals before starting eval...
[05:18:57] ⌛ expKKK: training done, waiting for B8 evals before starting eval...
[05:18:57] ⌛ expLLL: training done, waiting for B8 evals before starting eval...
[05:18:58] ⌛ expMMM: training done, waiting for B8 evals before starting eval...
[05:20:58] ⏳ Waiting for Batch 8 evals (expGGG, expHHH)...
[05:20:58] ⌛ expIII: training done, waiting for B8 evals before starting eval...
[05:20:58] ⌛ expJJJ: training done, waiting for B8 evals before starting eval...
[05:20:58] ⌛ expKKK: training done, waiting for B8 evals before starting eval...
[05:20:58] ⌛ expLLL: training done, waiting for B8 evals before starting eval...
[05:20:58] ⌛ expMMM: training done, waiting for B8 evals before starting eval...
[05:22:58] ⏳ Waiting for Batch 8 evals (expGGG, expHHH)...
[05:22:58] ⌛ expIII: training done, waiting for B8 evals before starting eval...
[05:22:58] ⌛ expJJJ: training done, waiting for B8 evals before starting eval...
[05:22:58] ⌛ expKKK: training done, waiting for B8 evals before starting eval...
[05:22:58] ⌛ expLLL: training done, waiting for B8 evals before starting eval...
[05:22:58] ⌛ expMMM: training done, waiting for B8 evals before starting eval...
[05:24:58] ⏳ Waiting for Batch 8 evals (expGGG, expHHH)...
[05:24:58] ⌛ expIII: training done, waiting for B8 evals before starting eval...
[05:24:58] ⌛ expJJJ: training done, waiting for B8 evals before starting eval...
[05:24:58] ⌛ expKKK: training done, waiting for B8 evals before starting eval...
[05:24:58] ⌛ expLLL: training done, waiting for B8 evals before starting eval...
[05:24:58] ⌛ expMMM: training done, waiting for B8 evals before starting eval...
[05:26:58] ⏳ Waiting for Batch 8 evals (expGGG, expHHH)...
[05:26:58] ⌛ expIII: training done, waiting for B8 evals before starting eval...
[05:26:58] ⌛ expJJJ: training done, waiting for B8 evals before starting eval...
[05:26:58] ⌛ expKKK: training done, waiting for B8 evals before starting eval...
[05:26:58] ⌛ expLLL: training done, waiting for B8 evals before starting eval...
[05:26:58] ⌛ expMMM: training done, waiting for B8 evals before starting eval...
[05:28:58] ⏳ Waiting for Batch 8 evals (expGGG, expHHH)...
[05:28:58] ⌛ expIII: training done, waiting for B8 evals before starting eval...
[05:28:58] ⌛ expJJJ: training done, waiting for B8 evals before starting eval...
[05:28:58] ⌛ expKKK: training done, waiting for B8 evals before starting eval...
[05:28:58] ⌛ expLLL: training done, waiting for B8 evals before starting eval...
[05:28:58] ⌛ expMMM: training done, waiting for B8 evals before starting eval...
[05:30:58] ⏳ Waiting for Batch 8 evals (expGGG, expHHH)...
[05:30:58] ⌛ expIII: training done, waiting for B8 evals before starting eval...
[05:30:58] ⌛ expJJJ: training done, waiting for B8 evals before starting eval...
[05:30:58] ⌛ expKKK: training done, waiting for B8 evals before starting eval...
[05:30:58] ⌛ expLLL: training done, waiting for B8 evals before starting eval...
[05:30:58] ⌛ expMMM: training done, waiting for B8 evals before starting eval...
[05:32:58] ⏳ Waiting for Batch 8 evals (expGGG, expHHH)...
[05:32:59] ⌛ expIII: training done, waiting for B8 evals before starting eval...
[05:32:59] ⌛ expJJJ: training done, waiting for B8 evals before starting eval...
[05:32:59] ⌛ expKKK: training done, waiting for B8 evals before starting eval...
[05:32:59] ⌛ expLLL: training done, waiting for B8 evals before starting eval...
[05:32:59] ⌛ expMMM: training done, waiting for B8 evals before starting eval...
[05:34:59] ⏳ Waiting for Batch 8 evals (expGGG, expHHH)...
[05:34:59] ⌛ expIII: training done, waiting for B8 evals before starting eval...
[05:34:59] ⌛ expJJJ: training done, waiting for B8 evals before starting eval...
[05:34:59] ⌛ expKKK: training done, waiting for B8 evals before starting eval...
[05:34:59] ⌛ expLLL: training done, waiting for B8 evals before starting eval...
[05:34:59] ⌛ expMMM: training done, waiting for B8 evals before starting eval...
[05:36:59] ⏳ Waiting for Batch 8 evals (expGGG, expHHH)...
[05:36:59] ⌛ expIII: training done, waiting for B8 evals before starting eval...
[05:36:59] ⌛ expJJJ: training done, waiting for B8 evals before starting eval...
[05:36:59] ⌛ expKKK: training done, waiting for B8 evals before starting eval...
[05:36:59] ⌛ expLLL: training done, waiting for B8 evals before starting eval...
[05:36:59] ⌛ expMMM: training done, waiting for B8 evals before starting eval...
[05:38:59] ⏳ Waiting for Batch 8 evals (expGGG, expHHH)...
[05:38:59] ⌛ expIII: training done, waiting for B8 evals before starting eval...
[05:38:59] ⌛ expJJJ: training done, waiting for B8 evals before starting eval...
[05:38:59] ⌛ expKKK: training done, waiting for B8 evals before starting eval...
[05:38:59] ⌛ expLLL: training done, waiting for B8 evals before starting eval...
[05:38:59] ⌛ expMMM: training done, waiting for B8 evals before starting eval...
[05:40:59] ⏳ Waiting for Batch 8 evals (expGGG, expHHH)...
[05:40:59] ⌛ expIII: training done, waiting for B8 evals before starting eval...
[05:40:59] ⌛ expJJJ: training done, waiting for B8 evals before starting eval...
[05:40:59] ⌛ expKKK: training done, waiting for B8 evals before starting eval...
[05:40:59] ⌛ expLLL: training done, waiting for B8 evals before starting eval...
[05:40:59] ⌛ expMMM: training done, waiting for B8 evals before starting eval...
[05:42:59] ⏳ Waiting for Batch 8 evals (expGGG, expHHH)...
[05:42:59] ⌛ expIII: training done, waiting for B8 evals before starting eval...
[05:42:59] ⌛ expJJJ: training done, waiting for B8 evals before starting eval...
[05:42:59] ⌛ expKKK: training done, waiting for B8 evals before starting eval...
[05:42:59] ⌛ expLLL: training done, waiting for B8 evals before starting eval...
[05:42:59] ⌛ expMMM: training done, waiting for B8 evals before starting eval...
[05:44:59] ⏳ Waiting for Batch 8 evals (expGGG, expHHH)...
[05:44:59] ⌛ expIII: training done, waiting for B8 evals before starting eval...
[05:44:59] ⌛ expJJJ: training done, waiting for B8 evals before starting eval...
[05:44:59] ⌛ expKKK: training done, waiting for B8 evals before starting eval...
[05:44:59] ⌛ expLLL: training done, waiting for B8 evals before starting eval...
[05:44:59] ⌛ expMMM: training done, waiting for B8 evals before starting eval...
[05:46:59] ⏳ Waiting for Batch 8 evals (expGGG, expHHH)...
[05:46:59] ⌛ expIII: training done, waiting for B8 evals before starting eval...
[05:46:59] ⌛ expJJJ: training done, waiting for B8 evals before starting eval...
[05:46:59] ⌛ expKKK: training done, waiting for B8 evals before starting eval...
[05:46:59] ⌛ expLLL: training done, waiting for B8 evals before starting eval...
[05:46:59] ⌛ expMMM: training done, waiting for B8 evals before starting eval...
[05:49:00] ⏳ Waiting for Batch 8 evals (expGGG, expHHH)...
[05:49:00] ⌛ expIII: training done, waiting for B8 evals before starting eval...
[05:49:00] ⌛ expJJJ: training done, waiting for B8 evals before starting eval...
[05:49:00] ⌛ expKKK: training done, waiting for B8 evals before starting eval...
[05:49:00] ⌛ expLLL: training done, waiting for B8 evals before starting eval...
[05:49:00] ⌛ expMMM: training done, waiting for B8 evals before starting eval...
[05:51:00] ⏳ Waiting for Batch 8 evals (expGGG, expHHH)...
[05:51:00] ⌛ expIII: training done, waiting for B8 evals before starting eval...
[05:51:00] ⌛ expJJJ: training done, waiting for B8 evals before starting eval...
[05:51:00] ⌛ expKKK: training done, waiting for B8 evals before starting eval...
[05:51:00] ⌛ expLLL: training done, waiting for B8 evals before starting eval...
[05:51:00] ⌛ expMMM: training done, waiting for B8 evals before starting eval...
[05:53:00] ⏳ Waiting for Batch 8 evals (expGGG, expHHH)...
[05:53:00] ⌛ expIII: training done, waiting for B8 evals before starting eval...
[05:53:00] ⌛ expJJJ: training done, waiting for B8 evals before starting eval...
[05:53:00] ⌛ expKKK: training done, waiting for B8 evals before starting eval...
[05:53:00] ⌛ expLLL: training done, waiting for B8 evals before starting eval...
[05:53:00] ⌛ expMMM: training done, waiting for B8 evals before starting eval...
[05:55:00] ⏳ Waiting for Batch 8 evals (expGGG, expHHH)...
[05:55:00] ⌛ expIII: training done, waiting for B8 evals before starting eval...
[05:55:00] ⌛ expJJJ: training done, waiting for B8 evals before starting eval...
[05:55:00] ⌛ expKKK: training done, waiting for B8 evals before starting eval...
[05:55:00] ⌛ expLLL: training done, waiting for B8 evals before starting eval...
[05:55:00] ⌛ expMMM: training done, waiting for B8 evals before starting eval...
[05:57:00] ⏳ Waiting for Batch 8 evals (expGGG, expHHH)...
[05:57:00] ⌛ expIII: training done, waiting for B8 evals before starting eval...
[05:57:00] ⌛ expJJJ: training done, waiting for B8 evals before starting eval...
[05:57:00] ⌛ expKKK: training done, waiting for B8 evals before starting eval...
[05:57:00] ⌛ expLLL: training done, waiting for B8 evals before starting eval...
[05:57:00] ⌛ expMMM: training done, waiting for B8 evals before starting eval...
[05:59:00] ⏳ Waiting for Batch 8 evals (expGGG, expHHH)...
[05:59:00] ⌛ expIII: training done, waiting for B8 evals before starting eval...
[05:59:00] ⌛ expJJJ: training done, waiting for B8 evals before starting eval...
[05:59:00] ⌛ expKKK: training done, waiting for B8 evals before starting eval...
[05:59:00] ⌛ expLLL: training done, waiting for B8 evals before starting eval...
[05:59:00] ⌛ expMMM: training done, waiting for B8 evals before starting eval...
[06:01:00] ⏳ Waiting for Batch 8 evals (expGGG, expHHH)...
[06:01:00] ⌛ expIII: training done, waiting for B8 evals before starting eval...
[06:01:00] ⌛ expJJJ: training done, waiting for B8 evals before starting eval...
[06:01:00] ⌛ expKKK: training done, waiting for B8 evals before starting eval...
[06:01:00] ⌛ expLLL: training done, waiting for B8 evals before starting eval...
[06:01:00] ⌛ expMMM: training done, waiting for B8 evals before starting eval...
[06:03:00] ⏳ Waiting for Batch 8 evals (expGGG, expHHH)...
[06:03:00] ⌛ expIII: training done, waiting for B8 evals before starting eval...
[06:03:01] ⌛ expJJJ: training done, waiting for B8 evals before starting eval...
[06:03:01] ⌛ expKKK: training done, waiting for B8 evals before starting eval...
[06:03:01] ⌛ expLLL: training done, waiting for B8 evals before starting eval...
[06:03:01] ⌛ expMMM: training done, waiting for B8 evals before starting eval...
[06:05:01] ⏳ Waiting for Batch 8 evals (expGGG, expHHH)...
[06:05:01] ⌛ expIII: training done, waiting for B8 evals before starting eval...
[06:05:01] ⌛ expJJJ: training done, waiting for B8 evals before starting eval...
[06:05:01] ⌛ expKKK: training done, waiting for B8 evals before starting eval...
[06:05:01] ⌛ expLLL: training done, waiting for B8 evals before starting eval...
[06:05:01] ⌛ expMMM: training done, waiting for B8 evals before starting eval...
[06:07:01] ⏳ Waiting for Batch 8 evals (expGGG, expHHH)...
[06:07:01] ⌛ expIII: training done, waiting for B8 evals before starting eval...
[06:07:01] ⌛ expJJJ: training done, waiting for B8 evals before starting eval...
[06:07:01] ⌛ expKKK: training done, waiting for B8 evals before starting eval...
[06:07:01] ⌛ expLLL: training done, waiting for B8 evals before starting eval...
[06:07:01] ⌛ expMMM: training done, waiting for B8 evals before starting eval...
[06:09:01] ⏳ Waiting for Batch 8 evals (expGGG, expHHH)...
[06:09:01] ⌛ expIII: training done, waiting for B8 evals before starting eval...
[06:09:01] ⌛ expJJJ: training done, waiting for B8 evals before starting eval...
[06:09:01] ⌛ expKKK: training done, waiting for B8 evals before starting eval...
[06:09:01] ⌛ expLLL: training done, waiting for B8 evals before starting eval...
[06:09:01] ⌛ expMMM: training done, waiting for B8 evals before starting eval...
[06:11:01] ⏳ Waiting for Batch 8 evals (expGGG, expHHH)...
[06:11:01] ⌛ expIII: training done, waiting for B8 evals before starting eval...
[06:11:01] ⌛ expJJJ: training done, waiting for B8 evals before starting eval...
[06:11:01] ⌛ expKKK: training done, waiting for B8 evals before starting eval...
[06:11:01] ⌛ expLLL: training done, waiting for B8 evals before starting eval...
[06:11:01] ⌛ expMMM: training done, waiting for B8 evals before starting eval...
[06:13:01] ⏳ Waiting for Batch 8 evals (expGGG, expHHH)...
[06:13:01] ⌛ expIII: training done, waiting for B8 evals before starting eval...
[06:13:01] ⌛ expJJJ: training done, waiting for B8 evals before starting eval...
[06:13:01] ⌛ expKKK: training done, waiting for B8 evals before starting eval...
[06:13:01] ⌛ expLLL: training done, waiting for B8 evals before starting eval...
[06:13:01] ⌛ expMMM: training done, waiting for B8 evals before starting eval...
[06:15:01] ⏳ Waiting for Batch 8 evals (expGGG, expHHH)...
[06:15:01] ⌛ expIII: training done, waiting for B8 evals before starting eval...
[06:15:01] ⌛ expJJJ: training done, waiting for B8 evals before starting eval...
[06:15:01] ⌛ expKKK: training done, waiting for B8 evals before starting eval...
[06:15:01] ⌛ expLLL: training done, waiting for B8 evals before starting eval...
[06:15:01] ⌛ expMMM: training done, waiting for B8 evals before starting eval...
[06:17:02] ⏳ Waiting for Batch 8 evals (expGGG, expHHH)...
[06:17:02] ⌛ expIII: training done, waiting for B8 evals before starting eval...
[06:17:02] ⌛ expJJJ: training done, waiting for B8 evals before starting eval...
[06:17:02] ⌛ expKKK: training done, waiting for B8 evals before starting eval...
[06:17:02] ⌛ expLLL: training done, waiting for B8 evals before starting eval...
[06:17:02] ⌛ expMMM: training done, waiting for B8 evals before starting eval...
[06:19:02] ⏳ Waiting for Batch 8 evals (expGGG, expHHH)...
[06:19:02] ⌛ expIII: training done, waiting for B8 evals before starting eval...
[06:19:02] ⌛ expJJJ: training done, waiting for B8 evals before starting eval...
[06:19:02] ⌛ expKKK: training done, waiting for B8 evals before starting eval...
[06:19:02] ⌛ expLLL: training done, waiting for B8 evals before starting eval...
[06:19:02] ⌛ expMMM: training done, waiting for B8 evals before starting eval...
[06:21:02] ⏳ Waiting for Batch 8 evals (expGGG, expHHH)...
[06:21:02] ⌛ expIII: training done, waiting for B8 evals before starting eval...
[06:21:02] ⌛ expJJJ: training done, waiting for B8 evals before starting eval...
[06:21:02] ⌛ expKKK: training done, waiting for B8 evals before starting eval...
[06:21:02] ⌛ expLLL: training done, waiting for B8 evals before starting eval...
[06:21:02] ⌛ expMMM: training done, waiting for B8 evals before starting eval...
[06:23:02] ⏳ Waiting for Batch 8 evals (expGGG, expHHH)...
[06:23:02] ⌛ expIII: training done, waiting for B8 evals before starting eval...
[06:23:02] ⌛ expJJJ: training done, waiting for B8 evals before starting eval...
[06:23:02] ⌛ expKKK: training done, waiting for B8 evals before starting eval...
[06:23:02] ⌛ expLLL: training done, waiting for B8 evals before starting eval...
[06:23:02] ⌛ expMMM: training done, waiting for B8 evals before starting eval...
[06:25:02] ⏳ Waiting for Batch 8 evals (expGGG, expHHH)...
[06:25:02] ⌛ expIII: training done, waiting for B8 evals before starting eval...
[06:25:02] ⌛ expJJJ: training done, waiting for B8 evals before starting eval...
[06:25:02] ⌛ expKKK: training done, waiting for B8 evals before starting eval...
[06:25:02] ⌛ expLLL: training done, waiting for B8 evals before starting eval...
[06:25:02] ⌛ expMMM: training done, waiting for B8 evals before starting eval...
[06:27:02] ⏳ Waiting for Batch 8 evals (expGGG, expHHH)...
[06:27:02] ⌛ expIII: training done, waiting for B8 evals before starting eval...
[06:27:02] ⌛ expJJJ: training done, waiting for B8 evals before starting eval...
[06:27:02] ⌛ expKKK: training done, waiting for B8 evals before starting eval...
[06:27:02] ⌛ expLLL: training done, waiting for B8 evals before starting eval...
[06:27:02] ⌛ expMMM: training done, waiting for B8 evals before starting eval...
[06:29:02] ⏳ Waiting for Batch 8 evals (expGGG, expHHH)...
[06:29:02] ⌛ expIII: training done, waiting for B8 evals before starting eval...
[06:29:02] ⌛ expJJJ: training done, waiting for B8 evals before starting eval...
[06:29:02] ⌛ expKKK: training done, waiting for B8 evals before starting eval...
[06:29:02] ⌛ expLLL: training done, waiting for B8 evals before starting eval...
[06:29:02] ⌛ expMMM: training done, waiting for B8 evals before starting eval...
[06:31:03] ⏳ Waiting for Batch 8 evals (expGGG, expHHH)...
[06:31:03] ⌛ expIII: training done, waiting for B8 evals before starting eval...
[06:31:03] ⌛ expJJJ: training done, waiting for B8 evals before starting eval...
[06:31:03] ⌛ expKKK: training done, waiting for B8 evals before starting eval...
[06:31:03] ⌛ expLLL: training done, waiting for B8 evals before starting eval...
[06:31:03] ⌛ expMMM: training done, waiting for B8 evals before starting eval...
[06:33:03] ⏳ Waiting for Batch 8 evals (expGGG, expHHH)...
[06:33:03] ⌛ expIII: training done, waiting for B8 evals before starting eval...
[06:33:03] ⌛ expJJJ: training done, waiting for B8 evals before starting eval...
[06:33:03] ⌛ expKKK: training done, waiting for B8 evals before starting eval...
[06:33:03] ⌛ expLLL: training done, waiting for B8 evals before starting eval...
[06:33:03] ⌛ expMMM: training done, waiting for B8 evals before starting eval...
[06:35:03] ⏳ Waiting for Batch 8 evals (expGGG, expHHH)...
[06:35:03] ⌛ expIII: training done, waiting for B8 evals before starting eval...
[06:35:03] ⌛ expJJJ: training done, waiting for B8 evals before starting eval...
[06:35:03] ⌛ expKKK: training done, waiting for B8 evals before starting eval...
[06:35:03] ⌛ expLLL: training done, waiting for B8 evals before starting eval...
[06:35:03] ⌛ expMMM: training done, waiting for B8 evals before starting eval...
[06:37:03] ⏳ Waiting for Batch 8 evals (expGGG, expHHH)...
[06:37:03] ⌛ expIII: training done, waiting for B8 evals before starting eval...
[06:37:03] ⌛ expJJJ: training done, waiting for B8 evals before starting eval...
[06:37:03] ⌛ expKKK: training done, waiting for B8 evals before starting eval...
[06:37:03] ⌛ expLLL: training done, waiting for B8 evals before starting eval...
[06:37:03] ⌛ expMMM: training done, waiting for B8 evals before starting eval...
[06:39:03] ⏳ Waiting for Batch 8 evals (expGGG, expHHH)...
[06:39:03] ⌛ expIII: training done, waiting for B8 evals before starting eval...
[06:39:03] ⌛ expJJJ: training done, waiting for B8 evals before starting eval...
[06:39:03] ⌛ expKKK: training done, waiting for B8 evals before starting eval...
[06:39:03] ⌛ expLLL: training done, waiting for B8 evals before starting eval...
[06:39:03] ⌛ expMMM: training done, waiting for B8 evals before starting eval...
[06:41:03] ⏳ Waiting for Batch 8 evals (expGGG, expHHH)...
[06:41:03] ⌛ expIII: training done, waiting for B8 evals before starting eval...
[06:41:03] ⌛ expJJJ: training done, waiting for B8 evals before starting eval...
[06:41:03] ⌛ expKKK: training done, waiting for B8 evals before starting eval...
[06:41:03] ⌛ expLLL: training done, waiting for B8 evals before starting eval...
[06:41:03] ⌛ expMMM: training done, waiting for B8 evals before starting eval...
[06:43:03] ✅ expIII: training complete, starting eval (GPU 5)...
[06:43:03] 📊 expIII: eval started PID=244955
[06:43:03] ✅ expJJJ: training complete, starting eval (GPU 6)...
[06:43:03] 📊 expJJJ: eval started PID=244956
[06:43:03] ✅ expKKK: training complete, starting eval (GPU 2)...
[06:43:03] 📊 expKKK: eval started PID=244961
[06:43:03] ✅ expLLL: training complete, starting eval (GPU 3)...
[06:43:04] 📊 expLLL: eval started PID=244969
[06:43:04] ✅ expMMM: training complete, starting eval (GPU 4)...
[06:43:04] 📊 expMMM: eval started PID=244973
[08:23:10] 🎯 expLLL: F1=0.36
[09:21:14] 🎯 expJJJ: F1=0.394
[09:53:16] 🎯 expKKK: F1=0.364
[09:55:16] 🎯 expMMM: F1=0.392
[10:01:16] 🎯 expIII: F1=0.354
[10:01:16] ✅ All Batch 9 experiments complete!
[10:01:16] Monitor exiting.
